2024-11-21 16:10:40,376 - INFO - Logger configured. Record to mine sites relevant to keywords semantic space.
2024-11-21 16:10:40,376 - INFO - ./data_container/24_11_21_15_25_48/24-25_cx_s_su796.htm.csv created.
2024-11-21 16:10:40,404 - INFO - Visiting: http://www.drps.ed.ac.uk/24-25/dpt/cx_sb_clps.htm
2024-11-21 16:10:40,470 - INFO - Visiting: http://www.drps.ed.ac.uk/24-25/dpt/cxclps10001.htm
2024-11-21 16:10:43,919 - INFO - 1 instances updated to ./data_container/24_11_21_15_25_48/24-25_cx_s_su796.htm.csv.
2024-11-21 16:10:43,947 - INFO - Visiting: http://www.drps.ed.ac.uk/24-25/dpt/cxclps11061.htm
2024-11-21 16:10:48,526 - INFO - 1 instances updated to ./data_container/24_11_21_15_25_48/24-25_cx_s_su796.htm.csv.
2024-11-21 16:10:48,559 - INFO - Visiting: http://www.drps.ed.ac.uk/24-25/dpt/cxclps11097.htm
2024-11-21 16:10:53,489 - INFO - 1 instances updated to ./data_container/24_11_21_15_25_48/24-25_cx_s_su796.htm.csv.
2024-11-21 16:10:53,523 - INFO - Visiting: http://www.drps.ed.ac.uk/24-25/dpt/cxclps11105.htm
2024-11-21 16:10:59,019 - INFO - 1 instances updated to ./data_container/24_11_21_15_25_48/24-25_cx_s_su796.htm.csv.
2024-11-21 16:10:59,053 - INFO - Visiting: http://www.drps.ed.ac.uk/24-25/dpt/cxclps11037.htm
2024-11-21 16:11:02,635 - INFO - 1 instances updated to ./data_container/24_11_21_15_25_48/24-25_cx_s_su796.htm.csv.
2024-11-21 16:11:02,664 - INFO - Visiting: http://www.drps.ed.ac.uk/24-25/dpt/cxclps11068.htm
2024-11-21 16:11:06,548 - INFO - 1 instances updated to ./data_container/24_11_21_15_25_48/24-25_cx_s_su796.htm.csv.
2024-11-21 16:11:06,576 - INFO - Visiting: http://www.drps.ed.ac.uk/24-25/dpt/cxclps11041.htm
2024-11-21 16:11:09,980 - INFO - 1 instances updated to ./data_container/24_11_21_15_25_48/24-25_cx_s_su796.htm.csv.
2024-11-21 16:11:10,013 - INFO - Visiting: http://www.drps.ed.ac.uk/24-25/dpt/cxclps11086.htm
2024-11-21 16:11:14,327 - INFO - 1 instances updated to ./data_container/24_11_21_15_25_48/24-25_cx_s_su796.htm.csv.
2024-11-21 16:11:14,369 - INFO - Visiting: http://www.drps.ed.ac.uk/24-25/dpt/cxclps11012.htm
2024-11-21 16:11:18,665 - INFO - 1 instances updated to ./data_container/24_11_21_15_25_48/24-25_cx_s_su796.htm.csv.
2024-11-21 16:11:18,711 - INFO - Visiting: http://www.drps.ed.ac.uk/24-25/dpt/cxclps11079.htm
2024-11-21 16:11:24,139 - INFO - 1 instances updated to ./data_container/24_11_21_15_25_48/24-25_cx_s_su796.htm.csv.
2024-11-21 16:11:24,179 - INFO - Visiting: http://www.drps.ed.ac.uk/24-25/dpt/cxclps11065.htm
2024-11-21 16:11:28,350 - INFO - 1 instances updated to ./data_container/24_11_21_15_25_48/24-25_cx_s_su796.htm.csv.
2024-11-21 16:11:28,378 - INFO - Visiting: http://www.drps.ed.ac.uk/24-25/dpt/cxclps11083.htm
2024-11-21 16:11:32,436 - INFO - 1 instances updated to ./data_container/24_11_21_15_25_48/24-25_cx_s_su796.htm.csv.
2024-11-21 16:11:32,467 - INFO - Visiting: http://www.drps.ed.ac.uk/24-25/dpt/cxclps11082.htm
2024-11-21 16:11:36,338 - INFO - 1 instances updated to ./data_container/24_11_21_15_25_48/24-25_cx_s_su796.htm.csv.
2024-11-21 16:11:36,369 - INFO - Visiting: http://www.drps.ed.ac.uk/24-25/dpt/cxclps11089.htm
2024-11-21 16:11:40,552 - INFO - 1 instances updated to ./data_container/24_11_21_15_25_48/24-25_cx_s_su796.htm.csv.
2024-11-21 16:11:40,581 - INFO - Visiting: http://www.drps.ed.ac.uk/24-25/dpt/cxclps11070.htm
2024-11-21 16:11:45,922 - INFO - 1 instances updated to ./data_container/24_11_21_15_25_48/24-25_cx_s_su796.htm.csv.
2024-11-21 16:11:45,950 - INFO - Visiting: http://www.drps.ed.ac.uk/24-25/dpt/cxclps11081.htm
2024-11-21 16:11:49,980 - INFO - 1 instances updated to ./data_container/24_11_21_15_25_48/24-25_cx_s_su796.htm.csv.
2024-11-21 16:11:50,009 - INFO - Visiting: http://www.drps.ed.ac.uk/24-25/dpt/cxclps11088.htm
2024-11-21 16:11:53,945 - INFO - 1 instances updated to ./data_container/24_11_21_15_25_48/24-25_cx_s_su796.htm.csv.
2024-11-21 16:11:53,976 - INFO - Visiting: http://www.drps.ed.ac.uk/24-25/dpt/cxclps11002.htm
2024-11-21 16:11:58,269 - INFO - 1 instances updated to ./data_container/24_11_21_15_25_48/24-25_cx_s_su796.htm.csv.
2024-11-21 16:11:58,298 - INFO - Visiting: http://www.drps.ed.ac.uk/24-25/dpt/cxclps11029.htm
2024-11-21 16:12:02,055 - INFO - 1 instances updated to ./data_container/24_11_21_15_25_48/24-25_cx_s_su796.htm.csv.
2024-11-21 16:12:02,090 - INFO - Visiting: http://www.drps.ed.ac.uk/24-25/dpt/cxclps11092.htm
2024-11-21 16:12:06,435 - INFO - 1 instances updated to ./data_container/24_11_21_15_25_48/24-25_cx_s_su796.htm.csv.
2024-11-21 16:12:06,604 - INFO - Visiting: http://www.drps.ed.ac.uk/24-25/dpt/cxclps11071.htm
2024-11-21 16:12:10,450 - INFO - 1 instances updated to ./data_container/24_11_21_15_25_48/24-25_cx_s_su796.htm.csv.
2024-11-21 16:12:11,398 - INFO - Visiting: http://www.drps.ed.ac.uk/24-25/dpt/cxclps11060.htm
2024-11-21 16:12:15,279 - INFO - 1 instances updated to ./data_container/24_11_21_15_25_48/24-25_cx_s_su796.htm.csv.
2024-11-21 16:12:15,308 - INFO - Visiting: http://www.drps.ed.ac.uk/24-25/dpt/cxclps11052.htm
2024-11-21 16:12:19,073 - INFO - 1 instances updated to ./data_container/24_11_21_15_25_48/24-25_cx_s_su796.htm.csv.
2024-11-21 16:12:19,101 - INFO - Visiting: http://www.drps.ed.ac.uk/24-25/dpt/cxclps11087.htm
2024-11-21 16:12:23,334 - INFO - 1 instances updated to ./data_container/24_11_21_15_25_48/24-25_cx_s_su796.htm.csv.
2024-11-21 16:12:23,363 - INFO - Visiting: http://www.drps.ed.ac.uk/24-25/dpt/cxclps11053.htm
2024-11-21 16:12:27,601 - INFO - 1 instances updated to ./data_container/24_11_21_15_25_48/24-25_cx_s_su796.htm.csv.
2024-11-21 16:12:27,636 - INFO - Visiting: http://www.drps.ed.ac.uk/24-25/dpt/cxclps11044.htm
2024-11-21 16:12:31,075 - INFO - 1 instances updated to ./data_container/24_11_21_15_25_48/24-25_cx_s_su796.htm.csv.
2024-11-21 16:12:31,103 - INFO - Visiting: http://www.drps.ed.ac.uk/24-25/dpt/cxclps11054.htm
2024-11-21 16:12:34,321 - INFO - 1 instances updated to ./data_container/24_11_21_15_25_48/24-25_cx_s_su796.htm.csv.
2024-11-21 16:12:34,357 - INFO - Visiting: http://www.drps.ed.ac.uk/24-25/dpt/cxclps11048.htm
2024-11-21 16:12:37,447 - INFO - 1 instances updated to ./data_container/24_11_21_15_25_48/24-25_cx_s_su796.htm.csv.
2024-11-21 16:12:37,478 - INFO - Visiting: http://www.drps.ed.ac.uk/24-25/dpt/cxclps11103.htm
2024-11-21 16:12:40,551 - INFO - 1 instances updated to ./data_container/24_11_21_15_25_48/24-25_cx_s_su796.htm.csv.
2024-11-21 16:12:40,578 - INFO - Visiting: http://www.drps.ed.ac.uk/24-25/dpt/cxclps11049.htm
2024-11-21 16:12:44,618 - INFO - 1 instances updated to ./data_container/24_11_21_15_25_48/24-25_cx_s_su796.htm.csv.
2024-11-21 16:12:44,648 - INFO - Visiting: http://www.drps.ed.ac.uk/24-25/dpt/cxclps11077.htm
2024-11-21 16:12:48,171 - INFO - 1 instances updated to ./data_container/24_11_21_15_25_48/24-25_cx_s_su796.htm.csv.
2024-11-21 16:12:48,197 - INFO - Visiting: http://www.drps.ed.ac.uk/24-25/dpt/cxclps11078.htm
2024-11-21 16:12:51,989 - INFO - 1 instances updated to ./data_container/24_11_21_15_25_48/24-25_cx_s_su796.htm.csv.
2024-11-21 16:12:52,074 - INFO - Visiting: http://www.drps.ed.ac.uk/24-25/dpt/cxclps11076.htm
2024-11-21 16:12:55,610 - INFO - 1 instances updated to ./data_container/24_11_21_15_25_48/24-25_cx_s_su796.htm.csv.
2024-11-21 16:12:55,637 - INFO - Visiting: http://www.drps.ed.ac.uk/24-25/dpt/cxclps11030.htm
2024-11-21 16:12:58,771 - INFO - 1 instances updated to ./data_container/24_11_21_15_25_48/24-25_cx_s_su796.htm.csv.
2024-11-21 16:12:58,800 - INFO - Visiting: http://www.drps.ed.ac.uk/24-25/dpt/cxclps11072.htm
2024-11-21 16:13:02,240 - INFO - 1 instances updated to ./data_container/24_11_21_15_25_48/24-25_cx_s_su796.htm.csv.
2024-11-21 16:13:02,257 - INFO - Visiting: http://www.drps.ed.ac.uk/24-25/dpt/cxclps11104.htm
2024-11-21 16:13:06,559 - INFO - 1 instances updated to ./data_container/24_11_21_15_25_48/24-25_cx_s_su796.htm.csv.
2024-11-21 16:13:06,587 - INFO - Visiting: http://www.drps.ed.ac.uk/24-25/dpt/cxclps11009.htm
2024-11-21 16:13:10,085 - INFO - 1 instances updated to ./data_container/24_11_21_15_25_48/24-25_cx_s_su796.htm.csv.
2024-11-21 16:13:10,115 - INFO - Visiting: http://www.drps.ed.ac.uk/24-25/dpt/cxclps11039.htm
2024-11-21 16:13:13,346 - INFO - 1 instances updated to ./data_container/24_11_21_15_25_48/24-25_cx_s_su796.htm.csv.
2024-11-21 16:13:13,383 - INFO - Visiting: http://www.drps.ed.ac.uk/24-25/dpt/cxclps11050.htm
2024-11-21 16:13:16,632 - INFO - 1 instances updated to ./data_container/24_11_21_15_25_48/24-25_cx_s_su796.htm.csv.
2024-11-21 16:13:16,664 - INFO - Visiting: http://www.drps.ed.ac.uk/24-25/dpt/cxclps11091.htm
2024-11-21 16:13:20,463 - INFO - 1 instances updated to ./data_container/24_11_21_15_25_48/24-25_cx_s_su796.htm.csv.
2024-11-21 16:13:20,491 - INFO - Visiting: http://www.drps.ed.ac.uk/24-25/dpt/cxclps11010.htm
2024-11-21 16:13:23,548 - INFO - 1 instances updated to ./data_container/24_11_21_15_25_48/24-25_cx_s_su796.htm.csv.
2024-11-21 16:13:23,578 - INFO - Visiting: http://www.drps.ed.ac.uk/24-25/dpt/cxclps11033.htm
2024-11-21 16:13:27,585 - INFO - 1 instances updated to ./data_container/24_11_21_15_25_48/24-25_cx_s_su796.htm.csv.
2024-11-21 16:13:27,613 - INFO - Visiting: http://www.drps.ed.ac.uk/24-25/dpt/cxclps11099.htm
2024-11-21 16:13:31,217 - INFO - 1 instances updated to ./data_container/24_11_21_15_25_48/24-25_cx_s_su796.htm.csv.
2024-11-21 16:13:31,245 - INFO - Visiting: http://www.drps.ed.ac.uk/24-25/dpt/cxclps11063.htm
2024-11-21 16:13:34,555 - INFO - 1 instances updated to ./data_container/24_11_21_15_25_48/24-25_cx_s_su796.htm.csv.
2024-11-21 16:13:34,584 - INFO - Visiting: http://www.drps.ed.ac.uk/24-25/dpt/cxclps11055.htm
2024-11-21 16:13:38,181 - INFO - 1 instances updated to ./data_container/24_11_21_15_25_48/24-25_cx_s_su796.htm.csv.
2024-11-21 16:13:38,215 - INFO - Visiting: http://www.drps.ed.ac.uk/24-25/dpt/cxclps11073.htm
2024-11-21 16:13:41,722 - INFO - 1 instances updated to ./data_container/24_11_21_15_25_48/24-25_cx_s_su796.htm.csv.
2024-11-21 16:13:41,750 - INFO - Visiting: http://www.drps.ed.ac.uk/24-25/dpt/cxclps11084.htm
2024-11-21 16:13:45,607 - INFO - 1 instances updated to ./data_container/24_11_21_15_25_48/24-25_cx_s_su796.htm.csv.
2024-11-21 16:13:45,640 - INFO - Visiting: http://www.drps.ed.ac.uk/24-25/dpt/cxclps11064.htm
2024-11-21 16:13:49,501 - INFO - 1 instances updated to ./data_container/24_11_21_15_25_48/24-25_cx_s_su796.htm.csv.
2024-11-21 16:13:49,529 - INFO - Visiting: http://www.drps.ed.ac.uk/24-25/dpt/cxclps11094.htm
2024-11-21 16:13:53,528 - INFO - 1 instances updated to ./data_container/24_11_21_15_25_48/24-25_cx_s_su796.htm.csv.
2024-11-21 16:13:53,559 - INFO - Visiting: http://www.drps.ed.ac.uk/24-25/dpt/cxclps11058.htm
2024-11-21 16:13:56,693 - INFO - 1 instances updated to ./data_container/24_11_21_15_25_48/24-25_cx_s_su796.htm.csv.
2024-11-21 16:13:56,721 - INFO - Visiting: http://www.drps.ed.ac.uk/24-25/dpt/cxclps11047.htm
2024-11-21 16:14:01,552 - INFO - 1 instances updated to ./data_container/24_11_21_15_25_48/24-25_cx_s_su796.htm.csv.
2024-11-21 16:14:01,585 - INFO - Visiting: http://www.drps.ed.ac.uk/24-25/dpt/cxclps11085.htm
2024-11-21 16:14:05,667 - INFO - 1 instances updated to ./data_container/24_11_21_15_25_48/24-25_cx_s_su796.htm.csv.
2024-11-21 16:14:08,890 - INFO - Visiting: http://www.drps.ed.ac.uk/24-25/dpt/cxclps11100.htm
2024-11-21 16:14:12,712 - INFO - 1 instances updated to ./data_container/24_11_21_15_25_48/24-25_cx_s_su796.htm.csv.
2024-11-21 16:14:12,774 - INFO - Visiting: http://www.drps.ed.ac.uk/24-25/dpt/cxclps11042.htm
2024-11-21 16:14:16,421 - INFO - 1 instances updated to ./data_container/24_11_21_15_25_48/24-25_cx_s_su796.htm.csv.
2024-11-21 16:14:16,450 - INFO - Visiting: http://www.drps.ed.ac.uk/24-25/dpt/cxclps11013.htm
2024-11-21 16:14:20,985 - INFO - 1 instances updated to ./data_container/24_11_21_15_25_48/24-25_cx_s_su796.htm.csv.
2024-11-21 16:14:21,015 - INFO - Visiting: http://www.drps.ed.ac.uk/24-25/dpt/cxclps11006.htm
2024-11-21 16:14:24,873 - INFO - 1 instances updated to ./data_container/24_11_21_15_25_48/24-25_cx_s_su796.htm.csv.
2024-11-21 16:14:24,903 - INFO - Visiting: http://www.drps.ed.ac.uk/24-25/dpt/cxclps11062.htm
2024-11-21 16:14:28,670 - INFO - 1 instances updated to ./data_container/24_11_21_15_25_48/24-25_cx_s_su796.htm.csv.
2024-11-21 16:14:28,698 - INFO - Visiting: http://www.drps.ed.ac.uk/24-25/dpt/cxclps11014.htm
2024-11-21 16:14:31,846 - INFO - 1 instances updated to ./data_container/24_11_21_15_25_48/24-25_cx_s_su796.htm.csv.
2024-11-21 16:14:31,877 - INFO - Visiting: http://www.drps.ed.ac.uk/24-25/dpt/cxclps11090.htm
2024-11-21 16:14:36,429 - INFO - 1 instances updated to ./data_container/24_11_21_15_25_48/24-25_cx_s_su796.htm.csv.
2024-11-21 16:14:36,466 - INFO - Visiting: http://www.drps.ed.ac.uk/24-25/dpt/cxclps11056.htm
2024-11-21 16:14:40,090 - INFO - 1 instances updated to ./data_container/24_11_21_15_25_48/24-25_cx_s_su796.htm.csv.
2024-11-21 16:14:40,118 - INFO - Visiting: http://www.drps.ed.ac.uk/24-25/dpt/cxclps11095.htm
2024-11-21 16:14:44,918 - INFO - 1 instances updated to ./data_container/24_11_21_15_25_48/24-25_cx_s_su796.htm.csv.
2024-11-21 16:14:44,945 - INFO - Visiting: http://www.drps.ed.ac.uk/24-25/dpt/cxclps11066.htm
2024-11-21 16:14:49,216 - INFO - 1 instances updated to ./data_container/24_11_21_15_25_48/24-25_cx_s_su796.htm.csv.
2024-11-21 16:14:49,246 - INFO - Visiting: http://www.drps.ed.ac.uk/24-25/dpt/cxclps11067.htm
2024-11-21 16:14:52,513 - INFO - 1 instances updated to ./data_container/24_11_21_15_25_48/24-25_cx_s_su796.htm.csv.
2024-11-21 16:14:52,543 - INFO - Visiting: http://www.drps.ed.ac.uk/24-25/dpt/cxclps11046.htm
2024-11-21 16:14:56,516 - INFO - 1 instances updated to ./data_container/24_11_21_15_25_48/24-25_cx_s_su796.htm.csv.
2024-11-21 16:14:56,544 - INFO - Visiting: http://www.drps.ed.ac.uk/24-25/dpt/cxclps11101.htm
2024-11-21 16:15:00,293 - INFO - 1 instances updated to ./data_container/24_11_21_15_25_48/24-25_cx_s_su796.htm.csv.
2024-11-21 16:15:00,326 - INFO - Visiting: http://www.drps.ed.ac.uk/24-25/dpt/cxclps11057.htm
2024-11-21 16:15:03,976 - INFO - 1 instances updated to ./data_container/24_11_21_15_25_48/24-25_cx_s_su796.htm.csv.
2024-11-21 16:15:04,016 - INFO - Visiting: http://www.drps.ed.ac.uk/24-25/dpt/cxclps11096.htm
2024-11-21 16:15:07,899 - INFO - 1 instances updated to ./data_container/24_11_21_15_25_48/24-25_cx_s_su796.htm.csv.
2024-11-21 16:15:07,930 - INFO - Visiting: http://www.drps.ed.ac.uk/24-25/dpt/cxclps11045.htm
2024-11-21 16:15:11,984 - INFO - 1 instances updated to ./data_container/24_11_21_15_25_48/24-25_cx_s_su796.htm.csv.
2024-11-21 16:15:12,011 - INFO - Visiting: http://www.drps.ed.ac.uk/24-25/dpt/cxclps11102.htm
2024-11-21 16:15:19,755 - INFO - 1 instances updated to ./data_container/24_11_21_15_25_48/24-25_cx_s_su796.htm.csv.
2024-11-21 16:15:19,798 - INFO - Visiting: http://www.drps.ed.ac.uk/24-25/dpt/cxclps11080.htm
2024-11-21 16:15:23,460 - INFO - 1 instances updated to ./data_container/24_11_21_15_25_48/24-25_cx_s_su796.htm.csv.
2024-11-21 16:15:23,487 - INFO - Visiting: http://www.drps.ed.ac.uk/24-25/dpt/cxclps11093.htm
2024-11-21 16:15:27,513 - INFO - 1 instances updated to ./data_container/24_11_21_15_25_48/24-25_cx_s_su796.htm.csv.
2024-11-21 16:15:27,541 - INFO - Visiting: http://www.drps.ed.ac.uk/24-25/dpt/cxclps11098.htm
2024-11-21 16:15:31,415 - INFO - 1 instances updated to ./data_container/24_11_21_15_25_48/24-25_cx_s_su796.htm.csv.
2024-11-21 16:15:31,445 - INFO - Visiting: http://www.drps.ed.ac.uk/24-25/dpt/cxclps12002.htm
2024-11-21 16:15:36,312 - INFO - 1 instances updated to ./data_container/24_11_21_15_25_48/24-25_cx_s_su796.htm.csv.
2024-11-21 16:15:36,341 - INFO - Visiting: http://www.drps.ed.ac.uk/24-25/dpt/cxclps12009.htm
2024-11-21 16:15:40,511 - INFO - 1 instances updated to ./data_container/24_11_21_15_25_48/24-25_cx_s_su796.htm.csv.
2024-11-21 16:15:40,542 - INFO - Visiting: http://www.drps.ed.ac.uk/24-25/dpt/cxclps12034.htm
2024-11-21 16:15:44,211 - INFO - 1 instances updated to ./data_container/24_11_21_15_25_48/24-25_cx_s_su796.htm.csv.
2024-11-21 16:15:44,245 - INFO - Visiting: http://www.drps.ed.ac.uk/24-25/dpt/cxclps12035.htm
2024-11-21 16:15:47,898 - INFO - 1 instances updated to ./data_container/24_11_21_15_25_48/24-25_cx_s_su796.htm.csv.
2024-11-21 16:15:47,926 - INFO - Visiting: http://www.drps.ed.ac.uk/24-25/dpt/cxclps12038.htm
2024-11-21 16:15:51,834 - INFO - 1 instances updated to ./data_container/24_11_21_15_25_48/24-25_cx_s_su796.htm.csv.
2024-11-21 16:15:51,869 - INFO - Visiting: http://www.drps.ed.ac.uk/24-25/dpt/cxclps12039.htm
2024-11-21 16:15:56,053 - INFO - 1 instances updated to ./data_container/24_11_21_15_25_48/24-25_cx_s_su796.htm.csv.
2024-11-21 16:15:56,084 - INFO - Visiting: http://www.drps.ed.ac.uk/24-25/dpt/cxclps12016.htm
2024-11-21 16:15:59,892 - INFO - 1 instances updated to ./data_container/24_11_21_15_25_48/24-25_cx_s_su796.htm.csv.
2024-11-21 16:15:59,922 - INFO - Visiting: http://www.drps.ed.ac.uk/24-25/dpt/cxclps12036.htm
2024-11-21 16:16:03,393 - INFO - 1 instances updated to ./data_container/24_11_21_15_25_48/24-25_cx_s_su796.htm.csv.
2024-11-21 16:16:03,779 - INFO - Visiting: http://www.drps.ed.ac.uk/24-25/dpt/cxclps12037.htm
2024-11-21 16:16:07,696 - INFO - 1 instances updated to ./data_container/24_11_21_15_25_48/24-25_cx_s_su796.htm.csv.
2024-11-21 16:16:07,728 - INFO - Visiting: http://www.drps.ed.ac.uk/24-25/dpt/cxclps12013.htm
2024-11-21 16:16:11,827 - INFO - 1 instances updated to ./data_container/24_11_21_15_25_48/24-25_cx_s_su796.htm.csv.
2024-11-21 16:16:12,365 - INFO - Visiting: http://www.drps.ed.ac.uk/24-25/dpt/cxclps12014.htm
2024-11-21 16:16:17,029 - INFO - 1 instances updated to ./data_container/24_11_21_15_25_48/24-25_cx_s_su796.htm.csv.
2024-11-21 16:16:17,030 - INFO - Mining for keywords Accessibility,Inclusive design,Disability rights,Adaptive tools is success.
2024-11-21 16:16:17,077 - INFO - Visiting: http://www.drps.ed.ac.uk/24-25/dpt/cx_sb_cnst.htm
2024-11-21 16:16:17,134 - INFO - Visiting: http://www.drps.ed.ac.uk/24-25/dpt/cxcnst08001.htm
2024-11-21 16:16:21,147 - INFO - 1 instances updated to ./data_container/24_11_21_15_25_48/24-25_cx_s_su796.htm.csv.
2024-11-21 16:16:21,177 - INFO - Visiting: http://www.drps.ed.ac.uk/24-25/dpt/cxcnst08002.htm
2024-11-21 16:16:24,669 - INFO - 1 instances updated to ./data_container/24_11_21_15_25_48/24-25_cx_s_su796.htm.csv.
2024-11-21 16:16:24,702 - INFO - Visiting: http://www.drps.ed.ac.uk/24-25/dpt/cxcnst11079.htm
2024-11-21 16:16:28,254 - INFO - 1 instances updated to ./data_container/24_11_21_15_25_48/24-25_cx_s_su796.htm.csv.
2024-11-21 16:16:28,281 - INFO - Visiting: http://www.drps.ed.ac.uk/24-25/dpt/cxcnst11061.htm
2024-11-21 16:16:33,013 - INFO - 1 instances updated to ./data_container/24_11_21_15_25_48/24-25_cx_s_su796.htm.csv.
2024-11-21 16:16:33,044 - INFO - Visiting: http://www.drps.ed.ac.uk/24-25/dpt/cxcnst11053.htm
2024-11-21 16:16:36,722 - INFO - 1 instances updated to ./data_container/24_11_21_15_25_48/24-25_cx_s_su796.htm.csv.
2024-11-21 16:16:36,751 - INFO - Visiting: http://www.drps.ed.ac.uk/24-25/dpt/cxcnst11095.htm
2024-11-21 16:16:40,610 - INFO - 1 instances updated to ./data_container/24_11_21_15_25_48/24-25_cx_s_su796.htm.csv.
2024-11-21 16:16:40,638 - INFO - Visiting: http://www.drps.ed.ac.uk/24-25/dpt/cxcnst11034.htm
2024-11-21 16:16:44,360 - INFO - 1 instances updated to ./data_container/24_11_21_15_25_48/24-25_cx_s_su796.htm.csv.
2024-11-21 16:16:44,390 - INFO - Visiting: http://www.drps.ed.ac.uk/24-25/dpt/cxcnst11090.htm
2024-11-21 16:16:48,636 - INFO - 1 instances updated to ./data_container/24_11_21_15_25_48/24-25_cx_s_su796.htm.csv.
2024-11-21 16:16:48,670 - INFO - Visiting: http://www.drps.ed.ac.uk/24-25/dpt/cxcnst11047.htm
2024-11-21 16:16:52,525 - INFO - 1 instances updated to ./data_container/24_11_21_15_25_48/24-25_cx_s_su796.htm.csv.
2024-11-21 16:16:52,553 - INFO - Visiting: http://www.drps.ed.ac.uk/24-25/dpt/cxcnst11076.htm
2024-11-21 16:16:56,175 - INFO - 1 instances updated to ./data_container/24_11_21_15_25_48/24-25_cx_s_su796.htm.csv.
2024-11-21 16:16:56,211 - INFO - Visiting: http://www.drps.ed.ac.uk/24-25/dpt/cxcnst11075.htm
2024-11-21 16:16:59,952 - INFO - 1 instances updated to ./data_container/24_11_21_15_25_48/24-25_cx_s_su796.htm.csv.
2024-11-21 16:16:59,984 - INFO - Visiting: http://www.drps.ed.ac.uk/24-25/dpt/cxcnst11097.htm
2024-11-21 16:17:04,765 - INFO - 1 instances updated to ./data_container/24_11_21_15_25_48/24-25_cx_s_su796.htm.csv.
2024-11-21 16:17:04,793 - INFO - Visiting: http://www.drps.ed.ac.uk/24-25/dpt/cxcnst11041.htm
2024-11-21 16:17:08,447 - INFO - 1 instances updated to ./data_container/24_11_21_15_25_48/24-25_cx_s_su796.htm.csv.
2024-11-21 16:17:08,473 - INFO - Visiting: http://www.drps.ed.ac.uk/24-25/dpt/cxcnst11068.htm
2024-11-21 16:17:12,210 - INFO - 1 instances updated to ./data_container/24_11_21_15_25_48/24-25_cx_s_su796.htm.csv.
2024-11-21 16:17:12,238 - INFO - Visiting: http://www.drps.ed.ac.uk/24-25/dpt/cxcnst11088.htm
2024-11-21 16:17:16,476 - INFO - 1 instances updated to ./data_container/24_11_21_15_25_48/24-25_cx_s_su796.htm.csv.
2024-11-21 16:17:16,506 - INFO - Visiting: http://www.drps.ed.ac.uk/24-25/dpt/cxcnst11089.htm
2024-11-21 16:17:20,571 - INFO - 1 instances updated to ./data_container/24_11_21_15_25_48/24-25_cx_s_su796.htm.csv.
2024-11-21 16:17:20,599 - INFO - Visiting: http://www.drps.ed.ac.uk/24-25/dpt/cxcnst11080.htm
2024-11-21 16:17:23,823 - INFO - 1 instances updated to ./data_container/24_11_21_15_25_48/24-25_cx_s_su796.htm.csv.
2024-11-21 16:17:23,851 - INFO - Visiting: http://www.drps.ed.ac.uk/24-25/dpt/cxcnst11086.htm
2024-11-21 16:17:28,117 - INFO - 1 instances updated to ./data_container/24_11_21_15_25_48/24-25_cx_s_su796.htm.csv.
2024-11-21 16:17:28,145 - INFO - Visiting: http://www.drps.ed.ac.uk/24-25/dpt/cxcnst11081.htm
2024-11-21 16:17:32,546 - INFO - 1 instances updated to ./data_container/24_11_21_15_25_48/24-25_cx_s_su796.htm.csv.
2024-11-21 16:17:32,577 - INFO - Visiting: http://www.drps.ed.ac.uk/24-25/dpt/cxcnst11012.htm
2024-11-21 16:17:36,239 - INFO - 1 instances updated to ./data_container/24_11_21_15_25_48/24-25_cx_s_su796.htm.csv.
2024-11-21 16:17:36,267 - INFO - Visiting: http://www.drps.ed.ac.uk/24-25/dpt/cxcnst11043.htm
2024-11-21 16:17:39,768 - INFO - 1 instances updated to ./data_container/24_11_21_15_25_48/24-25_cx_s_su796.htm.csv.
2024-11-21 16:17:40,559 - INFO - Visiting: http://www.drps.ed.ac.uk/24-25/dpt/cxcnst11077.htm
2024-11-21 16:17:43,505 - INFO - 1 instances updated to ./data_container/24_11_21_15_25_48/24-25_cx_s_su796.htm.csv.
2024-11-21 16:17:43,524 - INFO - Visiting: http://www.drps.ed.ac.uk/24-25/dpt/cxcnst11087.htm
2024-11-21 16:17:47,596 - INFO - 1 instances updated to ./data_container/24_11_21_15_25_48/24-25_cx_s_su796.htm.csv.
2024-11-21 16:17:47,609 - INFO - Visiting: http://www.drps.ed.ac.uk/24-25/dpt/cxcnst11084.htm
2024-11-21 16:17:51,331 - INFO - 1 instances updated to ./data_container/24_11_21_15_25_48/24-25_cx_s_su796.htm.csv.
2024-11-21 16:17:51,358 - INFO - Visiting: http://www.drps.ed.ac.uk/24-25/dpt/cxcnst11046.htm
2024-11-21 16:17:55,043 - INFO - 1 instances updated to ./data_container/24_11_21_15_25_48/24-25_cx_s_su796.htm.csv.
2024-11-21 16:17:55,070 - INFO - Visiting: http://www.drps.ed.ac.uk/24-25/dpt/cxcnst11014.htm
2024-11-21 16:17:58,509 - INFO - 1 instances updated to ./data_container/24_11_21_15_25_48/24-25_cx_s_su796.htm.csv.
2024-11-21 16:17:58,541 - INFO - Visiting: http://www.drps.ed.ac.uk/24-25/dpt/cxcnst11091.htm
2024-11-21 16:18:02,207 - INFO - 1 instances updated to ./data_container/24_11_21_15_25_48/24-25_cx_s_su796.htm.csv.
2024-11-21 16:18:02,235 - INFO - Visiting: http://www.drps.ed.ac.uk/24-25/dpt/cxcnst11062.htm
2024-11-21 16:18:05,443 - INFO - 1 instances updated to ./data_container/24_11_21_15_25_48/24-25_cx_s_su796.htm.csv.
2024-11-21 16:18:10,887 - INFO - Visiting: http://www.drps.ed.ac.uk/24-25/dpt/cxcnst11096.htm
2024-11-21 16:18:15,852 - INFO - 1 instances updated to ./data_container/24_11_21_15_25_48/24-25_cx_s_su796.htm.csv.
2024-11-21 16:18:15,882 - INFO - Visiting: http://www.drps.ed.ac.uk/24-25/dpt/cxcnst11093.htm
2024-11-21 16:18:19,092 - INFO - 1 instances updated to ./data_container/24_11_21_15_25_48/24-25_cx_s_su796.htm.csv.
2024-11-21 16:18:19,118 - INFO - Visiting: http://www.drps.ed.ac.uk/24-25/dpt/cxcnst11094.htm
2024-11-21 16:18:23,226 - INFO - 1 instances updated to ./data_container/24_11_21_15_25_48/24-25_cx_s_su796.htm.csv.
2024-11-21 16:18:23,254 - INFO - Visiting: http://www.drps.ed.ac.uk/24-25/dpt/cxcnst11085.htm
2024-11-21 16:18:26,598 - INFO - 1 instances updated to ./data_container/24_11_21_15_25_48/24-25_cx_s_su796.htm.csv.
2024-11-21 16:18:26,853 - INFO - Visiting: http://www.drps.ed.ac.uk/24-25/dpt/cxcnst11051.htm
2024-11-21 16:18:31,057 - INFO - 1 instances updated to ./data_container/24_11_21_15_25_48/24-25_cx_s_su796.htm.csv.
2024-11-21 16:18:31,085 - INFO - Visiting: http://www.drps.ed.ac.uk/24-25/dpt/cxcnst11082.htm
2024-11-21 16:18:35,159 - INFO - 1 instances updated to ./data_container/24_11_21_15_25_48/24-25_cx_s_su796.htm.csv.
2024-11-21 16:18:35,188 - INFO - Visiting: http://www.drps.ed.ac.uk/24-25/dpt/cxcnst11040.htm
2024-11-21 16:18:38,540 - INFO - 1 instances updated to ./data_container/24_11_21_15_25_48/24-25_cx_s_su796.htm.csv.
2024-11-21 16:18:38,569 - INFO - Visiting: http://www.drps.ed.ac.uk/24-25/dpt/cxcnst11042.htm
2024-11-21 16:18:42,412 - INFO - 1 instances updated to ./data_container/24_11_21_15_25_48/24-25_cx_s_su796.htm.csv.
2024-11-21 16:18:42,450 - INFO - Visiting: http://www.drps.ed.ac.uk/24-25/dpt/cxcnst12007.htm
2024-11-21 16:18:45,586 - INFO - 1 instances updated to ./data_container/24_11_21_15_25_48/24-25_cx_s_su796.htm.csv.
2024-11-21 16:18:45,630 - INFO - Visiting: http://www.drps.ed.ac.uk/24-25/dpt/cxcnst12013.htm
2024-11-21 16:18:48,685 - INFO - 1 instances updated to ./data_container/24_11_21_15_25_48/24-25_cx_s_su796.htm.csv.
2024-11-21 16:18:48,718 - INFO - Visiting: http://www.drps.ed.ac.uk/24-25/dpt/cxcnst12018.htm
2024-11-21 16:18:52,736 - INFO - 1 instances updated to ./data_container/24_11_21_15_25_48/24-25_cx_s_su796.htm.csv.
2024-11-21 16:18:52,764 - INFO - Visiting: http://www.drps.ed.ac.uk/24-25/dpt/cxcnst12021.htm
2024-11-21 16:18:56,692 - INFO - 1 instances updated to ./data_container/24_11_21_15_25_48/24-25_cx_s_su796.htm.csv.
2024-11-21 16:18:56,720 - INFO - Visiting: http://www.drps.ed.ac.uk/24-25/dpt/cxcnst12023.htm
2024-11-21 16:19:01,050 - INFO - 1 instances updated to ./data_container/24_11_21_15_25_48/24-25_cx_s_su796.htm.csv.
2024-11-21 16:19:01,079 - INFO - Visiting: http://www.drps.ed.ac.uk/24-25/dpt/cxcnst12017.htm
2024-11-21 16:19:04,876 - INFO - 1 instances updated to ./data_container/24_11_21_15_25_48/24-25_cx_s_su796.htm.csv.
2024-11-21 16:19:04,905 - INFO - Visiting: http://www.drps.ed.ac.uk/24-25/dpt/cxcnst12016.htm
2024-11-21 16:19:08,876 - INFO - 1 instances updated to ./data_container/24_11_21_15_25_48/24-25_cx_s_su796.htm.csv.
2024-11-21 16:19:08,904 - INFO - Visiting: http://www.drps.ed.ac.uk/24-25/dpt/cxcnst12020.htm
2024-11-21 16:19:12,049 - INFO - 1 instances updated to ./data_container/24_11_21_15_25_48/24-25_cx_s_su796.htm.csv.
2024-11-21 16:19:12,089 - INFO - Visiting: http://www.drps.ed.ac.uk/24-25/dpt/cxcnst12022.htm
2024-11-21 16:19:16,777 - INFO - 1 instances updated to ./data_container/24_11_21_15_25_48/24-25_cx_s_su796.htm.csv.
2024-11-21 16:19:16,805 - INFO - Visiting: http://www.drps.ed.ac.uk/24-25/dpt/cxcnst12024.htm
2024-11-21 16:19:20,717 - INFO - 1 instances updated to ./data_container/24_11_21_15_25_48/24-25_cx_s_su796.htm.csv.
2024-11-21 16:19:20,744 - INFO - Visiting: http://www.drps.ed.ac.uk/24-25/dpt/cxcnst12019.htm
2024-11-21 16:19:24,022 - INFO - 1 instances updated to ./data_container/24_11_21_15_25_48/24-25_cx_s_su796.htm.csv.
2024-11-21 16:19:24,049 - INFO - Visiting: http://www.drps.ed.ac.uk/24-25/dpt/cxcnst12010.htm
2024-11-21 16:19:27,793 - INFO - 1 instances updated to ./data_container/24_11_21_15_25_48/24-25_cx_s_su796.htm.csv.
2024-11-21 16:19:27,820 - INFO - Visiting: http://www.drps.ed.ac.uk/24-25/dpt/cxcnst12015.htm
2024-11-21 16:19:31,680 - INFO - 1 instances updated to ./data_container/24_11_21_15_25_48/24-25_cx_s_su796.htm.csv.
2024-11-21 16:19:31,714 - INFO - Visiting: http://www.drps.ed.ac.uk/24-25/dpt/cxcnst12014.htm
2024-11-21 16:19:35,147 - INFO - 1 instances updated to ./data_container/24_11_21_15_25_48/24-25_cx_s_su796.htm.csv.
2024-11-21 16:19:35,183 - INFO - Visiting: http://www.drps.ed.ac.uk/24-25/dpt/cxcnst12012.htm
2024-11-21 16:19:38,709 - INFO - 1 instances updated to ./data_container/24_11_21_15_25_48/24-25_cx_s_su796.htm.csv.
2024-11-21 16:19:38,709 - INFO - Mining for keywords Accessibility,Inclusive design,Disability rights,Adaptive tools is success.
2024-11-21 16:19:38,749 - INFO - Visiting: http://www.drps.ed.ac.uk/24-25/dpt/cx_sb_issh.htm
2024-11-21 16:19:38,789 - INFO - Visiting: http://www.drps.ed.ac.uk/24-25/dpt/cxissh11026.htm
2024-11-21 16:19:41,846 - INFO - 1 instances updated to ./data_container/24_11_21_15_25_48/24-25_cx_s_su796.htm.csv.
2024-11-21 16:19:41,874 - INFO - Visiting: http://www.drps.ed.ac.uk/24-25/dpt/cxissh11021.htm
2024-11-21 16:19:45,702 - INFO - 1 instances updated to ./data_container/24_11_21_15_25_48/24-25_cx_s_su796.htm.csv.
2024-11-21 16:19:45,729 - INFO - Visiting: http://www.drps.ed.ac.uk/24-25/dpt/cxissh11011.htm
2024-11-21 16:19:49,687 - INFO - 1 instances updated to ./data_container/24_11_21_15_25_48/24-25_cx_s_su796.htm.csv.
2024-11-21 16:19:49,715 - INFO - Visiting: http://www.drps.ed.ac.uk/24-25/dpt/cxissh11018.htm
2024-11-21 16:19:52,858 - INFO - 1 instances updated to ./data_container/24_11_21_15_25_48/24-25_cx_s_su796.htm.csv.
2024-11-21 16:19:52,886 - INFO - Visiting: http://www.drps.ed.ac.uk/24-25/dpt/cxissh11017.htm
2024-11-21 16:19:56,673 - INFO - 1 instances updated to ./data_container/24_11_21_15_25_48/24-25_cx_s_su796.htm.csv.
2024-11-21 16:19:56,702 - INFO - Visiting: http://www.drps.ed.ac.uk/24-25/dpt/cxissh11016.htm
2024-11-21 16:20:00,371 - INFO - 1 instances updated to ./data_container/24_11_21_15_25_48/24-25_cx_s_su796.htm.csv.
2024-11-21 16:20:00,398 - INFO - Visiting: http://www.drps.ed.ac.uk/24-25/dpt/cxissh11007.htm
2024-11-21 16:20:03,458 - INFO - 1 instances updated to ./data_container/24_11_21_15_25_48/24-25_cx_s_su796.htm.csv.
2024-11-21 16:20:03,606 - INFO - Visiting: http://www.drps.ed.ac.uk/24-25/dpt/cxissh11010.htm
2024-11-21 16:20:07,036 - INFO - 1 instances updated to ./data_container/24_11_21_15_25_48/24-25_cx_s_su796.htm.csv.
2024-11-21 16:20:09,368 - INFO - Visiting: http://www.drps.ed.ac.uk/24-25/dpt/cxissh11023.htm
2024-11-21 16:20:13,264 - INFO - 1 instances updated to ./data_container/24_11_21_15_25_48/24-25_cx_s_su796.htm.csv.
2024-11-21 16:20:13,264 - INFO - Mining for keywords Accessibility,Inclusive design,Disability rights,Adaptive tools is success.
2024-11-21 16:20:13,301 - INFO - Visiting: http://www.drps.ed.ac.uk/24-25/dpt/cx_sb_nust.htm
2024-11-21 16:20:13,366 - INFO - Visiting: http://www.drps.ed.ac.uk/24-25/dpt/cxnust08026.htm
2024-11-21 16:20:16,843 - INFO - 1 instances updated to ./data_container/24_11_21_15_25_48/24-25_cx_s_su796.htm.csv.
2024-11-21 16:20:16,870 - INFO - Visiting: http://www.drps.ed.ac.uk/24-25/dpt/cxnust08024.htm
2024-11-21 16:20:21,638 - INFO - 1 instances updated to ./data_container/24_11_21_15_25_48/24-25_cx_s_su796.htm.csv.
2024-11-21 16:20:21,667 - INFO - Visiting: http://www.drps.ed.ac.uk/24-25/dpt/cxnust08025.htm
2024-11-21 16:20:26,031 - INFO - 1 instances updated to ./data_container/24_11_21_15_25_48/24-25_cx_s_su796.htm.csv.
2024-11-21 16:20:26,069 - INFO - Visiting: http://www.drps.ed.ac.uk/24-25/dpt/cxnust08022.htm
2024-11-21 16:20:30,883 - INFO - 1 instances updated to ./data_container/24_11_21_15_25_48/24-25_cx_s_su796.htm.csv.
2024-11-21 16:20:30,911 - INFO - Visiting: http://www.drps.ed.ac.uk/24-25/dpt/cxnust08023.htm
2024-11-21 16:20:34,917 - INFO - 1 instances updated to ./data_container/24_11_21_15_25_48/24-25_cx_s_su796.htm.csv.
2024-11-21 16:20:34,946 - INFO - Visiting: http://www.drps.ed.ac.uk/24-25/dpt/cxnust08027.htm
2024-11-21 16:20:38,322 - INFO - 1 instances updated to ./data_container/24_11_21_15_25_48/24-25_cx_s_su796.htm.csv.
2024-11-21 16:20:38,357 - INFO - Visiting: http://www.drps.ed.ac.uk/24-25/dpt/cxnust08019.htm
2024-11-21 16:20:42,911 - INFO - 1 instances updated to ./data_container/24_11_21_15_25_48/24-25_cx_s_su796.htm.csv.
2024-11-21 16:20:42,992 - INFO - Visiting: http://www.drps.ed.ac.uk/24-25/dpt/cxnust08020.htm
2024-11-21 16:20:46,752 - INFO - 1 instances updated to ./data_container/24_11_21_15_25_48/24-25_cx_s_su796.htm.csv.
2024-11-21 16:20:46,779 - INFO - Visiting: http://www.drps.ed.ac.uk/24-25/dpt/cxnust08021.htm
2024-11-21 16:20:49,990 - INFO - 1 instances updated to ./data_container/24_11_21_15_25_48/24-25_cx_s_su796.htm.csv.
2024-11-21 16:20:50,030 - INFO - Visiting: http://www.drps.ed.ac.uk/24-25/dpt/cxnust10035.htm
2024-11-21 16:20:53,841 - INFO - 1 instances updated to ./data_container/24_11_21_15_25_48/24-25_cx_s_su796.htm.csv.
2024-11-21 16:20:53,869 - INFO - Visiting: http://www.drps.ed.ac.uk/24-25/dpt/cxnust10062.htm
2024-11-21 16:20:58,141 - INFO - 1 instances updated to ./data_container/24_11_21_15_25_48/24-25_cx_s_su796.htm.csv.
2024-11-21 16:20:58,170 - INFO - Visiting: http://www.drps.ed.ac.uk/24-25/dpt/cxnust10022.htm
2024-11-21 16:21:01,781 - INFO - 1 instances updated to ./data_container/24_11_21_15_25_48/24-25_cx_s_su796.htm.csv.
2024-11-21 16:21:01,809 - INFO - Visiting: http://www.drps.ed.ac.uk/24-25/dpt/cxnust10033.htm
2024-11-21 16:21:05,303 - INFO - 1 instances updated to ./data_container/24_11_21_15_25_48/24-25_cx_s_su796.htm.csv.
2024-11-21 16:21:05,331 - INFO - Visiting: http://www.drps.ed.ac.uk/24-25/dpt/cxnust10005.htm
2024-11-21 16:21:09,302 - INFO - 1 instances updated to ./data_container/24_11_21_15_25_48/24-25_cx_s_su796.htm.csv.
2024-11-21 16:21:09,329 - INFO - Visiting: http://www.drps.ed.ac.uk/24-25/dpt/cxnust10057.htm
2024-11-21 16:21:13,250 - INFO - 1 instances updated to ./data_container/24_11_21_15_25_48/24-25_cx_s_su796.htm.csv.
2024-11-21 16:21:13,277 - INFO - Visiting: http://www.drps.ed.ac.uk/24-25/dpt/cxnust10002.htm
2024-11-21 16:21:16,763 - INFO - 1 instances updated to ./data_container/24_11_21_15_25_48/24-25_cx_s_su796.htm.csv.
2024-11-21 16:21:16,791 - INFO - Visiting: http://www.drps.ed.ac.uk/24-25/dpt/cxnust10050.htm
2024-11-21 16:21:21,523 - INFO - 1 instances updated to ./data_container/24_11_21_15_25_48/24-25_cx_s_su796.htm.csv.
2024-11-21 16:21:21,561 - INFO - Visiting: http://www.drps.ed.ac.uk/24-25/dpt/cxnust10044.htm
2024-11-21 16:21:24,886 - INFO - 1 instances updated to ./data_container/24_11_21_15_25_48/24-25_cx_s_su796.htm.csv.
2024-11-21 16:21:24,914 - INFO - Visiting: http://www.drps.ed.ac.uk/24-25/dpt/cxnust10036.htm
2024-11-21 16:21:28,735 - INFO - 1 instances updated to ./data_container/24_11_21_15_25_48/24-25_cx_s_su796.htm.csv.
2024-11-21 16:21:28,764 - INFO - Visiting: http://www.drps.ed.ac.uk/24-25/dpt/cxnust10055.htm
2024-11-21 16:21:32,320 - INFO - 1 instances updated to ./data_container/24_11_21_15_25_48/24-25_cx_s_su796.htm.csv.
2024-11-21 16:21:32,364 - INFO - Visiting: http://www.drps.ed.ac.uk/24-25/dpt/cxnust10059.htm
2024-11-21 16:21:36,126 - INFO - 1 instances updated to ./data_container/24_11_21_15_25_48/24-25_cx_s_su796.htm.csv.
2024-11-21 16:21:36,157 - INFO - Visiting: http://www.drps.ed.ac.uk/24-25/dpt/cxnust10045.htm
2024-11-21 16:21:39,471 - INFO - 1 instances updated to ./data_container/24_11_21_15_25_48/24-25_cx_s_su796.htm.csv.
2024-11-21 16:21:39,508 - INFO - Visiting: http://www.drps.ed.ac.uk/24-25/dpt/cxnust10051.htm
2024-11-21 16:21:44,153 - INFO - 1 instances updated to ./data_container/24_11_21_15_25_48/24-25_cx_s_su796.htm.csv.
2024-11-21 16:21:44,180 - INFO - Visiting: http://www.drps.ed.ac.uk/24-25/dpt/cxnust10008.htm
2024-11-21 16:21:48,873 - INFO - 1 instances updated to ./data_container/24_11_21_15_25_48/24-25_cx_s_su796.htm.csv.
2024-11-21 16:21:48,902 - INFO - Visiting: http://www.drps.ed.ac.uk/24-25/dpt/cxnust10061.htm
2024-11-21 16:21:53,223 - INFO - 1 instances updated to ./data_container/24_11_21_15_25_48/24-25_cx_s_su796.htm.csv.
2024-11-21 16:21:53,298 - INFO - Visiting: http://www.drps.ed.ac.uk/24-25/dpt/cxnust10046.htm
2024-11-21 16:21:57,799 - INFO - 1 instances updated to ./data_container/24_11_21_15_25_48/24-25_cx_s_su796.htm.csv.
2024-11-21 16:21:57,826 - INFO - Visiting: http://www.drps.ed.ac.uk/24-25/dpt/cxnust10053.htm
2024-11-21 16:22:01,802 - INFO - 1 instances updated to ./data_container/24_11_21_15_25_48/24-25_cx_s_su796.htm.csv.
2024-11-21 16:22:01,833 - INFO - Visiting: http://www.drps.ed.ac.uk/24-25/dpt/cxnust10054.htm
2024-11-21 16:22:06,211 - INFO - 1 instances updated to ./data_container/24_11_21_15_25_48/24-25_cx_s_su796.htm.csv.
2024-11-21 16:22:09,789 - INFO - Visiting: http://www.drps.ed.ac.uk/24-25/dpt/cxnust10043.htm
2024-11-21 16:22:13,441 - INFO - 1 instances updated to ./data_container/24_11_21_15_25_48/24-25_cx_s_su796.htm.csv.
2024-11-21 16:22:13,468 - INFO - Visiting: http://www.drps.ed.ac.uk/24-25/dpt/cxnust10060.htm
2024-11-21 16:22:17,077 - INFO - 1 instances updated to ./data_container/24_11_21_15_25_48/24-25_cx_s_su796.htm.csv.
2024-11-21 16:22:17,109 - INFO - Visiting: http://www.drps.ed.ac.uk/24-25/dpt/cxnust10052.htm
2024-11-21 16:22:21,079 - INFO - 1 instances updated to ./data_container/24_11_21_15_25_48/24-25_cx_s_su796.htm.csv.
2024-11-21 16:22:21,112 - INFO - Visiting: http://www.drps.ed.ac.uk/24-25/dpt/cxnust10058.htm
2024-11-21 16:22:24,537 - INFO - 1 instances updated to ./data_container/24_11_21_15_25_48/24-25_cx_s_su796.htm.csv.
2024-11-21 16:22:24,569 - INFO - Visiting: http://www.drps.ed.ac.uk/24-25/dpt/cxnust10030.htm
2024-11-21 16:22:27,869 - INFO - 1 instances updated to ./data_container/24_11_21_15_25_48/24-25_cx_s_su796.htm.csv.
2024-11-21 16:22:27,910 - INFO - Visiting: http://www.drps.ed.ac.uk/24-25/dpt/cxnust10056.htm
2024-11-21 16:22:31,391 - INFO - 1 instances updated to ./data_container/24_11_21_15_25_48/24-25_cx_s_su796.htm.csv.
2024-11-21 16:22:31,420 - INFO - Visiting: http://www.drps.ed.ac.uk/24-25/dpt/cxnust11099.htm
2024-11-21 16:22:35,587 - INFO - 1 instances updated to ./data_container/24_11_21_15_25_48/24-25_cx_s_su796.htm.csv.
2024-11-21 16:22:35,623 - INFO - Visiting: http://www.drps.ed.ac.uk/24-25/dpt/cxnust11121.htm
2024-11-21 16:22:40,565 - INFO - 1 instances updated to ./data_container/24_11_21_15_25_48/24-25_cx_s_su796.htm.csv.
2024-11-21 16:22:40,592 - INFO - Visiting: http://www.drps.ed.ac.uk/24-25/dpt/cxnust11116.htm
2024-11-21 16:22:45,758 - INFO - 1 instances updated to ./data_container/24_11_21_15_25_48/24-25_cx_s_su796.htm.csv.
2024-11-21 16:22:45,823 - INFO - Visiting: http://www.drps.ed.ac.uk/24-25/dpt/cxnust11131.htm
2024-11-21 16:22:49,170 - INFO - 1 instances updated to ./data_container/24_11_21_15_25_48/24-25_cx_s_su796.htm.csv.
2024-11-21 16:22:49,200 - INFO - Visiting: http://www.drps.ed.ac.uk/24-25/dpt/cxnust11110.htm
2024-11-21 16:22:52,753 - INFO - 1 instances updated to ./data_container/24_11_21_15_25_48/24-25_cx_s_su796.htm.csv.
2024-11-21 16:22:52,781 - INFO - Visiting: http://www.drps.ed.ac.uk/24-25/dpt/cxnust11111.htm
2024-11-21 16:22:56,751 - INFO - 1 instances updated to ./data_container/24_11_21_15_25_48/24-25_cx_s_su796.htm.csv.
2024-11-21 16:22:56,780 - INFO - Visiting: http://www.drps.ed.ac.uk/24-25/dpt/cxnust11113.htm
2024-11-21 16:23:00,735 - INFO - 1 instances updated to ./data_container/24_11_21_15_25_48/24-25_cx_s_su796.htm.csv.
2024-11-21 16:23:00,769 - INFO - Visiting: http://www.drps.ed.ac.uk/24-25/dpt/cxnust11048.htm
2024-11-21 16:23:04,348 - INFO - 1 instances updated to ./data_container/24_11_21_15_25_48/24-25_cx_s_su796.htm.csv.
2024-11-21 16:23:04,385 - INFO - Visiting: http://www.drps.ed.ac.uk/24-25/dpt/cxnust11085.htm
2024-11-21 16:23:08,757 - INFO - 1 instances updated to ./data_container/24_11_21_15_25_48/24-25_cx_s_su796.htm.csv.
2024-11-21 16:23:08,791 - INFO - Visiting: http://www.drps.ed.ac.uk/24-25/dpt/cxnust11080.htm
2024-11-21 16:23:13,059 - INFO - 1 instances updated to ./data_container/24_11_21_15_25_48/24-25_cx_s_su796.htm.csv.
2024-11-21 16:23:13,086 - INFO - Visiting: http://www.drps.ed.ac.uk/24-25/dpt/cxnust11127.htm
2024-11-21 16:23:16,935 - INFO - 1 instances updated to ./data_container/24_11_21_15_25_48/24-25_cx_s_su796.htm.csv.
2024-11-21 16:23:16,962 - INFO - Visiting: http://www.drps.ed.ac.uk/24-25/dpt/cxnust11091.htm
2024-11-21 16:23:20,202 - INFO - 1 instances updated to ./data_container/24_11_21_15_25_48/24-25_cx_s_su796.htm.csv.
2024-11-21 16:23:20,241 - INFO - Visiting: http://www.drps.ed.ac.uk/24-25/dpt/cxnust11129.htm
2024-11-21 16:23:23,957 - INFO - 1 instances updated to ./data_container/24_11_21_15_25_48/24-25_cx_s_su796.htm.csv.
2024-11-21 16:23:23,987 - INFO - Visiting: http://www.drps.ed.ac.uk/24-25/dpt/cxnust11092.htm
2024-11-21 16:23:27,426 - INFO - 1 instances updated to ./data_container/24_11_21_15_25_48/24-25_cx_s_su796.htm.csv.
2024-11-21 16:23:27,464 - INFO - Visiting: http://www.drps.ed.ac.uk/24-25/dpt/cxnust11088.htm
2024-11-21 16:23:31,469 - INFO - 1 instances updated to ./data_container/24_11_21_15_25_48/24-25_cx_s_su796.htm.csv.
2024-11-21 16:23:31,498 - INFO - Visiting: http://www.drps.ed.ac.uk/24-25/dpt/cxnust11082.htm
2024-11-21 16:23:36,526 - INFO - 1 instances updated to ./data_container/24_11_21_15_25_48/24-25_cx_s_su796.htm.csv.
2024-11-21 16:23:36,558 - INFO - Visiting: http://www.drps.ed.ac.uk/24-25/dpt/cxnust11102.htm
2024-11-21 16:23:41,203 - INFO - 1 instances updated to ./data_container/24_11_21_15_25_48/24-25_cx_s_su796.htm.csv.
2024-11-21 16:23:41,236 - INFO - Visiting: http://www.drps.ed.ac.uk/24-25/dpt/cxnust11058.htm
2024-11-21 16:23:45,535 - INFO - 1 instances updated to ./data_container/24_11_21_15_25_48/24-25_cx_s_su796.htm.csv.
2024-11-21 16:23:45,562 - INFO - Visiting: http://www.drps.ed.ac.uk/24-25/dpt/cxnust11033.htm
2024-11-21 16:23:49,737 - INFO - 1 instances updated to ./data_container/24_11_21_15_25_48/24-25_cx_s_su796.htm.csv.
2024-11-21 16:23:49,765 - INFO - Visiting: http://www.drps.ed.ac.uk/24-25/dpt/cxnust11125.htm
2024-11-21 16:23:54,182 - INFO - 1 instances updated to ./data_container/24_11_21_15_25_48/24-25_cx_s_su796.htm.csv.
                                                                                                                                                                                                                                                                                                                                                                                                                                                                                                                                                                                                                                                                                                                                                                                                                                                                                                                                                                                                                                                                                                                                                                                                                                                                                                                                                                                                                                                                                                                                                                                                                                                                                                                                                                                                                                                                                                                                                                                                                                                                                                                                                                                                                                                                                                                                                                                                                                                                                                                                                                                                                                                                                                                                                                                                                                                                                                                                                                                                                                                                                                                                                                                                                                                                                                                                                                                                                                                                                                                                                                                                                                                                                                                                                                                                                                                                                                                                                                                                                                                                                                                                                                                                                                                                                                                                                                                                                                                                                                                                                                                                                                                                                                                                                                                                                                                                                                                                                                                                                                                                                                                                                                                                                                                                                                                                                                                                                                                                                                                                                                                                                                                                                                                                                                                                                                                                                                                                                                                                                                                                                                                                                                                                                                                                                                                                                                                                                                                                                                                                                                                                                                                                                                                                                                                                                                                                                                                                                                                                                                                                                                                                                                                                                                                                                                                                                                                                                                                                                                                                                                                                                                                                                                                                                                                                                                                                                                                                                                                                                                                                                                                                                                                                                                                                                                                                                                                                                                                                                                                                                                                                                                                                                                                                                                                                                                                                                                                                                                                                                                                                                                                                                                                                                                                                                                                                                                                                                                                                                                                                                                                                                                                                                                                                                                                                                                                                                                                                                                                                                                                                                                                                                                                                                                                                                                                                                                                                                                                                                                                                                                                                                                                                                                                                                                                                                                                                                                                                                                                                                                                                                                                                                                                                                                                                                                                                                                                                                                                                                                                                                                                                                                                                                                                                                                                                                                                                                                                                                                                                                                                                                                                                                                                                                                                                                                                                                                                                                                                                                                                                                                                                                                                                                                                                                                                                                                                                                                                                                                                                                                                                                                                                                                                                                                                                                                                                                                                                                                                                                                                                                                                                                                                                                                                                                                                                                                                                                                                                                                                                                                                                                                                                                                                                                                                                                                                                                                                                                                                                                                                                                                                                                                                                                                                                                                                                                                                                                                                                                                                                                                                                                                                                                                                                                                                                                                                                                                                                                                                                                                                                                                                                                                                                                                                                                                                                                                                                                                                                                                                                                                                                                                                                                                                                                                                                                                                                                                                                                                                                                                                                                                                                                                                                                                                                                                                                                                                                                                                                                                                                                                                                                                                                                                                                                                                                                                                                                                                                                                                                                                                                                                                                                                                                                                                                                                                                                                                                                                                                                                                                                                                                                                                                                                                                                                                                                                                                                                                                                                                                                                                                                                                                                                                                                                                                                                                                                                                                                                                                                                                                                                                                                                                                                                                                                                                                                                                                                                                                                                                                                                                                                                                                                                                                                                                                                                                                                                                                                                                                                                                                                                                                                                                                                                                                                                                                                                                                                                                                                                                                                                                                                                                                                                                                                                                                                                                                                                                                                                                                                                                                                                                                                                                                                                                                                                                                                                                                                                                                                                                                                                                                                                                                                                                                                                                                                                                                                                                                                                                                                                                                                                                                                                                                                                                                                                                                                                                                                                                                                                                                                                                                                                                                                                                                                                                                                                                                                                                                                                                                                                                                                                                                                                                                                                                                                                                                                                                                                                                                                                                                                                                                                                                                                                                                                                                                                                                                                                                                                                                                                                                                                                                                                                                                                                                                                                                                                                                                                                                                                                                                                                                                                                                                                                                                                                                                                                                                                                                                                                                                                                                                                                                                                                                                                                                                                                                                                                                                                                                                                                                                                                                                                                                                                                                                                                                                                                                                                                                                                                                                                                                                                                                                                                                                                                                                                                                                                                                                                                                                                                                                                                                                                                                                                                                                                                                                                                                                                                                                                                                                                                                                                                                                                                                                                                                                                                                                                                                                                                                                                                                                                                                                                                                                                                                                                                                                                                                                                                                                                                                                                                                                                                                                                                                                                                                                                                                                                                                                                                                                                                                                                                                                                                                                                                                                                                                                                                                                                                                                                                                                                                                                                                                                                                                                                                                                                                                                                                                                                                                                                                                                                                                                                                                                                                                                                                                                                                                                                                                                                                                                                                                                                                                                                                                                                                                                                                                                                                                                                                                                                                                                                                                                                                                                                                                                                                                                                                                                                                                                                                                                                                                                                                                                                                                                                                                                                                                                                                                                                                                                                                                                                                                                                                                                                                                                                                                                                                                                                                                                                                                                                                                                                                                                                                                                                                                                                                                                                                                                                                                                                                                                                                                                                                                                                                                                                                                                                                                                                                                                                                                                                                                                                                                                                                                                                                                                                                                                                                                                                                                                                                                                                                                                                                                                                                                                                                                                                                                                                                                                                                                                                                                                                                                                                                                                                                                                                                                                                                                                                                                                                                                                                                                                                                                                                                                                                                                                                                                                                                                                                                                                                                                                                                                                                                                                                                                                                                                                                                                                                                                                                                                                                                                                                                                                                                                                                                                                                                                                                                                                                                                                                                                                                                                                                                                                                                                                                                                                                                                                                                                                                                                                                                                                                                                                                                                                                                                                                                                                                                                                                                                                                                                                                                                                                                                                                                                                                                                                                                                                                                                                                                                                                                                                                                                                                                                                                                                                                                                                                                                                                                                                                                                                                                                                                                                                                                                                                                                                                                                                                                                                                                                                                                                                                                                                                                                                                                                                                                                                                                                                                                                                                                                                                                                                                                                                                                                                                                                                                                                                                                                                                                                                                                                                                                                                                                                                                                                                                                                                                                                                                                                                                                                                                                                                                                                                                                                                                                                                                                                                                                                                                                                                                                                                                                                                                                                                                                                                                                                                                                                                                                                                                                                                                                                                                                                                                                                                                                                                                                                                                                                                                                                                                                                                                                                                                                                                                                                                                                                                                                                                                                                                                                                                                                                                                                                                                                                                                                                                                                                                                                                                                                                                                                                                                                                                                                                                                                                                                                                                                                                                                                                                                                                                                                                                                                                                                                                                                                                                                                                                                                                                                                                                                                                                                                                                                                                                                                                                                                                                                                                                                                                                                                                                                                                                                                                                                                                                                                                                                                                                                                                                                                                                                                                                                                                                                                                                                                                                                                                                                                                                                                                                                                                                                                                                                                                                                                                                                                                                                                                                                                                                                                                                                                                                                                                                                                                                                                                                                                                                                                                                                                                                                                                                                                                                                                                                                                                                                                                                                                                                                                                                                                                                                                                                                                                                                                                                                                                                                                                                                                                                                                                                                                                                                                                                                                                                                                                                                                                                                                                                                                                                                                                                                                                                                                                                                                                                                                                                                                                                                                                                                                                                                                                                                                                                                                                                                                                                                                                                                                                                                                                                                                                                                                                                                                                                                                                                                                                                                                                                                                                                                                                                                                                                                                                                                                                                                                                                                                                                                                                                                      2024-11-21 16:10:40,376 - INFO - Logger configured. Record to mine sites relevant to keywords semantic space.
2024-11-21 16:10:40,376 - INFO - ./data_container/24_11_21_15_25_48/24-25_cx_s_su796.htm.csv created.
2024-11-21 16:10:40,404 - INFO - Visiting: http://www.drps.ed.ac.uk/24-25/dpt/cx_sb_clps.htm
2024-11-21 16:10:40,470 - INFO - Visiting: http://www.drps.ed.ac.uk/24-25/dpt/cxclps10001.htm
2024-11-21 16:10:43,919 - INFO - 1 instances updated to ./data_container/24_11_21_15_25_48/24-25_cx_s_su796.htm.csv.
2024-11-21 16:10:43,947 - INFO - Visiting: http://www.drps.ed.ac.uk/24-25/dpt/cxclps11061.htm
2024-11-21 16:10:48,526 - INFO - 1 instances updated to ./data_container/24_11_21_15_25_48/24-25_cx_s_su796.htm.csv.
2024-11-21 16:10:48,559 - INFO - Visiting: http://www.drps.ed.ac.uk/24-25/dpt/cxclps11097.htm
2024-11-21 16:10:53,489 - INFO - 1 instances updated to ./data_container/24_11_21_15_25_48/24-25_cx_s_su796.htm.csv.
2024-11-21 16:10:53,523 - INFO - Visiting: http://www.drps.ed.ac.uk/24-25/dpt/cxclps11105.htm
2024-11-21 16:10:59,019 - INFO - 1 instances updated to ./data_container/24_11_21_15_25_48/24-25_cx_s_su796.htm.csv.
2024-11-21 16:10:59,053 - INFO - Visiting: http://www.drps.ed.ac.uk/24-25/dpt/cxclps11037.htm
2024-11-21 16:11:02,635 - INFO - 1 instances updated to ./data_container/24_11_21_15_25_48/24-25_cx_s_su796.htm.csv.
2024-11-21 16:11:02,664 - INFO - Visiting: http://www.drps.ed.ac.uk/24-25/dpt/cxclps11068.htm
2024-11-21 16:11:06,548 - INFO - 1 instances updated to ./data_container/24_11_21_15_25_48/24-25_cx_s_su796.htm.csv.
2024-11-21 16:11:06,576 - INFO - Visiting: http://www.drps.ed.ac.uk/24-25/dpt/cxclps11041.htm
2024-11-21 16:11:09,980 - INFO - 1 instances updated to ./data_container/24_11_21_15_25_48/24-25_cx_s_su796.htm.csv.
2024-11-21 16:11:10,013 - INFO - Visiting: http://www.drps.ed.ac.uk/24-25/dpt/cxclps11086.htm
2024-11-21 16:11:14,327 - INFO - 1 instances updated to ./data_container/24_11_21_15_25_48/24-25_cx_s_su796.htm.csv.
2024-11-21 16:11:14,369 - INFO - Visiting: http://www.drps.ed.ac.uk/24-25/dpt/cxclps11012.htm
2024-11-21 16:11:18,665 - INFO - 1 instances updated to ./data_container/24_11_21_15_25_48/24-25_cx_s_su796.htm.csv.
2024-11-21 16:11:18,711 - INFO - Visiting: http://www.drps.ed.ac.uk/24-25/dpt/cxclps11079.htm
2024-11-21 16:11:24,139 - INFO - 1 instances updated to ./data_container/24_11_21_15_25_48/24-25_cx_s_su796.htm.csv.
2024-11-21 16:11:24,179 - INFO - Visiting: http://www.drps.ed.ac.uk/24-25/dpt/cxclps11065.htm
2024-11-21 16:11:28,350 - INFO - 1 instances updated to ./data_container/24_11_21_15_25_48/24-25_cx_s_su796.htm.csv.
2024-11-21 16:11:28,378 - INFO - Visiting: http://www.drps.ed.ac.uk/24-25/dpt/cxclps11083.htm
2024-11-21 16:11:32,436 - INFO - 1 instances updated to ./data_container/24_11_21_15_25_48/24-25_cx_s_su796.htm.csv.
2024-11-21 16:11:32,467 - INFO - Visiting: http://www.drps.ed.ac.uk/24-25/dpt/cxclps11082.htm
2024-11-21 16:11:36,338 - INFO - 1 instances updated to ./data_container/24_11_21_15_25_48/24-25_cx_s_su796.htm.csv.
2024-11-21 16:11:36,369 - INFO - Visiting: http://www.drps.ed.ac.uk/24-25/dpt/cxclps11089.htm
2024-11-21 16:11:40,552 - INFO - 1 instances updated to ./data_container/24_11_21_15_25_48/24-25_cx_s_su796.htm.csv.
2024-11-21 16:11:40,581 - INFO - Visiting: http://www.drps.ed.ac.uk/24-25/dpt/cxclps11070.htm
2024-11-21 16:11:45,922 - INFO - 1 instances updated to ./data_container/24_11_21_15_25_48/24-25_cx_s_su796.htm.csv.
2024-11-21 16:11:45,950 - INFO - Visiting: http://www.drps.ed.ac.uk/24-25/dpt/cxclps11081.htm
2024-11-21 16:11:49,980 - INFO - 1 instances updated to ./data_container/24_11_21_15_25_48/24-25_cx_s_su796.htm.csv.
2024-11-21 16:11:50,009 - INFO - Visiting: http://www.drps.ed.ac.uk/24-25/dpt/cxclps11088.htm
2024-11-21 16:11:53,945 - INFO - 1 instances updated to ./data_container/24_11_21_15_25_48/24-25_cx_s_su796.htm.csv.
2024-11-21 16:11:53,976 - INFO - Visiting: http://www.drps.ed.ac.uk/24-25/dpt/cxclps11002.htm
2024-11-21 16:11:58,269 - INFO - 1 instances updated to ./data_container/24_11_21_15_25_48/24-25_cx_s_su796.htm.csv.
2024-11-21 16:11:58,298 - INFO - Visiting: http://www.drps.ed.ac.uk/24-25/dpt/cxclps11029.htm
2024-11-21 16:12:02,055 - INFO - 1 instances updated to ./data_container/24_11_21_15_25_48/24-25_cx_s_su796.htm.csv.
2024-11-21 16:12:02,090 - INFO - Visiting: http://www.drps.ed.ac.uk/24-25/dpt/cxclps11092.htm
2024-11-21 16:12:06,435 - INFO - 1 instances updated to ./data_container/24_11_21_15_25_48/24-25_cx_s_su796.htm.csv.
2024-11-21 16:12:06,604 - INFO - Visiting: http://www.drps.ed.ac.uk/24-25/dpt/cxclps11071.htm
2024-11-21 16:12:10,450 - INFO - 1 instances updated to ./data_container/24_11_21_15_25_48/24-25_cx_s_su796.htm.csv.
2024-11-21 16:12:11,398 - INFO - Visiting: http://www.drps.ed.ac.uk/24-25/dpt/cxclps11060.htm
2024-11-21 16:12:15,279 - INFO - 1 instances updated to ./data_container/24_11_21_15_25_48/24-25_cx_s_su796.htm.csv.
2024-11-21 16:12:15,308 - INFO - Visiting: http://www.drps.ed.ac.uk/24-25/dpt/cxclps11052.htm
2024-11-21 16:12:19,073 - INFO - 1 instances updated to ./data_container/24_11_21_15_25_48/24-25_cx_s_su796.htm.csv.
2024-11-21 16:12:19,101 - INFO - Visiting: http://www.drps.ed.ac.uk/24-25/dpt/cxclps11087.htm
2024-11-21 16:12:23,334 - INFO - 1 instances updated to ./data_container/24_11_21_15_25_48/24-25_cx_s_su796.htm.csv.
2024-11-21 16:12:23,363 - INFO - Visiting: http://www.drps.ed.ac.uk/24-25/dpt/cxclps11053.htm
2024-11-21 16:12:27,601 - INFO - 1 instances updated to ./data_container/24_11_21_15_25_48/24-25_cx_s_su796.htm.csv.
2024-11-21 16:12:27,636 - INFO - Visiting: http://www.drps.ed.ac.uk/24-25/dpt/cxclps11044.htm
2024-11-21 16:12:31,075 - INFO - 1 instances updated to ./data_container/24_11_21_15_25_48/24-25_cx_s_su796.htm.csv.
2024-11-21 16:12:31,103 - INFO - Visiting: http://www.drps.ed.ac.uk/24-25/dpt/cxclps11054.htm
2024-11-21 16:12:34,321 - INFO - 1 instances updated to ./data_container/24_11_21_15_25_48/24-25_cx_s_su796.htm.csv.
2024-11-21 16:12:34,357 - INFO - Visiting: http://www.drps.ed.ac.uk/24-25/dpt/cxclps11048.htm
2024-11-21 16:12:37,447 - INFO - 1 instances updated to ./data_container/24_11_21_15_25_48/24-25_cx_s_su796.htm.csv.
2024-11-21 16:12:37,478 - INFO - Visiting: http://www.drps.ed.ac.uk/24-25/dpt/cxclps11103.htm
2024-11-21 16:12:40,551 - INFO - 1 instances updated to ./data_container/24_11_21_15_25_48/24-25_cx_s_su796.htm.csv.
2024-11-21 16:12:40,578 - INFO - Visiting: http://www.drps.ed.ac.uk/24-25/dpt/cxclps11049.htm
2024-11-21 16:12:44,618 - INFO - 1 instances updated to ./data_container/24_11_21_15_25_48/24-25_cx_s_su796.htm.csv.
2024-11-21 16:12:44,648 - INFO - Visiting: http://www.drps.ed.ac.uk/24-25/dpt/cxclps11077.htm
2024-11-21 16:12:48,171 - INFO - 1 instances updated to ./data_container/24_11_21_15_25_48/24-25_cx_s_su796.htm.csv.
2024-11-21 16:12:48,197 - INFO - Visiting: http://www.drps.ed.ac.uk/24-25/dpt/cxclps11078.htm
2024-11-21 16:12:51,989 - INFO - 1 instances updated to ./data_container/24_11_21_15_25_48/24-25_cx_s_su796.htm.csv.
2024-11-21 16:12:52,074 - INFO - Visiting: http://www.drps.ed.ac.uk/24-25/dpt/cxclps11076.htm
2024-11-21 16:12:55,610 - INFO - 1 instances updated to ./data_container/24_11_21_15_25_48/24-25_cx_s_su796.htm.csv.
2024-11-21 16:12:55,637 - INFO - Visiting: http://www.drps.ed.ac.uk/24-25/dpt/cxclps11030.htm
2024-11-21 16:12:58,771 - INFO - 1 instances updated to ./data_container/24_11_21_15_25_48/24-25_cx_s_su796.htm.csv.
2024-11-21 16:12:58,800 - INFO - Visiting: http://www.drps.ed.ac.uk/24-25/dpt/cxclps11072.htm
2024-11-21 16:13:02,240 - INFO - 1 instances updated to ./data_container/24_11_21_15_25_48/24-25_cx_s_su796.htm.csv.
2024-11-21 16:13:02,257 - INFO - Visiting: http://www.drps.ed.ac.uk/24-25/dpt/cxclps11104.htm
2024-11-21 16:13:06,559 - INFO - 1 instances updated to ./data_container/24_11_21_15_25_48/24-25_cx_s_su796.htm.csv.
2024-11-21 16:13:06,587 - INFO - Visiting: http://www.drps.ed.ac.uk/24-25/dpt/cxclps11009.htm
2024-11-21 16:13:10,085 - INFO - 1 instances updated to ./data_container/24_11_21_15_25_48/24-25_cx_s_su796.htm.csv.
2024-11-21 16:13:10,115 - INFO - Visiting: http://www.drps.ed.ac.uk/24-25/dpt/cxclps11039.htm
2024-11-21 16:13:13,346 - INFO - 1 instances updated to ./data_container/24_11_21_15_25_48/24-25_cx_s_su796.htm.csv.
2024-11-21 16:13:13,383 - INFO - Visiting: http://www.drps.ed.ac.uk/24-25/dpt/cxclps11050.htm
2024-11-21 16:13:16,632 - INFO - 1 instances updated to ./data_container/24_11_21_15_25_48/24-25_cx_s_su796.htm.csv.
2024-11-21 16:13:16,664 - INFO - Visiting: http://www.drps.ed.ac.uk/24-25/dpt/cxclps11091.htm
2024-11-21 16:13:20,463 - INFO - 1 instances updated to ./data_container/24_11_21_15_25_48/24-25_cx_s_su796.htm.csv.
2024-11-21 16:13:20,491 - INFO - Visiting: http://www.drps.ed.ac.uk/24-25/dpt/cxclps11010.htm
2024-11-21 16:13:23,548 - INFO - 1 instances updated to ./data_container/24_11_21_15_25_48/24-25_cx_s_su796.htm.csv.
2024-11-21 16:13:23,578 - INFO - Visiting: http://www.drps.ed.ac.uk/24-25/dpt/cxclps11033.htm
2024-11-21 16:13:27,585 - INFO - 1 instances updated to ./data_container/24_11_21_15_25_48/24-25_cx_s_su796.htm.csv.
2024-11-21 16:13:27,613 - INFO - Visiting: http://www.drps.ed.ac.uk/24-25/dpt/cxclps11099.htm
2024-11-21 16:13:31,217 - INFO - 1 instances updated to ./data_container/24_11_21_15_25_48/24-25_cx_s_su796.htm.csv.
2024-11-21 16:13:31,245 - INFO - Visiting: http://www.drps.ed.ac.uk/24-25/dpt/cxclps11063.htm
2024-11-21 16:13:34,555 - INFO - 1 instances updated to ./data_container/24_11_21_15_25_48/24-25_cx_s_su796.htm.csv.
2024-11-21 16:13:34,584 - INFO - Visiting: http://www.drps.ed.ac.uk/24-25/dpt/cxclps11055.htm
2024-11-21 16:13:38,181 - INFO - 1 instances updated to ./data_container/24_11_21_15_25_48/24-25_cx_s_su796.htm.csv.
2024-11-21 16:13:38,215 - INFO - Visiting: http://www.drps.ed.ac.uk/24-25/dpt/cxclps11073.htm
2024-11-21 16:13:41,722 - INFO - 1 instances updated to ./data_container/24_11_21_15_25_48/24-25_cx_s_su796.htm.csv.
2024-11-21 16:13:41,750 - INFO - Visiting: http://www.drps.ed.ac.uk/24-25/dpt/cxclps11084.htm
2024-11-21 16:13:45,607 - INFO - 1 instances updated to ./data_container/24_11_21_15_25_48/24-25_cx_s_su796.htm.csv.
2024-11-21 16:13:45,640 - INFO - Visiting: http://www.drps.ed.ac.uk/24-25/dpt/cxclps11064.htm
2024-11-21 16:13:49,501 - INFO - 1 instances updated to ./data_container/24_11_21_15_25_48/24-25_cx_s_su796.htm.csv.
2024-11-21 16:13:49,529 - INFO - Visiting: http://www.drps.ed.ac.uk/24-25/dpt/cxclps11094.htm
2024-11-21 16:13:53,528 - INFO - 1 instances updated to ./data_container/24_11_21_15_25_48/24-25_cx_s_su796.htm.csv.
2024-11-21 16:13:53,559 - INFO - Visiting: http://www.drps.ed.ac.uk/24-25/dpt/cxclps11058.htm
2024-11-21 16:13:56,693 - INFO - 1 instances updated to ./data_container/24_11_21_15_25_48/24-25_cx_s_su796.htm.csv.
2024-11-21 16:13:56,721 - INFO - Visiting: http://www.drps.ed.ac.uk/24-25/dpt/cxclps11047.htm
2024-11-21 16:14:01,552 - INFO - 1 instances updated to ./data_container/24_11_21_15_25_48/24-25_cx_s_su796.htm.csv.
2024-11-21 16:14:01,585 - INFO - Visiting: http://www.drps.ed.ac.uk/24-25/dpt/cxclps11085.htm
2024-11-21 16:14:05,667 - INFO - 1 instances updated to ./data_container/24_11_21_15_25_48/24-25_cx_s_su796.htm.csv.
2024-11-21 16:14:08,890 - INFO - Visiting: http://www.drps.ed.ac.uk/24-25/dpt/cxclps11100.htm
2024-11-21 16:14:12,712 - INFO - 1 instances updated to ./data_container/24_11_21_15_25_48/24-25_cx_s_su796.htm.csv.
2024-11-21 16:14:12,774 - INFO - Visiting: http://www.drps.ed.ac.uk/24-25/dpt/cxclps11042.htm
2024-11-21 16:14:16,421 - INFO - 1 instances updated to ./data_container/24_11_21_15_25_48/24-25_cx_s_su796.htm.csv.
2024-11-21 16:14:16,450 - INFO - Visiting: http://www.drps.ed.ac.uk/24-25/dpt/cxclps11013.htm
2024-11-21 16:14:20,985 - INFO - 1 instances updated to ./data_container/24_11_21_15_25_48/24-25_cx_s_su796.htm.csv.
2024-11-21 16:14:21,015 - INFO - Visiting: http://www.drps.ed.ac.uk/24-25/dpt/cxclps11006.htm
2024-11-21 16:14:24,873 - INFO - 1 instances updated to ./data_container/24_11_21_15_25_48/24-25_cx_s_su796.htm.csv.
2024-11-21 16:14:24,903 - INFO - Visiting: http://www.drps.ed.ac.uk/24-25/dpt/cxclps11062.htm
2024-11-21 16:14:28,670 - INFO - 1 instances updated to ./data_container/24_11_21_15_25_48/24-25_cx_s_su796.htm.csv.
2024-11-21 16:14:28,698 - INFO - Visiting: http://www.drps.ed.ac.uk/24-25/dpt/cxclps11014.htm
2024-11-21 16:14:31,846 - INFO - 1 instances updated to ./data_container/24_11_21_15_25_48/24-25_cx_s_su796.htm.csv.
2024-11-21 16:14:31,877 - INFO - Visiting: http://www.drps.ed.ac.uk/24-25/dpt/cxclps11090.htm
2024-11-21 16:14:36,429 - INFO - 1 instances updated to ./data_container/24_11_21_15_25_48/24-25_cx_s_su796.htm.csv.
2024-11-21 16:14:36,466 - INFO - Visiting: http://www.drps.ed.ac.uk/24-25/dpt/cxclps11056.htm
2024-11-21 16:14:40,090 - INFO - 1 instances updated to ./data_container/24_11_21_15_25_48/24-25_cx_s_su796.htm.csv.
2024-11-21 16:14:40,118 - INFO - Visiting: http://www.drps.ed.ac.uk/24-25/dpt/cxclps11095.htm
2024-11-21 16:14:44,918 - INFO - 1 instances updated to ./data_container/24_11_21_15_25_48/24-25_cx_s_su796.htm.csv.
2024-11-21 16:14:44,945 - INFO - Visiting: http://www.drps.ed.ac.uk/24-25/dpt/cxclps11066.htm
2024-11-21 16:14:49,216 - INFO - 1 instances updated to ./data_container/24_11_21_15_25_48/24-25_cx_s_su796.htm.csv.
2024-11-21 16:14:49,246 - INFO - Visiting: http://www.drps.ed.ac.uk/24-25/dpt/cxclps11067.htm
2024-11-21 16:14:52,513 - INFO - 1 instances updated to ./data_container/24_11_21_15_25_48/24-25_cx_s_su796.htm.csv.
2024-11-21 16:14:52,543 - INFO - Visiting: http://www.drps.ed.ac.uk/24-25/dpt/cxclps11046.htm
2024-11-21 16:14:56,516 - INFO - 1 instances updated to ./data_container/24_11_21_15_25_48/24-25_cx_s_su796.htm.csv.
2024-11-21 16:14:56,544 - INFO - Visiting: http://www.drps.ed.ac.uk/24-25/dpt/cxclps11101.htm
2024-11-21 16:15:00,293 - INFO - 1 instances updated to ./data_container/24_11_21_15_25_48/24-25_cx_s_su796.htm.csv.
2024-11-21 16:15:00,326 - INFO - Visiting: http://www.drps.ed.ac.uk/24-25/dpt/cxclps11057.htm
2024-11-21 16:15:03,976 - INFO - 1 instances updated to ./data_container/24_11_21_15_25_48/24-25_cx_s_su796.htm.csv.
2024-11-21 16:15:04,016 - INFO - Visiting: http://www.drps.ed.ac.uk/24-25/dpt/cxclps11096.htm
2024-11-21 16:15:07,899 - INFO - 1 instances updated to ./data_container/24_11_21_15_25_48/24-25_cx_s_su796.htm.csv.
2024-11-21 16:15:07,930 - INFO - Visiting: http://www.drps.ed.ac.uk/24-25/dpt/cxclps11045.htm
2024-11-21 16:15:11,984 - INFO - 1 instances updated to ./data_container/24_11_21_15_25_48/24-25_cx_s_su796.htm.csv.
2024-11-21 16:15:12,011 - INFO - Visiting: http://www.drps.ed.ac.uk/24-25/dpt/cxclps11102.htm
2024-11-21 16:15:19,755 - INFO - 1 instances updated to ./data_container/24_11_21_15_25_48/24-25_cx_s_su796.htm.csv.
2024-11-21 16:15:19,798 - INFO - Visiting: http://www.drps.ed.ac.uk/24-25/dpt/cxclps11080.htm
2024-11-21 16:15:23,460 - INFO - 1 instances updated to ./data_container/24_11_21_15_25_48/24-25_cx_s_su796.htm.csv.
2024-11-21 16:15:23,487 - INFO - Visiting: http://www.drps.ed.ac.uk/24-25/dpt/cxclps11093.htm
2024-11-21 16:15:27,513 - INFO - 1 instances updated to ./data_container/24_11_21_15_25_48/24-25_cx_s_su796.htm.csv.
2024-11-21 16:15:27,541 - INFO - Visiting: http://www.drps.ed.ac.uk/24-25/dpt/cxclps11098.htm
2024-11-21 16:15:31,415 - INFO - 1 instances updated to ./data_container/24_11_21_15_25_48/24-25_cx_s_su796.htm.csv.
2024-11-21 16:15:31,445 - INFO - Visiting: http://www.drps.ed.ac.uk/24-25/dpt/cxclps12002.htm
2024-11-21 16:15:36,312 - INFO - 1 instances updated to ./data_container/24_11_21_15_25_48/24-25_cx_s_su796.htm.csv.
2024-11-21 16:15:36,341 - INFO - Visiting: http://www.drps.ed.ac.uk/24-25/dpt/cxclps12009.htm
2024-11-21 16:15:40,511 - INFO - 1 instances updated to ./data_container/24_11_21_15_25_48/24-25_cx_s_su796.htm.csv.
2024-11-21 16:15:40,542 - INFO - Visiting: http://www.drps.ed.ac.uk/24-25/dpt/cxclps12034.htm
2024-11-21 16:15:44,211 - INFO - 1 instances updated to ./data_container/24_11_21_15_25_48/24-25_cx_s_su796.htm.csv.
2024-11-21 16:15:44,245 - INFO - Visiting: http://www.drps.ed.ac.uk/24-25/dpt/cxclps12035.htm
2024-11-21 16:15:47,898 - INFO - 1 instances updated to ./data_container/24_11_21_15_25_48/24-25_cx_s_su796.htm.csv.
2024-11-21 16:15:47,926 - INFO - Visiting: http://www.drps.ed.ac.uk/24-25/dpt/cxclps12038.htm
2024-11-21 16:15:51,834 - INFO - 1 instances updated to ./data_container/24_11_21_15_25_48/24-25_cx_s_su796.htm.csv.
2024-11-21 16:15:51,869 - INFO - Visiting: http://www.drps.ed.ac.uk/24-25/dpt/cxclps12039.htm
2024-11-21 16:15:56,053 - INFO - 1 instances updated to ./data_container/24_11_21_15_25_48/24-25_cx_s_su796.htm.csv.
2024-11-21 16:15:56,084 - INFO - Visiting: http://www.drps.ed.ac.uk/24-25/dpt/cxclps12016.htm
2024-11-21 16:15:59,892 - INFO - 1 instances updated to ./data_container/24_11_21_15_25_48/24-25_cx_s_su796.htm.csv.
2024-11-21 16:15:59,922 - INFO - Visiting: http://www.drps.ed.ac.uk/24-25/dpt/cxclps12036.htm
2024-11-21 16:16:03,393 - INFO - 1 instances updated to ./data_container/24_11_21_15_25_48/24-25_cx_s_su796.htm.csv.
2024-11-21 16:16:03,779 - INFO - Visiting: http://www.drps.ed.ac.uk/24-25/dpt/cxclps12037.htm
2024-11-21 16:16:07,696 - INFO - 1 instances updated to ./data_container/24_11_21_15_25_48/24-25_cx_s_su796.htm.csv.
2024-11-21 16:16:07,728 - INFO - Visiting: http://www.drps.ed.ac.uk/24-25/dpt/cxclps12013.htm
2024-11-21 16:16:11,827 - INFO - 1 instances updated to ./data_container/24_11_21_15_25_48/24-25_cx_s_su796.htm.csv.
2024-11-21 16:16:12,365 - INFO - Visiting: http://www.drps.ed.ac.uk/24-25/dpt/cxclps12014.htm
2024-11-21 16:16:17,029 - INFO - 1 instances updated to ./data_container/24_11_21_15_25_48/24-25_cx_s_su796.htm.csv.
2024-11-21 16:16:17,030 - INFO - Mining for keywords Accessibility,Inclusive design,Disability rights,Adaptive tools is success.
2024-11-21 16:16:17,077 - INFO - Visiting: http://www.drps.ed.ac.uk/24-25/dpt/cx_sb_cnst.htm
2024-11-21 16:16:17,134 - INFO - Visiting: http://www.drps.ed.ac.uk/24-25/dpt/cxcnst08001.htm
2024-11-21 16:16:21,147 - INFO - 1 instances updated to ./data_container/24_11_21_15_25_48/24-25_cx_s_su796.htm.csv.
2024-11-21 16:16:21,177 - INFO - Visiting: http://www.drps.ed.ac.uk/24-25/dpt/cxcnst08002.htm
2024-11-21 16:16:24,669 - INFO - 1 instances updated to ./data_container/24_11_21_15_25_48/24-25_cx_s_su796.htm.csv.
2024-11-21 16:16:24,702 - INFO - Visiting: http://www.drps.ed.ac.uk/24-25/dpt/cxcnst11079.htm
2024-11-21 16:16:28,254 - INFO - 1 instances updated to ./data_container/24_11_21_15_25_48/24-25_cx_s_su796.htm.csv.
2024-11-21 16:16:28,281 - INFO - Visiting: http://www.drps.ed.ac.uk/24-25/dpt/cxcnst11061.htm
2024-11-21 16:16:33,013 - INFO - 1 instances updated to ./data_container/24_11_21_15_25_48/24-25_cx_s_su796.htm.csv.
2024-11-21 16:16:33,044 - INFO - Visiting: http://www.drps.ed.ac.uk/24-25/dpt/cxcnst11053.htm
2024-11-21 16:16:36,722 - INFO - 1 instances updated to ./data_container/24_11_21_15_25_48/24-25_cx_s_su796.htm.csv.
2024-11-21 16:16:36,751 - INFO - Visiting: http://www.drps.ed.ac.uk/24-25/dpt/cxcnst11095.htm
2024-11-21 16:16:40,610 - INFO - 1 instances updated to ./data_container/24_11_21_15_25_48/24-25_cx_s_su796.htm.csv.
2024-11-21 16:16:40,638 - INFO - Visiting: http://www.drps.ed.ac.uk/24-25/dpt/cxcnst11034.htm
2024-11-21 16:16:44,360 - INFO - 1 instances updated to ./data_container/24_11_21_15_25_48/24-25_cx_s_su796.htm.csv.
2024-11-21 16:16:44,390 - INFO - Visiting: http://www.drps.ed.ac.uk/24-25/dpt/cxcnst11090.htm
2024-11-21 16:16:48,636 - INFO - 1 instances updated to ./data_container/24_11_21_15_25_48/24-25_cx_s_su796.htm.csv.
2024-11-21 16:16:48,670 - INFO - Visiting: http://www.drps.ed.ac.uk/24-25/dpt/cxcnst11047.htm
2024-11-21 16:16:52,525 - INFO - 1 instances updated to ./data_container/24_11_21_15_25_48/24-25_cx_s_su796.htm.csv.
2024-11-21 16:16:52,553 - INFO - Visiting: http://www.drps.ed.ac.uk/24-25/dpt/cxcnst11076.htm
2024-11-21 16:16:56,175 - INFO - 1 instances updated to ./data_container/24_11_21_15_25_48/24-25_cx_s_su796.htm.csv.
2024-11-21 16:16:56,211 - INFO - Visiting: http://www.drps.ed.ac.uk/24-25/dpt/cxcnst11075.htm
2024-11-21 16:16:59,952 - INFO - 1 instances updated to ./data_container/24_11_21_15_25_48/24-25_cx_s_su796.htm.csv.
2024-11-21 16:16:59,984 - INFO - Visiting: http://www.drps.ed.ac.uk/24-25/dpt/cxcnst11097.htm
2024-11-21 16:17:04,765 - INFO - 1 instances updated to ./data_container/24_11_21_15_25_48/24-25_cx_s_su796.htm.csv.
2024-11-21 16:17:04,793 - INFO - Visiting: http://www.drps.ed.ac.uk/24-25/dpt/cxcnst11041.htm
2024-11-21 16:17:08,447 - INFO - 1 instances updated to ./data_container/24_11_21_15_25_48/24-25_cx_s_su796.htm.csv.
2024-11-21 16:17:08,473 - INFO - Visiting: http://www.drps.ed.ac.uk/24-25/dpt/cxcnst11068.htm
2024-11-21 16:17:12,210 - INFO - 1 instances updated to ./data_container/24_11_21_15_25_48/24-25_cx_s_su796.htm.csv.
2024-11-21 16:17:12,238 - INFO - Visiting: http://www.drps.ed.ac.uk/24-25/dpt/cxcnst11088.htm
2024-11-21 16:17:16,476 - INFO - 1 instances updated to ./data_container/24_11_21_15_25_48/24-25_cx_s_su796.htm.csv.
2024-11-21 16:17:16,506 - INFO - Visiting: http://www.drps.ed.ac.uk/24-25/dpt/cxcnst11089.htm
2024-11-21 16:17:20,571 - INFO - 1 instances updated to ./data_container/24_11_21_15_25_48/24-25_cx_s_su796.htm.csv.
2024-11-21 16:17:20,599 - INFO - Visiting: http://www.drps.ed.ac.uk/24-25/dpt/cxcnst11080.htm
2024-11-21 16:17:23,823 - INFO - 1 instances updated to ./data_container/24_11_21_15_25_48/24-25_cx_s_su796.htm.csv.
2024-11-21 16:17:23,851 - INFO - Visiting: http://www.drps.ed.ac.uk/24-25/dpt/cxcnst11086.htm
2024-11-21 16:17:28,117 - INFO - 1 instances updated to ./data_container/24_11_21_15_25_48/24-25_cx_s_su796.htm.csv.
2024-11-21 16:17:28,145 - INFO - Visiting: http://www.drps.ed.ac.uk/24-25/dpt/cxcnst11081.htm
2024-11-21 16:17:32,546 - INFO - 1 instances updated to ./data_container/24_11_21_15_25_48/24-25_cx_s_su796.htm.csv.
2024-11-21 16:17:32,577 - INFO - Visiting: http://www.drps.ed.ac.uk/24-25/dpt/cxcnst11012.htm
2024-11-21 16:17:36,239 - INFO - 1 instances updated to ./data_container/24_11_21_15_25_48/24-25_cx_s_su796.htm.csv.
2024-11-21 16:17:36,267 - INFO - Visiting: http://www.drps.ed.ac.uk/24-25/dpt/cxcnst11043.htm
2024-11-21 16:17:39,768 - INFO - 1 instances updated to ./data_container/24_11_21_15_25_48/24-25_cx_s_su796.htm.csv.
2024-11-21 16:17:40,559 - INFO - Visiting: http://www.drps.ed.ac.uk/24-25/dpt/cxcnst11077.htm
2024-11-21 16:17:43,505 - INFO - 1 instances updated to ./data_container/24_11_21_15_25_48/24-25_cx_s_su796.htm.csv.
2024-11-21 16:17:43,524 - INFO - Visiting: http://www.drps.ed.ac.uk/24-25/dpt/cxcnst11087.htm
2024-11-21 16:17:47,596 - INFO - 1 instances updated to ./data_container/24_11_21_15_25_48/24-25_cx_s_su796.htm.csv.
2024-11-21 16:17:47,609 - INFO - Visiting: http://www.drps.ed.ac.uk/24-25/dpt/cxcnst11084.htm
2024-11-21 16:17:51,331 - INFO - 1 instances updated to ./data_container/24_11_21_15_25_48/24-25_cx_s_su796.htm.csv.
2024-11-21 16:17:51,358 - INFO - Visiting: http://www.drps.ed.ac.uk/24-25/dpt/cxcnst11046.htm
2024-11-21 16:17:55,043 - INFO - 1 instances updated to ./data_container/24_11_21_15_25_48/24-25_cx_s_su796.htm.csv.
2024-11-21 16:17:55,070 - INFO - Visiting: http://www.drps.ed.ac.uk/24-25/dpt/cxcnst11014.htm
2024-11-21 16:17:58,509 - INFO - 1 instances updated to ./data_container/24_11_21_15_25_48/24-25_cx_s_su796.htm.csv.
2024-11-21 16:17:58,541 - INFO - Visiting: http://www.drps.ed.ac.uk/24-25/dpt/cxcnst11091.htm
2024-11-21 16:18:02,207 - INFO - 1 instances updated to ./data_container/24_11_21_15_25_48/24-25_cx_s_su796.htm.csv.
2024-11-21 16:18:02,235 - INFO - Visiting: http://www.drps.ed.ac.uk/24-25/dpt/cxcnst11062.htm
2024-11-21 16:18:05,443 - INFO - 1 instances updated to ./data_container/24_11_21_15_25_48/24-25_cx_s_su796.htm.csv.
2024-11-21 16:18:10,887 - INFO - Visiting: http://www.drps.ed.ac.uk/24-25/dpt/cxcnst11096.htm
2024-11-21 16:18:15,852 - INFO - 1 instances updated to ./data_container/24_11_21_15_25_48/24-25_cx_s_su796.htm.csv.
2024-11-21 16:18:15,882 - INFO - Visiting: http://www.drps.ed.ac.uk/24-25/dpt/cxcnst11093.htm
2024-11-21 16:18:19,092 - INFO - 1 instances updated to ./data_container/24_11_21_15_25_48/24-25_cx_s_su796.htm.csv.
2024-11-21 16:18:19,118 - INFO - Visiting: http://www.drps.ed.ac.uk/24-25/dpt/cxcnst11094.htm
2024-11-21 16:18:23,226 - INFO - 1 instances updated to ./data_container/24_11_21_15_25_48/24-25_cx_s_su796.htm.csv.
2024-11-21 16:18:23,254 - INFO - Visiting: http://www.drps.ed.ac.uk/24-25/dpt/cxcnst11085.htm
2024-11-21 16:18:26,598 - INFO - 1 instances updated to ./data_container/24_11_21_15_25_48/24-25_cx_s_su796.htm.csv.
2024-11-21 16:18:26,853 - INFO - Visiting: http://www.drps.ed.ac.uk/24-25/dpt/cxcnst11051.htm
2024-11-21 16:18:31,057 - INFO - 1 instances updated to ./data_container/24_11_21_15_25_48/24-25_cx_s_su796.htm.csv.
2024-11-21 16:18:31,085 - INFO - Visiting: http://www.drps.ed.ac.uk/24-25/dpt/cxcnst11082.htm
2024-11-21 16:18:35,159 - INFO - 1 instances updated to ./data_container/24_11_21_15_25_48/24-25_cx_s_su796.htm.csv.
2024-11-21 16:18:35,188 - INFO - Visiting: http://www.drps.ed.ac.uk/24-25/dpt/cxcnst11040.htm
2024-11-21 16:18:38,540 - INFO - 1 instances updated to ./data_container/24_11_21_15_25_48/24-25_cx_s_su796.htm.csv.
2024-11-21 16:18:38,569 - INFO - Visiting: http://www.drps.ed.ac.uk/24-25/dpt/cxcnst11042.htm
2024-11-21 16:18:42,412 - INFO - 1 instances updated to ./data_container/24_11_21_15_25_48/24-25_cx_s_su796.htm.csv.
2024-11-21 16:18:42,450 - INFO - Visiting: http://www.drps.ed.ac.uk/24-25/dpt/cxcnst12007.htm
2024-11-21 16:18:45,586 - INFO - 1 instances updated to ./data_container/24_11_21_15_25_48/24-25_cx_s_su796.htm.csv.
2024-11-21 16:18:45,630 - INFO - Visiting: http://www.drps.ed.ac.uk/24-25/dpt/cxcnst12013.htm
2024-11-21 16:18:48,685 - INFO - 1 instances updated to ./data_container/24_11_21_15_25_48/24-25_cx_s_su796.htm.csv.
2024-11-21 16:18:48,718 - INFO - Visiting: http://www.drps.ed.ac.uk/24-25/dpt/cxcnst12018.htm
2024-11-21 16:18:52,736 - INFO - 1 instances updated to ./data_container/24_11_21_15_25_48/24-25_cx_s_su796.htm.csv.
2024-11-21 16:18:52,764 - INFO - Visiting: http://www.drps.ed.ac.uk/24-25/dpt/cxcnst12021.htm
2024-11-21 16:18:56,692 - INFO - 1 instances updated to ./data_container/24_11_21_15_25_48/24-25_cx_s_su796.htm.csv.
2024-11-21 16:18:56,720 - INFO - Visiting: http://www.drps.ed.ac.uk/24-25/dpt/cxcnst12023.htm
2024-11-21 16:19:01,050 - INFO - 1 instances updated to ./data_container/24_11_21_15_25_48/24-25_cx_s_su796.htm.csv.
2024-11-21 16:19:01,079 - INFO - Visiting: http://www.drps.ed.ac.uk/24-25/dpt/cxcnst12017.htm
2024-11-21 16:19:04,876 - INFO - 1 instances updated to ./data_container/24_11_21_15_25_48/24-25_cx_s_su796.htm.csv.
2024-11-21 16:19:04,905 - INFO - Visiting: http://www.drps.ed.ac.uk/24-25/dpt/cxcnst12016.htm
2024-11-21 16:19:08,876 - INFO - 1 instances updated to ./data_container/24_11_21_15_25_48/24-25_cx_s_su796.htm.csv.
2024-11-21 16:19:08,904 - INFO - Visiting: http://www.drps.ed.ac.uk/24-25/dpt/cxcnst12020.htm
2024-11-21 16:19:12,049 - INFO - 1 instances updated to ./data_container/24_11_21_15_25_48/24-25_cx_s_su796.htm.csv.
2024-11-21 16:19:12,089 - INFO - Visiting: http://www.drps.ed.ac.uk/24-25/dpt/cxcnst12022.htm
2024-11-21 16:19:16,777 - INFO - 1 instances updated to ./data_container/24_11_21_15_25_48/24-25_cx_s_su796.htm.csv.
2024-11-21 16:19:16,805 - INFO - Visiting: http://www.drps.ed.ac.uk/24-25/dpt/cxcnst12024.htm
2024-11-21 16:19:20,717 - INFO - 1 instances updated to ./data_container/24_11_21_15_25_48/24-25_cx_s_su796.htm.csv.
2024-11-21 16:19:20,744 - INFO - Visiting: http://www.drps.ed.ac.uk/24-25/dpt/cxcnst12019.htm
2024-11-21 16:19:24,022 - INFO - 1 instances updated to ./data_container/24_11_21_15_25_48/24-25_cx_s_su796.htm.csv.
2024-11-21 16:19:24,049 - INFO - Visiting: http://www.drps.ed.ac.uk/24-25/dpt/cxcnst12010.htm
2024-11-21 16:19:27,793 - INFO - 1 instances updated to ./data_container/24_11_21_15_25_48/24-25_cx_s_su796.htm.csv.
2024-11-21 16:19:27,820 - INFO - Visiting: http://www.drps.ed.ac.uk/24-25/dpt/cxcnst12015.htm
2024-11-21 16:19:31,680 - INFO - 1 instances updated to ./data_container/24_11_21_15_25_48/24-25_cx_s_su796.htm.csv.
2024-11-21 16:19:31,714 - INFO - Visiting: http://www.drps.ed.ac.uk/24-25/dpt/cxcnst12014.htm
2024-11-21 16:19:35,147 - INFO - 1 instances updated to ./data_container/24_11_21_15_25_48/24-25_cx_s_su796.htm.csv.
2024-11-21 16:19:35,183 - INFO - Visiting: http://www.drps.ed.ac.uk/24-25/dpt/cxcnst12012.htm
2024-11-21 16:19:38,709 - INFO - 1 instances updated to ./data_container/24_11_21_15_25_48/24-25_cx_s_su796.htm.csv.
2024-11-21 16:19:38,709 - INFO - Mining for keywords Accessibility,Inclusive design,Disability rights,Adaptive tools is success.
2024-11-21 16:19:38,749 - INFO - Visiting: http://www.drps.ed.ac.uk/24-25/dpt/cx_sb_issh.htm
2024-11-21 16:19:38,789 - INFO - Visiting: http://www.drps.ed.ac.uk/24-25/dpt/cxissh11026.htm
2024-11-21 16:19:41,846 - INFO - 1 instances updated to ./data_container/24_11_21_15_25_48/24-25_cx_s_su796.htm.csv.
2024-11-21 16:19:41,874 - INFO - Visiting: http://www.drps.ed.ac.uk/24-25/dpt/cxissh11021.htm
2024-11-21 16:19:45,702 - INFO - 1 instances updated to ./data_container/24_11_21_15_25_48/24-25_cx_s_su796.htm.csv.
2024-11-21 16:19:45,729 - INFO - Visiting: http://www.drps.ed.ac.uk/24-25/dpt/cxissh11011.htm
2024-11-21 16:19:49,687 - INFO - 1 instances updated to ./data_container/24_11_21_15_25_48/24-25_cx_s_su796.htm.csv.
2024-11-21 16:19:49,715 - INFO - Visiting: http://www.drps.ed.ac.uk/24-25/dpt/cxissh11018.htm
2024-11-21 16:19:52,858 - INFO - 1 instances updated to ./data_container/24_11_21_15_25_48/24-25_cx_s_su796.htm.csv.
2024-11-21 16:19:52,886 - INFO - Visiting: http://www.drps.ed.ac.uk/24-25/dpt/cxissh11017.htm
2024-11-21 16:19:56,673 - INFO - 1 instances updated to ./data_container/24_11_21_15_25_48/24-25_cx_s_su796.htm.csv.
2024-11-21 16:19:56,702 - INFO - Visiting: http://www.drps.ed.ac.uk/24-25/dpt/cxissh11016.htm
2024-11-21 16:20:00,371 - INFO - 1 instances updated to ./data_container/24_11_21_15_25_48/24-25_cx_s_su796.htm.csv.
2024-11-21 16:20:00,398 - INFO - Visiting: http://www.drps.ed.ac.uk/24-25/dpt/cxissh11007.htm
2024-11-21 16:20:03,458 - INFO - 1 instances updated to ./data_container/24_11_21_15_25_48/24-25_cx_s_su796.htm.csv.
2024-11-21 16:20:03,606 - INFO - Visiting: http://www.drps.ed.ac.uk/24-25/dpt/cxissh11010.htm
2024-11-21 16:20:07,036 - INFO - 1 instances updated to ./data_container/24_11_21_15_25_48/24-25_cx_s_su796.htm.csv.
2024-11-21 16:20:09,368 - INFO - Visiting: http://www.drps.ed.ac.uk/24-25/dpt/cxissh11023.htm
2024-11-21 16:20:13,264 - INFO - 1 instances updated to ./data_container/24_11_21_15_25_48/24-25_cx_s_su796.htm.csv.
2024-11-21 16:20:13,264 - INFO - Mining for keywords Accessibility,Inclusive design,Disability rights,Adaptive tools is success.
2024-11-21 16:20:13,301 - INFO - Visiting: http://www.drps.ed.ac.uk/24-25/dpt/cx_sb_nust.htm
2024-11-21 16:20:13,366 - INFO - Visiting: http://www.drps.ed.ac.uk/24-25/dpt/cxnust08026.htm
2024-11-21 16:20:16,843 - INFO - 1 instances updated to ./data_container/24_11_21_15_25_48/24-25_cx_s_su796.htm.csv.
2024-11-21 16:20:16,870 - INFO - Visiting: http://www.drps.ed.ac.uk/24-25/dpt/cxnust08024.htm
2024-11-21 16:20:21,638 - INFO - 1 instances updated to ./data_container/24_11_21_15_25_48/24-25_cx_s_su796.htm.csv.
2024-11-21 16:20:21,667 - INFO - Visiting: http://www.drps.ed.ac.uk/24-25/dpt/cxnust08025.htm
2024-11-21 16:20:26,031 - INFO - 1 instances updated to ./data_container/24_11_21_15_25_48/24-25_cx_s_su796.htm.csv.
2024-11-21 16:20:26,069 - INFO - Visiting: http://www.drps.ed.ac.uk/24-25/dpt/cxnust08022.htm
2024-11-21 16:20:30,883 - INFO - 1 instances updated to ./data_container/24_11_21_15_25_48/24-25_cx_s_su796.htm.csv.
2024-11-21 16:20:30,911 - INFO - Visiting: http://www.drps.ed.ac.uk/24-25/dpt/cxnust08023.htm
2024-11-21 16:20:34,917 - INFO - 1 instances updated to ./data_container/24_11_21_15_25_48/24-25_cx_s_su796.htm.csv.
2024-11-21 16:20:34,946 - INFO - Visiting: http://www.drps.ed.ac.uk/24-25/dpt/cxnust08027.htm
2024-11-21 16:20:38,322 - INFO - 1 instances updated to ./data_container/24_11_21_15_25_48/24-25_cx_s_su796.htm.csv.
2024-11-21 16:20:38,357 - INFO - Visiting: http://www.drps.ed.ac.uk/24-25/dpt/cxnust08019.htm
2024-11-21 16:20:42,911 - INFO - 1 instances updated to ./data_container/24_11_21_15_25_48/24-25_cx_s_su796.htm.csv.
2024-11-21 16:20:42,992 - INFO - Visiting: http://www.drps.ed.ac.uk/24-25/dpt/cxnust08020.htm
2024-11-21 16:20:46,752 - INFO - 1 instances updated to ./data_container/24_11_21_15_25_48/24-25_cx_s_su796.htm.csv.
2024-11-21 16:20:46,779 - INFO - Visiting: http://www.drps.ed.ac.uk/24-25/dpt/cxnust08021.htm
2024-11-21 16:20:49,990 - INFO - 1 instances updated to ./data_container/24_11_21_15_25_48/24-25_cx_s_su796.htm.csv.
2024-11-21 16:20:50,030 - INFO - Visiting: http://www.drps.ed.ac.uk/24-25/dpt/cxnust10035.htm
2024-11-21 16:20:53,841 - INFO - 1 instances updated to ./data_container/24_11_21_15_25_48/24-25_cx_s_su796.htm.csv.
2024-11-21 16:20:53,869 - INFO - Visiting: http://www.drps.ed.ac.uk/24-25/dpt/cxnust10062.htm
2024-11-21 16:20:58,141 - INFO - 1 instances updated to ./data_container/24_11_21_15_25_48/24-25_cx_s_su796.htm.csv.
2024-11-21 16:20:58,170 - INFO - Visiting: http://www.drps.ed.ac.uk/24-25/dpt/cxnust10022.htm
2024-11-21 16:21:01,781 - INFO - 1 instances updated to ./data_container/24_11_21_15_25_48/24-25_cx_s_su796.htm.csv.
2024-11-21 16:21:01,809 - INFO - Visiting: http://www.drps.ed.ac.uk/24-25/dpt/cxnust10033.htm
2024-11-21 16:21:05,303 - INFO - 1 instances updated to ./data_container/24_11_21_15_25_48/24-25_cx_s_su796.htm.csv.
2024-11-21 16:21:05,331 - INFO - Visiting: http://www.drps.ed.ac.uk/24-25/dpt/cxnust10005.htm
2024-11-21 16:21:09,302 - INFO - 1 instances updated to ./data_container/24_11_21_15_25_48/24-25_cx_s_su796.htm.csv.
2024-11-21 16:21:09,329 - INFO - Visiting: http://www.drps.ed.ac.uk/24-25/dpt/cxnust10057.htm
2024-11-21 16:21:13,250 - INFO - 1 instances updated to ./data_container/24_11_21_15_25_48/24-25_cx_s_su796.htm.csv.
2024-11-21 16:21:13,277 - INFO - Visiting: http://www.drps.ed.ac.uk/24-25/dpt/cxnust10002.htm
2024-11-21 16:21:16,763 - INFO - 1 instances updated to ./data_container/24_11_21_15_25_48/24-25_cx_s_su796.htm.csv.
2024-11-21 16:21:16,791 - INFO - Visiting: http://www.drps.ed.ac.uk/24-25/dpt/cxnust10050.htm
2024-11-21 16:21:21,523 - INFO - 1 instances updated to ./data_container/24_11_21_15_25_48/24-25_cx_s_su796.htm.csv.
2024-11-21 16:21:21,561 - INFO - Visiting: http://www.drps.ed.ac.uk/24-25/dpt/cxnust10044.htm
2024-11-21 16:21:24,886 - INFO - 1 instances updated to ./data_container/24_11_21_15_25_48/24-25_cx_s_su796.htm.csv.
2024-11-21 16:21:24,914 - INFO - Visiting: http://www.drps.ed.ac.uk/24-25/dpt/cxnust10036.htm
2024-11-21 16:21:28,735 - INFO - 1 instances updated to ./data_container/24_11_21_15_25_48/24-25_cx_s_su796.htm.csv.
2024-11-21 16:21:28,764 - INFO - Visiting: http://www.drps.ed.ac.uk/24-25/dpt/cxnust10055.htm
2024-11-21 16:21:32,320 - INFO - 1 instances updated to ./data_container/24_11_21_15_25_48/24-25_cx_s_su796.htm.csv.
2024-11-21 16:21:32,364 - INFO - Visiting: http://www.drps.ed.ac.uk/24-25/dpt/cxnust10059.htm
2024-11-21 16:21:36,126 - INFO - 1 instances updated to ./data_container/24_11_21_15_25_48/24-25_cx_s_su796.htm.csv.
2024-11-21 16:21:36,157 - INFO - Visiting: http://www.drps.ed.ac.uk/24-25/dpt/cxnust10045.htm
2024-11-21 16:21:39,471 - INFO - 1 instances updated to ./data_container/24_11_21_15_25_48/24-25_cx_s_su796.htm.csv.
2024-11-21 16:21:39,508 - INFO - Visiting: http://www.drps.ed.ac.uk/24-25/dpt/cxnust10051.htm
2024-11-21 16:21:44,153 - INFO - 1 instances updated to ./data_container/24_11_21_15_25_48/24-25_cx_s_su796.htm.csv.
2024-11-21 16:21:44,180 - INFO - Visiting: http://www.drps.ed.ac.uk/24-25/dpt/cxnust10008.htm
2024-11-21 16:21:48,873 - INFO - 1 instances updated to ./data_container/24_11_21_15_25_48/24-25_cx_s_su796.htm.csv.
2024-11-21 16:21:48,902 - INFO - Visiting: http://www.drps.ed.ac.uk/24-25/dpt/cxnust10061.htm
2024-11-21 16:21:53,223 - INFO - 1 instances updated to ./data_container/24_11_21_15_25_48/24-25_cx_s_su796.htm.csv.
2024-11-21 16:21:53,298 - INFO - Visiting: http://www.drps.ed.ac.uk/24-25/dpt/cxnust10046.htm
2024-11-21 16:21:57,799 - INFO - 1 instances updated to ./data_container/24_11_21_15_25_48/24-25_cx_s_su796.htm.csv.
2024-11-21 16:21:57,826 - INFO - Visiting: http://www.drps.ed.ac.uk/24-25/dpt/cxnust10053.htm
2024-11-21 16:22:01,802 - INFO - 1 instances updated to ./data_container/24_11_21_15_25_48/24-25_cx_s_su796.htm.csv.
2024-11-21 16:22:01,833 - INFO - Visiting: http://www.drps.ed.ac.uk/24-25/dpt/cxnust10054.htm
2024-11-21 16:22:06,211 - INFO - 1 instances updated to ./data_container/24_11_21_15_25_48/24-25_cx_s_su796.htm.csv.
2024-11-21 16:22:09,789 - INFO - Visiting: http://www.drps.ed.ac.uk/24-25/dpt/cxnust10043.htm
2024-11-21 16:22:13,441 - INFO - 1 instances updated to ./data_container/24_11_21_15_25_48/24-25_cx_s_su796.htm.csv.
2024-11-21 16:22:13,468 - INFO - Visiting: http://www.drps.ed.ac.uk/24-25/dpt/cxnust10060.htm
2024-11-21 16:22:17,077 - INFO - 1 instances updated to ./data_container/24_11_21_15_25_48/24-25_cx_s_su796.htm.csv.
2024-11-21 16:22:17,109 - INFO - Visiting: http://www.drps.ed.ac.uk/24-25/dpt/cxnust10052.htm
2024-11-21 16:22:21,079 - INFO - 1 instances updated to ./data_container/24_11_21_15_25_48/24-25_cx_s_su796.htm.csv.
2024-11-21 16:22:21,112 - INFO - Visiting: http://www.drps.ed.ac.uk/24-25/dpt/cxnust10058.htm
2024-11-21 16:22:24,537 - INFO - 1 instances updated to ./data_container/24_11_21_15_25_48/24-25_cx_s_su796.htm.csv.
2024-11-21 16:22:24,569 - INFO - Visiting: http://www.drps.ed.ac.uk/24-25/dpt/cxnust10030.htm
2024-11-21 16:22:27,869 - INFO - 1 instances updated to ./data_container/24_11_21_15_25_48/24-25_cx_s_su796.htm.csv.
2024-11-21 16:22:27,910 - INFO - Visiting: http://www.drps.ed.ac.uk/24-25/dpt/cxnust10056.htm
2024-11-21 16:22:31,391 - INFO - 1 instances updated to ./data_container/24_11_21_15_25_48/24-25_cx_s_su796.htm.csv.
2024-11-21 16:22:31,420 - INFO - Visiting: http://www.drps.ed.ac.uk/24-25/dpt/cxnust11099.htm
2024-11-21 16:22:35,587 - INFO - 1 instances updated to ./data_container/24_11_21_15_25_48/24-25_cx_s_su796.htm.csv.
2024-11-21 16:22:35,623 - INFO - Visiting: http://www.drps.ed.ac.uk/24-25/dpt/cxnust11121.htm
2024-11-21 16:22:40,565 - INFO - 1 instances updated to ./data_container/24_11_21_15_25_48/24-25_cx_s_su796.htm.csv.
2024-11-21 16:22:40,592 - INFO - Visiting: http://www.drps.ed.ac.uk/24-25/dpt/cxnust11116.htm
2024-11-21 16:22:45,758 - INFO - 1 instances updated to ./data_container/24_11_21_15_25_48/24-25_cx_s_su796.htm.csv.
2024-11-21 16:22:45,823 - INFO - Visiting: http://www.drps.ed.ac.uk/24-25/dpt/cxnust11131.htm
2024-11-21 16:22:49,170 - INFO - 1 instances updated to ./data_container/24_11_21_15_25_48/24-25_cx_s_su796.htm.csv.
2024-11-21 16:22:49,200 - INFO - Visiting: http://www.drps.ed.ac.uk/24-25/dpt/cxnust11110.htm
2024-11-21 16:22:52,753 - INFO - 1 instances updated to ./data_container/24_11_21_15_25_48/24-25_cx_s_su796.htm.csv.
2024-11-21 16:22:52,781 - INFO - Visiting: http://www.drps.ed.ac.uk/24-25/dpt/cxnust11111.htm
2024-11-21 16:22:56,751 - INFO - 1 instances updated to ./data_container/24_11_21_15_25_48/24-25_cx_s_su796.htm.csv.
2024-11-21 16:22:56,780 - INFO - Visiting: http://www.drps.ed.ac.uk/24-25/dpt/cxnust11113.htm
2024-11-21 16:23:00,735 - INFO - 1 instances updated to ./data_container/24_11_21_15_25_48/24-25_cx_s_su796.htm.csv.
2024-11-21 16:23:00,769 - INFO - Visiting: http://www.drps.ed.ac.uk/24-25/dpt/cxnust11048.htm
2024-11-21 16:23:04,348 - INFO - 1 instances updated to ./data_container/24_11_21_15_25_48/24-25_cx_s_su796.htm.csv.
2024-11-21 16:23:04,385 - INFO - Visiting: http://www.drps.ed.ac.uk/24-25/dpt/cxnust11085.htm
2024-11-21 16:23:08,757 - INFO - 1 instances updated to ./data_container/24_11_21_15_25_48/24-25_cx_s_su796.htm.csv.
2024-11-21 16:23:08,791 - INFO - Visiting: http://www.drps.ed.ac.uk/24-25/dpt/cxnust11080.htm
2024-11-21 16:23:13,059 - INFO - 1 instances updated to ./data_container/24_11_21_15_25_48/24-25_cx_s_su796.htm.csv.
2024-11-21 16:23:13,086 - INFO - Visiting: http://www.drps.ed.ac.uk/24-25/dpt/cxnust11127.htm
2024-11-21 16:23:16,935 - INFO - 1 instances updated to ./data_container/24_11_21_15_25_48/24-25_cx_s_su796.htm.csv.
2024-11-21 16:23:16,962 - INFO - Visiting: http://www.drps.ed.ac.uk/24-25/dpt/cxnust11091.htm
2024-11-21 16:23:20,202 - INFO - 1 instances updated to ./data_container/24_11_21_15_25_48/24-25_cx_s_su796.htm.csv.
2024-11-21 16:23:20,241 - INFO - Visiting: http://www.drps.ed.ac.uk/24-25/dpt/cxnust11129.htm
2024-11-21 16:23:23,957 - INFO - 1 instances updated to ./data_container/24_11_21_15_25_48/24-25_cx_s_su796.htm.csv.
2024-11-21 16:23:23,987 - INFO - Visiting: http://www.drps.ed.ac.uk/24-25/dpt/cxnust11092.htm
2024-11-21 16:23:27,426 - INFO - 1 instances updated to ./data_container/24_11_21_15_25_48/24-25_cx_s_su796.htm.csv.
2024-11-21 16:23:27,464 - INFO - Visiting: http://www.drps.ed.ac.uk/24-25/dpt/cxnust11088.htm
2024-11-21 16:23:31,469 - INFO - 1 instances updated to ./data_container/24_11_21_15_25_48/24-25_cx_s_su796.htm.csv.
2024-11-21 16:23:31,498 - INFO - Visiting: http://www.drps.ed.ac.uk/24-25/dpt/cxnust11082.htm
2024-11-21 16:23:36,526 - INFO - 1 instances updated to ./data_container/24_11_21_15_25_48/24-25_cx_s_su796.htm.csv.
2024-11-21 16:23:36,558 - INFO - Visiting: http://www.drps.ed.ac.uk/24-25/dpt/cxnust11102.htm
2024-11-21 16:23:41,203 - INFO - 1 instances updated to ./data_container/24_11_21_15_25_48/24-25_cx_s_su796.htm.csv.
2024-11-21 16:23:41,236 - INFO - Visiting: http://www.drps.ed.ac.uk/24-25/dpt/cxnust11058.htm
2024-11-21 16:23:45,535 - INFO - 1 instances updated to ./data_container/24_11_21_15_25_48/24-25_cx_s_su796.htm.csv.
2024-11-21 16:23:45,562 - INFO - Visiting: http://www.drps.ed.ac.uk/24-25/dpt/cxnust11033.htm
2024-11-21 16:23:49,737 - INFO - 1 instances updated to ./data_container/24_11_21_15_25_48/24-25_cx_s_su796.htm.csv.
2024-11-21 16:23:49,765 - INFO - Visiting: http://www.drps.ed.ac.uk/24-25/dpt/cxnust11125.htm
2024-11-21 16:23:54,182 - INFO - 1 instances updated to ./data_container/24_11_21_15_25_48/24-25_cx_s_su796.htm.csv.
                                                                                                                                                                                                                                                                                                                                                                                                                                                                                                                                                                                                                                                                                                                                                                                                                                                                                                                                                                                                                                                                                                                                                                                                                                                                                                                                                                                                                                                                                                                                                                                                                                                                                                                                                                                                                                                                                                                                                                                                                                                                                                                                                                                                                                                                                                                                                                                                                                                                                                                                                                                                                                                                                                                                                                                                                                                                                                                                                                                                                                                                                                                                                                                                                                                                                                                                                                                                                                                                                                                                                                                                                                                                                                                                                                                                                                                                                                                                                                                                                                                                                                                                                                                                                                                                                                                                                                                                                                                                                                                                                                                                                                                                                                                                                                                                                                                                                                                                                                                                                                                                                                                                                                                                                                                                                                                                                                                                                                                                                                                                                                                                                                                                                                                                                                                                                                                                                                                                                                                                                                                                                                                                                                                                                                                                                                                                                                                                                                                                                                                                                                                                                                                                                                                                                                                                                                                                                                                                                                                                                                                                                                                                                                                                                                                                                                                                                                                                                                                                                                                                                                                                                                                                                                                                                                                                                                                                                                                                                                                                                                                                                                                                                                                                                                                                                                                                                                                                                                                                                                                                                                                                                                                                                                                                                                                                                                                                                                                                                                                                                                                                                                                                                                                                                                                                                                                                                                                                                                                                                                                                                                                                                                                                                                                                                                                                                                                                                                                                                                                                                        2024-11-21 16:10:40,376 - INFO - Logger configured. Record to mine sites relevant to keywords semantic space.
2024-11-21 16:10:40,376 - INFO - ./data_container/24_11_21_15_25_48/24-25_cx_s_su796.htm.csv created.
2024-11-21 16:10:40,404 - INFO - Visiting: http://www.drps.ed.ac.uk/24-25/dpt/cx_sb_clps.htm
2024-11-21 16:10:40,470 - INFO - Visiting: http://www.drps.ed.ac.uk/24-25/dpt/cxclps10001.htm
2024-11-21 16:10:43,919 - INFO - 1 instances updated to ./data_container/24_11_21_15_25_48/24-25_cx_s_su796.htm.csv.
2024-11-21 16:10:43,947 - INFO - Visiting: http://www.drps.ed.ac.uk/24-25/dpt/cxclps11061.htm
2024-11-21 16:10:48,526 - INFO - 1 instances updated to ./data_container/24_11_21_15_25_48/24-25_cx_s_su796.htm.csv.
2024-11-21 16:10:48,559 - INFO - Visiting: http://www.drps.ed.ac.uk/24-25/dpt/cxclps11097.htm
2024-11-21 16:10:53,489 - INFO - 1 instances updated to ./data_container/24_11_21_15_25_48/24-25_cx_s_su796.htm.csv.
2024-11-21 16:10:53,523 - INFO - Visiting: http://www.drps.ed.ac.uk/24-25/dpt/cxclps11105.htm
2024-11-21 16:10:59,019 - INFO - 1 instances updated to ./data_container/24_11_21_15_25_48/24-25_cx_s_su796.htm.csv.
2024-11-21 16:10:59,053 - INFO - Visiting: http://www.drps.ed.ac.uk/24-25/dpt/cxclps11037.htm
2024-11-21 16:11:02,635 - INFO - 1 instances updated to ./data_container/24_11_21_15_25_48/24-25_cx_s_su796.htm.csv.
2024-11-21 16:11:02,664 - INFO - Visiting: http://www.drps.ed.ac.uk/24-25/dpt/cxclps11068.htm
2024-11-21 16:11:06,548 - INFO - 1 instances updated to ./data_container/24_11_21_15_25_48/24-25_cx_s_su796.htm.csv.
2024-11-21 16:11:06,576 - INFO - Visiting: http://www.drps.ed.ac.uk/24-25/dpt/cxclps11041.htm
2024-11-21 16:11:09,980 - INFO - 1 instances updated to ./data_container/24_11_21_15_25_48/24-25_cx_s_su796.htm.csv.
2024-11-21 16:11:10,013 - INFO - Visiting: http://www.drps.ed.ac.uk/24-25/dpt/cxclps11086.htm
2024-11-21 16:11:14,327 - INFO - 1 instances updated to ./data_container/24_11_21_15_25_48/24-25_cx_s_su796.htm.csv.
2024-11-21 16:11:14,369 - INFO - Visiting: http://www.drps.ed.ac.uk/24-25/dpt/cxclps11012.htm
2024-11-21 16:11:18,665 - INFO - 1 instances updated to ./data_container/24_11_21_15_25_48/24-25_cx_s_su796.htm.csv.
2024-11-21 16:11:18,711 - INFO - Visiting: http://www.drps.ed.ac.uk/24-25/dpt/cxclps11079.htm
2024-11-21 16:11:24,139 - INFO - 1 instances updated to ./data_container/24_11_21_15_25_48/24-25_cx_s_su796.htm.csv.
2024-11-21 16:11:24,179 - INFO - Visiting: http://www.drps.ed.ac.uk/24-25/dpt/cxclps11065.htm
2024-11-21 16:11:28,350 - INFO - 1 instances updated to ./data_container/24_11_21_15_25_48/24-25_cx_s_su796.htm.csv.
2024-11-21 16:11:28,378 - INFO - Visiting: http://www.drps.ed.ac.uk/24-25/dpt/cxclps11083.htm
2024-11-21 16:11:32,436 - INFO - 1 instances updated to ./data_container/24_11_21_15_25_48/24-25_cx_s_su796.htm.csv.
2024-11-21 16:11:32,467 - INFO - Visiting: http://www.drps.ed.ac.uk/24-25/dpt/cxclps11082.htm
2024-11-21 16:11:36,338 - INFO - 1 instances updated to ./data_container/24_11_21_15_25_48/24-25_cx_s_su796.htm.csv.
2024-11-21 16:11:36,369 - INFO - Visiting: http://www.drps.ed.ac.uk/24-25/dpt/cxclps11089.htm
2024-11-21 16:11:40,552 - INFO - 1 instances updated to ./data_container/24_11_21_15_25_48/24-25_cx_s_su796.htm.csv.
2024-11-21 16:11:40,581 - INFO - Visiting: http://www.drps.ed.ac.uk/24-25/dpt/cxclps11070.htm
2024-11-21 16:11:45,922 - INFO - 1 instances updated to ./data_container/24_11_21_15_25_48/24-25_cx_s_su796.htm.csv.
2024-11-21 16:11:45,950 - INFO - Visiting: http://www.drps.ed.ac.uk/24-25/dpt/cxclps11081.htm
2024-11-21 16:11:49,980 - INFO - 1 instances updated to ./data_container/24_11_21_15_25_48/24-25_cx_s_su796.htm.csv.
2024-11-21 16:11:50,009 - INFO - Visiting: http://www.drps.ed.ac.uk/24-25/dpt/cxclps11088.htm
2024-11-21 16:11:53,945 - INFO - 1 instances updated to ./data_container/24_11_21_15_25_48/24-25_cx_s_su796.htm.csv.
2024-11-21 16:11:53,976 - INFO - Visiting: http://www.drps.ed.ac.uk/24-25/dpt/cxclps11002.htm
2024-11-21 16:11:58,269 - INFO - 1 instances updated to ./data_container/24_11_21_15_25_48/24-25_cx_s_su796.htm.csv.
2024-11-21 16:11:58,298 - INFO - Visiting: http://www.drps.ed.ac.uk/24-25/dpt/cxclps11029.htm
2024-11-21 16:12:02,055 - INFO - 1 instances updated to ./data_container/24_11_21_15_25_48/24-25_cx_s_su796.htm.csv.
2024-11-21 16:12:02,090 - INFO - Visiting: http://www.drps.ed.ac.uk/24-25/dpt/cxclps11092.htm
2024-11-21 16:12:06,435 - INFO - 1 instances updated to ./data_container/24_11_21_15_25_48/24-25_cx_s_su796.htm.csv.
2024-11-21 16:12:06,604 - INFO - Visiting: http://www.drps.ed.ac.uk/24-25/dpt/cxclps11071.htm
2024-11-21 16:12:10,450 - INFO - 1 instances updated to ./data_container/24_11_21_15_25_48/24-25_cx_s_su796.htm.csv.
2024-11-21 16:12:11,398 - INFO - Visiting: http://www.drps.ed.ac.uk/24-25/dpt/cxclps11060.htm
2024-11-21 16:12:15,279 - INFO - 1 instances updated to ./data_container/24_11_21_15_25_48/24-25_cx_s_su796.htm.csv.
2024-11-21 16:12:15,308 - INFO - Visiting: http://www.drps.ed.ac.uk/24-25/dpt/cxclps11052.htm
2024-11-21 16:12:19,073 - INFO - 1 instances updated to ./data_container/24_11_21_15_25_48/24-25_cx_s_su796.htm.csv.
2024-11-21 16:12:19,101 - INFO - Visiting: http://www.drps.ed.ac.uk/24-25/dpt/cxclps11087.htm
2024-11-21 16:12:23,334 - INFO - 1 instances updated to ./data_container/24_11_21_15_25_48/24-25_cx_s_su796.htm.csv.
2024-11-21 16:12:23,363 - INFO - Visiting: http://www.drps.ed.ac.uk/24-25/dpt/cxclps11053.htm
2024-11-21 16:12:27,601 - INFO - 1 instances updated to ./data_container/24_11_21_15_25_48/24-25_cx_s_su796.htm.csv.
2024-11-21 16:12:27,636 - INFO - Visiting: http://www.drps.ed.ac.uk/24-25/dpt/cxclps11044.htm
2024-11-21 16:12:31,075 - INFO - 1 instances updated to ./data_container/24_11_21_15_25_48/24-25_cx_s_su796.htm.csv.
2024-11-21 16:12:31,103 - INFO - Visiting: http://www.drps.ed.ac.uk/24-25/dpt/cxclps11054.htm
2024-11-21 16:12:34,321 - INFO - 1 instances updated to ./data_container/24_11_21_15_25_48/24-25_cx_s_su796.htm.csv.
2024-11-21 16:12:34,357 - INFO - Visiting: http://www.drps.ed.ac.uk/24-25/dpt/cxclps11048.htm
2024-11-21 16:12:37,447 - INFO - 1 instances updated to ./data_container/24_11_21_15_25_48/24-25_cx_s_su796.htm.csv.
2024-11-21 16:12:37,478 - INFO - Visiting: http://www.drps.ed.ac.uk/24-25/dpt/cxclps11103.htm
2024-11-21 16:12:40,551 - INFO - 1 instances updated to ./data_container/24_11_21_15_25_48/24-25_cx_s_su796.htm.csv.
2024-11-21 16:12:40,578 - INFO - Visiting: http://www.drps.ed.ac.uk/24-25/dpt/cxclps11049.htm
2024-11-21 16:12:44,618 - INFO - 1 instances updated to ./data_container/24_11_21_15_25_48/24-25_cx_s_su796.htm.csv.
2024-11-21 16:12:44,648 - INFO - Visiting: http://www.drps.ed.ac.uk/24-25/dpt/cxclps11077.htm
2024-11-21 16:12:48,171 - INFO - 1 instances updated to ./data_container/24_11_21_15_25_48/24-25_cx_s_su796.htm.csv.
2024-11-21 16:12:48,197 - INFO - Visiting: http://www.drps.ed.ac.uk/24-25/dpt/cxclps11078.htm
2024-11-21 16:12:51,989 - INFO - 1 instances updated to ./data_container/24_11_21_15_25_48/24-25_cx_s_su796.htm.csv.
2024-11-21 16:12:52,074 - INFO - Visiting: http://www.drps.ed.ac.uk/24-25/dpt/cxclps11076.htm
2024-11-21 16:12:55,610 - INFO - 1 instances updated to ./data_container/24_11_21_15_25_48/24-25_cx_s_su796.htm.csv.
2024-11-21 16:12:55,637 - INFO - Visiting: http://www.drps.ed.ac.uk/24-25/dpt/cxclps11030.htm
2024-11-21 16:12:58,771 - INFO - 1 instances updated to ./data_container/24_11_21_15_25_48/24-25_cx_s_su796.htm.csv.
2024-11-21 16:12:58,800 - INFO - Visiting: http://www.drps.ed.ac.uk/24-25/dpt/cxclps11072.htm
2024-11-21 16:13:02,240 - INFO - 1 instances updated to ./data_container/24_11_21_15_25_48/24-25_cx_s_su796.htm.csv.
2024-11-21 16:13:02,257 - INFO - Visiting: http://www.drps.ed.ac.uk/24-25/dpt/cxclps11104.htm
2024-11-21 16:13:06,559 - INFO - 1 instances updated to ./data_container/24_11_21_15_25_48/24-25_cx_s_su796.htm.csv.
2024-11-21 16:13:06,587 - INFO - Visiting: http://www.drps.ed.ac.uk/24-25/dpt/cxclps11009.htm
2024-11-21 16:13:10,085 - INFO - 1 instances updated to ./data_container/24_11_21_15_25_48/24-25_cx_s_su796.htm.csv.
2024-11-21 16:13:10,115 - INFO - Visiting: http://www.drps.ed.ac.uk/24-25/dpt/cxclps11039.htm
2024-11-21 16:13:13,346 - INFO - 1 instances updated to ./data_container/24_11_21_15_25_48/24-25_cx_s_su796.htm.csv.
2024-11-21 16:13:13,383 - INFO - Visiting: http://www.drps.ed.ac.uk/24-25/dpt/cxclps11050.htm
2024-11-21 16:13:16,632 - INFO - 1 instances updated to ./data_container/24_11_21_15_25_48/24-25_cx_s_su796.htm.csv.
2024-11-21 16:13:16,664 - INFO - Visiting: http://www.drps.ed.ac.uk/24-25/dpt/cxclps11091.htm
2024-11-21 16:13:20,463 - INFO - 1 instances updated to ./data_container/24_11_21_15_25_48/24-25_cx_s_su796.htm.csv.
2024-11-21 16:13:20,491 - INFO - Visiting: http://www.drps.ed.ac.uk/24-25/dpt/cxclps11010.htm
2024-11-21 16:13:23,548 - INFO - 1 instances updated to ./data_container/24_11_21_15_25_48/24-25_cx_s_su796.htm.csv.
2024-11-21 16:13:23,578 - INFO - Visiting: http://www.drps.ed.ac.uk/24-25/dpt/cxclps11033.htm
2024-11-21 16:13:27,585 - INFO - 1 instances updated to ./data_container/24_11_21_15_25_48/24-25_cx_s_su796.htm.csv.
2024-11-21 16:13:27,613 - INFO - Visiting: http://www.drps.ed.ac.uk/24-25/dpt/cxclps11099.htm
2024-11-21 16:13:31,217 - INFO - 1 instances updated to ./data_container/24_11_21_15_25_48/24-25_cx_s_su796.htm.csv.
2024-11-21 16:13:31,245 - INFO - Visiting: http://www.drps.ed.ac.uk/24-25/dpt/cxclps11063.htm
2024-11-21 16:13:34,555 - INFO - 1 instances updated to ./data_container/24_11_21_15_25_48/24-25_cx_s_su796.htm.csv.
2024-11-21 16:13:34,584 - INFO - Visiting: http://www.drps.ed.ac.uk/24-25/dpt/cxclps11055.htm
2024-11-21 16:13:38,181 - INFO - 1 instances updated to ./data_container/24_11_21_15_25_48/24-25_cx_s_su796.htm.csv.
2024-11-21 16:13:38,215 - INFO - Visiting: http://www.drps.ed.ac.uk/24-25/dpt/cxclps11073.htm
2024-11-21 16:13:41,722 - INFO - 1 instances updated to ./data_container/24_11_21_15_25_48/24-25_cx_s_su796.htm.csv.
2024-11-21 16:13:41,750 - INFO - Visiting: http://www.drps.ed.ac.uk/24-25/dpt/cxclps11084.htm
2024-11-21 16:13:45,607 - INFO - 1 instances updated to ./data_container/24_11_21_15_25_48/24-25_cx_s_su796.htm.csv.
2024-11-21 16:13:45,640 - INFO - Visiting: http://www.drps.ed.ac.uk/24-25/dpt/cxclps11064.htm
2024-11-21 16:13:49,501 - INFO - 1 instances updated to ./data_container/24_11_21_15_25_48/24-25_cx_s_su796.htm.csv.
2024-11-21 16:13:49,529 - INFO - Visiting: http://www.drps.ed.ac.uk/24-25/dpt/cxclps11094.htm
2024-11-21 16:13:53,528 - INFO - 1 instances updated to ./data_container/24_11_21_15_25_48/24-25_cx_s_su796.htm.csv.
2024-11-21 16:13:53,559 - INFO - Visiting: http://www.drps.ed.ac.uk/24-25/dpt/cxclps11058.htm
2024-11-21 16:13:56,693 - INFO - 1 instances updated to ./data_container/24_11_21_15_25_48/24-25_cx_s_su796.htm.csv.
2024-11-21 16:13:56,721 - INFO - Visiting: http://www.drps.ed.ac.uk/24-25/dpt/cxclps11047.htm
2024-11-21 16:14:01,552 - INFO - 1 instances updated to ./data_container/24_11_21_15_25_48/24-25_cx_s_su796.htm.csv.
2024-11-21 16:14:01,585 - INFO - Visiting: http://www.drps.ed.ac.uk/24-25/dpt/cxclps11085.htm
2024-11-21 16:14:05,667 - INFO - 1 instances updated to ./data_container/24_11_21_15_25_48/24-25_cx_s_su796.htm.csv.
2024-11-21 16:14:08,890 - INFO - Visiting: http://www.drps.ed.ac.uk/24-25/dpt/cxclps11100.htm
2024-11-21 16:14:12,712 - INFO - 1 instances updated to ./data_container/24_11_21_15_25_48/24-25_cx_s_su796.htm.csv.
2024-11-21 16:14:12,774 - INFO - Visiting: http://www.drps.ed.ac.uk/24-25/dpt/cxclps11042.htm
2024-11-21 16:14:16,421 - INFO - 1 instances updated to ./data_container/24_11_21_15_25_48/24-25_cx_s_su796.htm.csv.
2024-11-21 16:14:16,450 - INFO - Visiting: http://www.drps.ed.ac.uk/24-25/dpt/cxclps11013.htm
2024-11-21 16:14:20,985 - INFO - 1 instances updated to ./data_container/24_11_21_15_25_48/24-25_cx_s_su796.htm.csv.
2024-11-21 16:14:21,015 - INFO - Visiting: http://www.drps.ed.ac.uk/24-25/dpt/cxclps11006.htm
2024-11-21 16:14:24,873 - INFO - 1 instances updated to ./data_container/24_11_21_15_25_48/24-25_cx_s_su796.htm.csv.
2024-11-21 16:14:24,903 - INFO - Visiting: http://www.drps.ed.ac.uk/24-25/dpt/cxclps11062.htm
2024-11-21 16:14:28,670 - INFO - 1 instances updated to ./data_container/24_11_21_15_25_48/24-25_cx_s_su796.htm.csv.
2024-11-21 16:14:28,698 - INFO - Visiting: http://www.drps.ed.ac.uk/24-25/dpt/cxclps11014.htm
2024-11-21 16:14:31,846 - INFO - 1 instances updated to ./data_container/24_11_21_15_25_48/24-25_cx_s_su796.htm.csv.
2024-11-21 16:14:31,877 - INFO - Visiting: http://www.drps.ed.ac.uk/24-25/dpt/cxclps11090.htm
2024-11-21 16:14:36,429 - INFO - 1 instances updated to ./data_container/24_11_21_15_25_48/24-25_cx_s_su796.htm.csv.
2024-11-21 16:14:36,466 - INFO - Visiting: http://www.drps.ed.ac.uk/24-25/dpt/cxclps11056.htm
2024-11-21 16:14:40,090 - INFO - 1 instances updated to ./data_container/24_11_21_15_25_48/24-25_cx_s_su796.htm.csv.
2024-11-21 16:14:40,118 - INFO - Visiting: http://www.drps.ed.ac.uk/24-25/dpt/cxclps11095.htm
2024-11-21 16:14:44,918 - INFO - 1 instances updated to ./data_container/24_11_21_15_25_48/24-25_cx_s_su796.htm.csv.
2024-11-21 16:14:44,945 - INFO - Visiting: http://www.drps.ed.ac.uk/24-25/dpt/cxclps11066.htm
2024-11-21 16:14:49,216 - INFO - 1 instances updated to ./data_container/24_11_21_15_25_48/24-25_cx_s_su796.htm.csv.
2024-11-21 16:14:49,246 - INFO - Visiting: http://www.drps.ed.ac.uk/24-25/dpt/cxclps11067.htm
2024-11-21 16:14:52,513 - INFO - 1 instances updated to ./data_container/24_11_21_15_25_48/24-25_cx_s_su796.htm.csv.
2024-11-21 16:14:52,543 - INFO - Visiting: http://www.drps.ed.ac.uk/24-25/dpt/cxclps11046.htm
2024-11-21 16:14:56,516 - INFO - 1 instances updated to ./data_container/24_11_21_15_25_48/24-25_cx_s_su796.htm.csv.
2024-11-21 16:14:56,544 - INFO - Visiting: http://www.drps.ed.ac.uk/24-25/dpt/cxclps11101.htm
2024-11-21 16:15:00,293 - INFO - 1 instances updated to ./data_container/24_11_21_15_25_48/24-25_cx_s_su796.htm.csv.
2024-11-21 16:15:00,326 - INFO - Visiting: http://www.drps.ed.ac.uk/24-25/dpt/cxclps11057.htm
2024-11-21 16:15:03,976 - INFO - 1 instances updated to ./data_container/24_11_21_15_25_48/24-25_cx_s_su796.htm.csv.
2024-11-21 16:15:04,016 - INFO - Visiting: http://www.drps.ed.ac.uk/24-25/dpt/cxclps11096.htm
2024-11-21 16:15:07,899 - INFO - 1 instances updated to ./data_container/24_11_21_15_25_48/24-25_cx_s_su796.htm.csv.
2024-11-21 16:15:07,930 - INFO - Visiting: http://www.drps.ed.ac.uk/24-25/dpt/cxclps11045.htm
2024-11-21 16:15:11,984 - INFO - 1 instances updated to ./data_container/24_11_21_15_25_48/24-25_cx_s_su796.htm.csv.
2024-11-21 16:15:12,011 - INFO - Visiting: http://www.drps.ed.ac.uk/24-25/dpt/cxclps11102.htm
2024-11-21 16:15:19,755 - INFO - 1 instances updated to ./data_container/24_11_21_15_25_48/24-25_cx_s_su796.htm.csv.
2024-11-21 16:15:19,798 - INFO - Visiting: http://www.drps.ed.ac.uk/24-25/dpt/cxclps11080.htm
2024-11-21 16:15:23,460 - INFO - 1 instances updated to ./data_container/24_11_21_15_25_48/24-25_cx_s_su796.htm.csv.
2024-11-21 16:15:23,487 - INFO - Visiting: http://www.drps.ed.ac.uk/24-25/dpt/cxclps11093.htm
2024-11-21 16:15:27,513 - INFO - 1 instances updated to ./data_container/24_11_21_15_25_48/24-25_cx_s_su796.htm.csv.
2024-11-21 16:15:27,541 - INFO - Visiting: http://www.drps.ed.ac.uk/24-25/dpt/cxclps11098.htm
2024-11-21 16:15:31,415 - INFO - 1 instances updated to ./data_container/24_11_21_15_25_48/24-25_cx_s_su796.htm.csv.
2024-11-21 16:15:31,445 - INFO - Visiting: http://www.drps.ed.ac.uk/24-25/dpt/cxclps12002.htm
2024-11-21 16:15:36,312 - INFO - 1 instances updated to ./data_container/24_11_21_15_25_48/24-25_cx_s_su796.htm.csv.
2024-11-21 16:15:36,341 - INFO - Visiting: http://www.drps.ed.ac.uk/24-25/dpt/cxclps12009.htm
2024-11-21 16:15:40,511 - INFO - 1 instances updated to ./data_container/24_11_21_15_25_48/24-25_cx_s_su796.htm.csv.
2024-11-21 16:15:40,542 - INFO - Visiting: http://www.drps.ed.ac.uk/24-25/dpt/cxclps12034.htm
2024-11-21 16:15:44,211 - INFO - 1 instances updated to ./data_container/24_11_21_15_25_48/24-25_cx_s_su796.htm.csv.
2024-11-21 16:15:44,245 - INFO - Visiting: http://www.drps.ed.ac.uk/24-25/dpt/cxclps12035.htm
2024-11-21 16:15:47,898 - INFO - 1 instances updated to ./data_container/24_11_21_15_25_48/24-25_cx_s_su796.htm.csv.
2024-11-21 16:15:47,926 - INFO - Visiting: http://www.drps.ed.ac.uk/24-25/dpt/cxclps12038.htm
2024-11-21 16:15:51,834 - INFO - 1 instances updated to ./data_container/24_11_21_15_25_48/24-25_cx_s_su796.htm.csv.
2024-11-21 16:15:51,869 - INFO - Visiting: http://www.drps.ed.ac.uk/24-25/dpt/cxclps12039.htm
2024-11-21 16:15:56,053 - INFO - 1 instances updated to ./data_container/24_11_21_15_25_48/24-25_cx_s_su796.htm.csv.
2024-11-21 16:15:56,084 - INFO - Visiting: http://www.drps.ed.ac.uk/24-25/dpt/cxclps12016.htm
2024-11-21 16:15:59,892 - INFO - 1 instances updated to ./data_container/24_11_21_15_25_48/24-25_cx_s_su796.htm.csv.
2024-11-21 16:15:59,922 - INFO - Visiting: http://www.drps.ed.ac.uk/24-25/dpt/cxclps12036.htm
2024-11-21 16:16:03,393 - INFO - 1 instances updated to ./data_container/24_11_21_15_25_48/24-25_cx_s_su796.htm.csv.
2024-11-21 16:16:03,779 - INFO - Visiting: http://www.drps.ed.ac.uk/24-25/dpt/cxclps12037.htm
2024-11-21 16:16:07,696 - INFO - 1 instances updated to ./data_container/24_11_21_15_25_48/24-25_cx_s_su796.htm.csv.
2024-11-21 16:16:07,728 - INFO - Visiting: http://www.drps.ed.ac.uk/24-25/dpt/cxclps12013.htm
2024-11-21 16:16:11,827 - INFO - 1 instances updated to ./data_container/24_11_21_15_25_48/24-25_cx_s_su796.htm.csv.
2024-11-21 16:16:12,365 - INFO - Visiting: http://www.drps.ed.ac.uk/24-25/dpt/cxclps12014.htm
2024-11-21 16:16:17,029 - INFO - 1 instances updated to ./data_container/24_11_21_15_25_48/24-25_cx_s_su796.htm.csv.
2024-11-21 16:16:17,030 - INFO - Mining for keywords Accessibility,Inclusive design,Disability rights,Adaptive tools is success.
2024-11-21 16:16:17,077 - INFO - Visiting: http://www.drps.ed.ac.uk/24-25/dpt/cx_sb_cnst.htm
2024-11-21 16:16:17,134 - INFO - Visiting: http://www.drps.ed.ac.uk/24-25/dpt/cxcnst08001.htm
2024-11-21 16:16:21,147 - INFO - 1 instances updated to ./data_container/24_11_21_15_25_48/24-25_cx_s_su796.htm.csv.
2024-11-21 16:16:21,177 - INFO - Visiting: http://www.drps.ed.ac.uk/24-25/dpt/cxcnst08002.htm
2024-11-21 16:16:24,669 - INFO - 1 instances updated to ./data_container/24_11_21_15_25_48/24-25_cx_s_su796.htm.csv.
2024-11-21 16:16:24,702 - INFO - Visiting: http://www.drps.ed.ac.uk/24-25/dpt/cxcnst11079.htm
2024-11-21 16:16:28,254 - INFO - 1 instances updated to ./data_container/24_11_21_15_25_48/24-25_cx_s_su796.htm.csv.
2024-11-21 16:16:28,281 - INFO - Visiting: http://www.drps.ed.ac.uk/24-25/dpt/cxcnst11061.htm
2024-11-21 16:16:33,013 - INFO - 1 instances updated to ./data_container/24_11_21_15_25_48/24-25_cx_s_su796.htm.csv.
2024-11-21 16:16:33,044 - INFO - Visiting: http://www.drps.ed.ac.uk/24-25/dpt/cxcnst11053.htm
2024-11-21 16:16:36,722 - INFO - 1 instances updated to ./data_container/24_11_21_15_25_48/24-25_cx_s_su796.htm.csv.
2024-11-21 16:16:36,751 - INFO - Visiting: http://www.drps.ed.ac.uk/24-25/dpt/cxcnst11095.htm
2024-11-21 16:16:40,610 - INFO - 1 instances updated to ./data_container/24_11_21_15_25_48/24-25_cx_s_su796.htm.csv.
2024-11-21 16:16:40,638 - INFO - Visiting: http://www.drps.ed.ac.uk/24-25/dpt/cxcnst11034.htm
2024-11-21 16:16:44,360 - INFO - 1 instances updated to ./data_container/24_11_21_15_25_48/24-25_cx_s_su796.htm.csv.
2024-11-21 16:16:44,390 - INFO - Visiting: http://www.drps.ed.ac.uk/24-25/dpt/cxcnst11090.htm
2024-11-21 16:16:48,636 - INFO - 1 instances updated to ./data_container/24_11_21_15_25_48/24-25_cx_s_su796.htm.csv.
2024-11-21 16:16:48,670 - INFO - Visiting: http://www.drps.ed.ac.uk/24-25/dpt/cxcnst11047.htm
2024-11-21 16:16:52,525 - INFO - 1 instances updated to ./data_container/24_11_21_15_25_48/24-25_cx_s_su796.htm.csv.
2024-11-21 16:16:52,553 - INFO - Visiting: http://www.drps.ed.ac.uk/24-25/dpt/cxcnst11076.htm
2024-11-21 16:16:56,175 - INFO - 1 instances updated to ./data_container/24_11_21_15_25_48/24-25_cx_s_su796.htm.csv.
2024-11-21 16:16:56,211 - INFO - Visiting: http://www.drps.ed.ac.uk/24-25/dpt/cxcnst11075.htm
2024-11-21 16:16:59,952 - INFO - 1 instances updated to ./data_container/24_11_21_15_25_48/24-25_cx_s_su796.htm.csv.
2024-11-21 16:16:59,984 - INFO - Visiting: http://www.drps.ed.ac.uk/24-25/dpt/cxcnst11097.htm
2024-11-21 16:17:04,765 - INFO - 1 instances updated to ./data_container/24_11_21_15_25_48/24-25_cx_s_su796.htm.csv.
2024-11-21 16:17:04,793 - INFO - Visiting: http://www.drps.ed.ac.uk/24-25/dpt/cxcnst11041.htm
2024-11-21 16:17:08,447 - INFO - 1 instances updated to ./data_container/24_11_21_15_25_48/24-25_cx_s_su796.htm.csv.
2024-11-21 16:17:08,473 - INFO - Visiting: http://www.drps.ed.ac.uk/24-25/dpt/cxcnst11068.htm
2024-11-21 16:17:12,210 - INFO - 1 instances updated to ./data_container/24_11_21_15_25_48/24-25_cx_s_su796.htm.csv.
2024-11-21 16:17:12,238 - INFO - Visiting: http://www.drps.ed.ac.uk/24-25/dpt/cxcnst11088.htm
2024-11-21 16:17:16,476 - INFO - 1 instances updated to ./data_container/24_11_21_15_25_48/24-25_cx_s_su796.htm.csv.
2024-11-21 16:17:16,506 - INFO - Visiting: http://www.drps.ed.ac.uk/24-25/dpt/cxcnst11089.htm
2024-11-21 16:17:20,571 - INFO - 1 instances updated to ./data_container/24_11_21_15_25_48/24-25_cx_s_su796.htm.csv.
2024-11-21 16:17:20,599 - INFO - Visiting: http://www.drps.ed.ac.uk/24-25/dpt/cxcnst11080.htm
2024-11-21 16:17:23,823 - INFO - 1 instances updated to ./data_container/24_11_21_15_25_48/24-25_cx_s_su796.htm.csv.
2024-11-21 16:17:23,851 - INFO - Visiting: http://www.drps.ed.ac.uk/24-25/dpt/cxcnst11086.htm
2024-11-21 16:17:28,117 - INFO - 1 instances updated to ./data_container/24_11_21_15_25_48/24-25_cx_s_su796.htm.csv.
2024-11-21 16:17:28,145 - INFO - Visiting: http://www.drps.ed.ac.uk/24-25/dpt/cxcnst11081.htm
2024-11-21 16:17:32,546 - INFO - 1 instances updated to ./data_container/24_11_21_15_25_48/24-25_cx_s_su796.htm.csv.
2024-11-21 16:17:32,577 - INFO - Visiting: http://www.drps.ed.ac.uk/24-25/dpt/cxcnst11012.htm
2024-11-21 16:17:36,239 - INFO - 1 instances updated to ./data_container/24_11_21_15_25_48/24-25_cx_s_su796.htm.csv.
2024-11-21 16:17:36,267 - INFO - Visiting: http://www.drps.ed.ac.uk/24-25/dpt/cxcnst11043.htm
2024-11-21 16:17:39,768 - INFO - 1 instances updated to ./data_container/24_11_21_15_25_48/24-25_cx_s_su796.htm.csv.
2024-11-21 16:17:40,559 - INFO - Visiting: http://www.drps.ed.ac.uk/24-25/dpt/cxcnst11077.htm
2024-11-21 16:17:43,505 - INFO - 1 instances updated to ./data_container/24_11_21_15_25_48/24-25_cx_s_su796.htm.csv.
2024-11-21 16:17:43,524 - INFO - Visiting: http://www.drps.ed.ac.uk/24-25/dpt/cxcnst11087.htm
2024-11-21 16:17:47,596 - INFO - 1 instances updated to ./data_container/24_11_21_15_25_48/24-25_cx_s_su796.htm.csv.
2024-11-21 16:17:47,609 - INFO - Visiting: http://www.drps.ed.ac.uk/24-25/dpt/cxcnst11084.htm
2024-11-21 16:17:51,331 - INFO - 1 instances updated to ./data_container/24_11_21_15_25_48/24-25_cx_s_su796.htm.csv.
2024-11-21 16:17:51,358 - INFO - Visiting: http://www.drps.ed.ac.uk/24-25/dpt/cxcnst11046.htm
2024-11-21 16:17:55,043 - INFO - 1 instances updated to ./data_container/24_11_21_15_25_48/24-25_cx_s_su796.htm.csv.
2024-11-21 16:17:55,070 - INFO - Visiting: http://www.drps.ed.ac.uk/24-25/dpt/cxcnst11014.htm
2024-11-21 16:17:58,509 - INFO - 1 instances updated to ./data_container/24_11_21_15_25_48/24-25_cx_s_su796.htm.csv.
2024-11-21 16:17:58,541 - INFO - Visiting: http://www.drps.ed.ac.uk/24-25/dpt/cxcnst11091.htm
2024-11-21 16:18:02,207 - INFO - 1 instances updated to ./data_container/24_11_21_15_25_48/24-25_cx_s_su796.htm.csv.
2024-11-21 16:18:02,235 - INFO - Visiting: http://www.drps.ed.ac.uk/24-25/dpt/cxcnst11062.htm
2024-11-21 16:18:05,443 - INFO - 1 instances updated to ./data_container/24_11_21_15_25_48/24-25_cx_s_su796.htm.csv.
2024-11-21 16:18:10,887 - INFO - Visiting: http://www.drps.ed.ac.uk/24-25/dpt/cxcnst11096.htm
2024-11-21 16:18:15,852 - INFO - 1 instances updated to ./data_container/24_11_21_15_25_48/24-25_cx_s_su796.htm.csv.
2024-11-21 16:18:15,882 - INFO - Visiting: http://www.drps.ed.ac.uk/24-25/dpt/cxcnst11093.htm
2024-11-21 16:18:19,092 - INFO - 1 instances updated to ./data_container/24_11_21_15_25_48/24-25_cx_s_su796.htm.csv.
2024-11-21 16:18:19,118 - INFO - Visiting: http://www.drps.ed.ac.uk/24-25/dpt/cxcnst11094.htm
2024-11-21 16:18:23,226 - INFO - 1 instances updated to ./data_container/24_11_21_15_25_48/24-25_cx_s_su796.htm.csv.
2024-11-21 16:18:23,254 - INFO - Visiting: http://www.drps.ed.ac.uk/24-25/dpt/cxcnst11085.htm
2024-11-21 16:18:26,598 - INFO - 1 instances updated to ./data_container/24_11_21_15_25_48/24-25_cx_s_su796.htm.csv.
2024-11-21 16:18:26,853 - INFO - Visiting: http://www.drps.ed.ac.uk/24-25/dpt/cxcnst11051.htm
2024-11-21 16:18:31,057 - INFO - 1 instances updated to ./data_container/24_11_21_15_25_48/24-25_cx_s_su796.htm.csv.
2024-11-21 16:18:31,085 - INFO - Visiting: http://www.drps.ed.ac.uk/24-25/dpt/cxcnst11082.htm
2024-11-21 16:18:35,159 - INFO - 1 instances updated to ./data_container/24_11_21_15_25_48/24-25_cx_s_su796.htm.csv.
2024-11-21 16:18:35,188 - INFO - Visiting: http://www.drps.ed.ac.uk/24-25/dpt/cxcnst11040.htm
2024-11-21 16:18:38,540 - INFO - 1 instances updated to ./data_container/24_11_21_15_25_48/24-25_cx_s_su796.htm.csv.
2024-11-21 16:18:38,569 - INFO - Visiting: http://www.drps.ed.ac.uk/24-25/dpt/cxcnst11042.htm
2024-11-21 16:18:42,412 - INFO - 1 instances updated to ./data_container/24_11_21_15_25_48/24-25_cx_s_su796.htm.csv.
2024-11-21 16:18:42,450 - INFO - Visiting: http://www.drps.ed.ac.uk/24-25/dpt/cxcnst12007.htm
2024-11-21 16:18:45,586 - INFO - 1 instances updated to ./data_container/24_11_21_15_25_48/24-25_cx_s_su796.htm.csv.
2024-11-21 16:18:45,630 - INFO - Visiting: http://www.drps.ed.ac.uk/24-25/dpt/cxcnst12013.htm
2024-11-21 16:18:48,685 - INFO - 1 instances updated to ./data_container/24_11_21_15_25_48/24-25_cx_s_su796.htm.csv.
2024-11-21 16:18:48,718 - INFO - Visiting: http://www.drps.ed.ac.uk/24-25/dpt/cxcnst12018.htm
2024-11-21 16:18:52,736 - INFO - 1 instances updated to ./data_container/24_11_21_15_25_48/24-25_cx_s_su796.htm.csv.
2024-11-21 16:18:52,764 - INFO - Visiting: http://www.drps.ed.ac.uk/24-25/dpt/cxcnst12021.htm
2024-11-21 16:18:56,692 - INFO - 1 instances updated to ./data_container/24_11_21_15_25_48/24-25_cx_s_su796.htm.csv.
2024-11-21 16:18:56,720 - INFO - Visiting: http://www.drps.ed.ac.uk/24-25/dpt/cxcnst12023.htm
2024-11-21 16:19:01,050 - INFO - 1 instances updated to ./data_container/24_11_21_15_25_48/24-25_cx_s_su796.htm.csv.
2024-11-21 16:19:01,079 - INFO - Visiting: http://www.drps.ed.ac.uk/24-25/dpt/cxcnst12017.htm
2024-11-21 16:19:04,876 - INFO - 1 instances updated to ./data_container/24_11_21_15_25_48/24-25_cx_s_su796.htm.csv.
2024-11-21 16:19:04,905 - INFO - Visiting: http://www.drps.ed.ac.uk/24-25/dpt/cxcnst12016.htm
2024-11-21 16:19:08,876 - INFO - 1 instances updated to ./data_container/24_11_21_15_25_48/24-25_cx_s_su796.htm.csv.
2024-11-21 16:19:08,904 - INFO - Visiting: http://www.drps.ed.ac.uk/24-25/dpt/cxcnst12020.htm
2024-11-21 16:19:12,049 - INFO - 1 instances updated to ./data_container/24_11_21_15_25_48/24-25_cx_s_su796.htm.csv.
2024-11-21 16:19:12,089 - INFO - Visiting: http://www.drps.ed.ac.uk/24-25/dpt/cxcnst12022.htm
2024-11-21 16:19:16,777 - INFO - 1 instances updated to ./data_container/24_11_21_15_25_48/24-25_cx_s_su796.htm.csv.
2024-11-21 16:19:16,805 - INFO - Visiting: http://www.drps.ed.ac.uk/24-25/dpt/cxcnst12024.htm
2024-11-21 16:19:20,717 - INFO - 1 instances updated to ./data_container/24_11_21_15_25_48/24-25_cx_s_su796.htm.csv.
2024-11-21 16:19:20,744 - INFO - Visiting: http://www.drps.ed.ac.uk/24-25/dpt/cxcnst12019.htm
2024-11-21 16:19:24,022 - INFO - 1 instances updated to ./data_container/24_11_21_15_25_48/24-25_cx_s_su796.htm.csv.
2024-11-21 16:19:24,049 - INFO - Visiting: http://www.drps.ed.ac.uk/24-25/dpt/cxcnst12010.htm
2024-11-21 16:19:27,793 - INFO - 1 instances updated to ./data_container/24_11_21_15_25_48/24-25_cx_s_su796.htm.csv.
2024-11-21 16:19:27,820 - INFO - Visiting: http://www.drps.ed.ac.uk/24-25/dpt/cxcnst12015.htm
2024-11-21 16:19:31,680 - INFO - 1 instances updated to ./data_container/24_11_21_15_25_48/24-25_cx_s_su796.htm.csv.
2024-11-21 16:19:31,714 - INFO - Visiting: http://www.drps.ed.ac.uk/24-25/dpt/cxcnst12014.htm
2024-11-21 16:19:35,147 - INFO - 1 instances updated to ./data_container/24_11_21_15_25_48/24-25_cx_s_su796.htm.csv.
2024-11-21 16:19:35,183 - INFO - Visiting: http://www.drps.ed.ac.uk/24-25/dpt/cxcnst12012.htm
2024-11-21 16:19:38,709 - INFO - 1 instances updated to ./data_container/24_11_21_15_25_48/24-25_cx_s_su796.htm.csv.
2024-11-21 16:19:38,709 - INFO - Mining for keywords Accessibility,Inclusive design,Disability rights,Adaptive tools is success.
2024-11-21 16:19:38,749 - INFO - Visiting: http://www.drps.ed.ac.uk/24-25/dpt/cx_sb_issh.htm
2024-11-21 16:19:38,789 - INFO - Visiting: http://www.drps.ed.ac.uk/24-25/dpt/cxissh11026.htm
2024-11-21 16:19:41,846 - INFO - 1 instances updated to ./data_container/24_11_21_15_25_48/24-25_cx_s_su796.htm.csv.
2024-11-21 16:19:41,874 - INFO - Visiting: http://www.drps.ed.ac.uk/24-25/dpt/cxissh11021.htm
2024-11-21 16:19:45,702 - INFO - 1 instances updated to ./data_container/24_11_21_15_25_48/24-25_cx_s_su796.htm.csv.
2024-11-21 16:19:45,729 - INFO - Visiting: http://www.drps.ed.ac.uk/24-25/dpt/cxissh11011.htm
2024-11-21 16:19:49,687 - INFO - 1 instances updated to ./data_container/24_11_21_15_25_48/24-25_cx_s_su796.htm.csv.
2024-11-21 16:19:49,715 - INFO - Visiting: http://www.drps.ed.ac.uk/24-25/dpt/cxissh11018.htm
2024-11-21 16:19:52,858 - INFO - 1 instances updated to ./data_container/24_11_21_15_25_48/24-25_cx_s_su796.htm.csv.
2024-11-21 16:19:52,886 - INFO - Visiting: http://www.drps.ed.ac.uk/24-25/dpt/cxissh11017.htm
2024-11-21 16:19:56,673 - INFO - 1 instances updated to ./data_container/24_11_21_15_25_48/24-25_cx_s_su796.htm.csv.
2024-11-21 16:19:56,702 - INFO - Visiting: http://www.drps.ed.ac.uk/24-25/dpt/cxissh11016.htm
2024-11-21 16:20:00,371 - INFO - 1 instances updated to ./data_container/24_11_21_15_25_48/24-25_cx_s_su796.htm.csv.
2024-11-21 16:20:00,398 - INFO - Visiting: http://www.drps.ed.ac.uk/24-25/dpt/cxissh11007.htm
2024-11-21 16:20:03,458 - INFO - 1 instances updated to ./data_container/24_11_21_15_25_48/24-25_cx_s_su796.htm.csv.
2024-11-21 16:20:03,606 - INFO - Visiting: http://www.drps.ed.ac.uk/24-25/dpt/cxissh11010.htm
2024-11-21 16:20:07,036 - INFO - 1 instances updated to ./data_container/24_11_21_15_25_48/24-25_cx_s_su796.htm.csv.
2024-11-21 16:20:09,368 - INFO - Visiting: http://www.drps.ed.ac.uk/24-25/dpt/cxissh11023.htm
2024-11-21 16:20:13,264 - INFO - 1 instances updated to ./data_container/24_11_21_15_25_48/24-25_cx_s_su796.htm.csv.
2024-11-21 16:20:13,264 - INFO - Mining for keywords Accessibility,Inclusive design,Disability rights,Adaptive tools is success.
2024-11-21 16:20:13,301 - INFO - Visiting: http://www.drps.ed.ac.uk/24-25/dpt/cx_sb_nust.htm
2024-11-21 16:20:13,366 - INFO - Visiting: http://www.drps.ed.ac.uk/24-25/dpt/cxnust08026.htm
2024-11-21 16:20:16,843 - INFO - 1 instances updated to ./data_container/24_11_21_15_25_48/24-25_cx_s_su796.htm.csv.
2024-11-21 16:20:16,870 - INFO - Visiting: http://www.drps.ed.ac.uk/24-25/dpt/cxnust08024.htm
2024-11-21 16:20:21,638 - INFO - 1 instances updated to ./data_container/24_11_21_15_25_48/24-25_cx_s_su796.htm.csv.
2024-11-21 16:20:21,667 - INFO - Visiting: http://www.drps.ed.ac.uk/24-25/dpt/cxnust08025.htm
2024-11-21 16:20:26,031 - INFO - 1 instances updated to ./data_container/24_11_21_15_25_48/24-25_cx_s_su796.htm.csv.
2024-11-21 16:20:26,069 - INFO - Visiting: http://www.drps.ed.ac.uk/24-25/dpt/cxnust08022.htm
2024-11-21 16:20:30,883 - INFO - 1 instances updated to ./data_container/24_11_21_15_25_48/24-25_cx_s_su796.htm.csv.
2024-11-21 16:20:30,911 - INFO - Visiting: http://www.drps.ed.ac.uk/24-25/dpt/cxnust08023.htm
2024-11-21 16:20:34,917 - INFO - 1 instances updated to ./data_container/24_11_21_15_25_48/24-25_cx_s_su796.htm.csv.
2024-11-21 16:20:34,946 - INFO - Visiting: http://www.drps.ed.ac.uk/24-25/dpt/cxnust08027.htm
2024-11-21 16:20:38,322 - INFO - 1 instances updated to ./data_container/24_11_21_15_25_48/24-25_cx_s_su796.htm.csv.
2024-11-21 16:20:38,357 - INFO - Visiting: http://www.drps.ed.ac.uk/24-25/dpt/cxnust08019.htm
2024-11-21 16:20:42,911 - INFO - 1 instances updated to ./data_container/24_11_21_15_25_48/24-25_cx_s_su796.htm.csv.
2024-11-21 16:20:42,992 - INFO - Visiting: http://www.drps.ed.ac.uk/24-25/dpt/cxnust08020.htm
2024-11-21 16:20:46,752 - INFO - 1 instances updated to ./data_container/24_11_21_15_25_48/24-25_cx_s_su796.htm.csv.
2024-11-21 16:20:46,779 - INFO - Visiting: http://www.drps.ed.ac.uk/24-25/dpt/cxnust08021.htm
2024-11-21 16:20:49,990 - INFO - 1 instances updated to ./data_container/24_11_21_15_25_48/24-25_cx_s_su796.htm.csv.
2024-11-21 16:20:50,030 - INFO - Visiting: http://www.drps.ed.ac.uk/24-25/dpt/cxnust10035.htm
2024-11-21 16:20:53,841 - INFO - 1 instances updated to ./data_container/24_11_21_15_25_48/24-25_cx_s_su796.htm.csv.
2024-11-21 16:20:53,869 - INFO - Visiting: http://www.drps.ed.ac.uk/24-25/dpt/cxnust10062.htm
2024-11-21 16:20:58,141 - INFO - 1 instances updated to ./data_container/24_11_21_15_25_48/24-25_cx_s_su796.htm.csv.
2024-11-21 16:20:58,170 - INFO - Visiting: http://www.drps.ed.ac.uk/24-25/dpt/cxnust10022.htm
2024-11-21 16:21:01,781 - INFO - 1 instances updated to ./data_container/24_11_21_15_25_48/24-25_cx_s_su796.htm.csv.
2024-11-21 16:21:01,809 - INFO - Visiting: http://www.drps.ed.ac.uk/24-25/dpt/cxnust10033.htm
2024-11-21 16:21:05,303 - INFO - 1 instances updated to ./data_container/24_11_21_15_25_48/24-25_cx_s_su796.htm.csv.
2024-11-21 16:21:05,331 - INFO - Visiting: http://www.drps.ed.ac.uk/24-25/dpt/cxnust10005.htm
2024-11-21 16:21:09,302 - INFO - 1 instances updated to ./data_container/24_11_21_15_25_48/24-25_cx_s_su796.htm.csv.
2024-11-21 16:21:09,329 - INFO - Visiting: http://www.drps.ed.ac.uk/24-25/dpt/cxnust10057.htm
2024-11-21 16:21:13,250 - INFO - 1 instances updated to ./data_container/24_11_21_15_25_48/24-25_cx_s_su796.htm.csv.
2024-11-21 16:21:13,277 - INFO - Visiting: http://www.drps.ed.ac.uk/24-25/dpt/cxnust10002.htm
2024-11-21 16:21:16,763 - INFO - 1 instances updated to ./data_container/24_11_21_15_25_48/24-25_cx_s_su796.htm.csv.
2024-11-21 16:21:16,791 - INFO - Visiting: http://www.drps.ed.ac.uk/24-25/dpt/cxnust10050.htm
2024-11-21 16:21:21,523 - INFO - 1 instances updated to ./data_container/24_11_21_15_25_48/24-25_cx_s_su796.htm.csv.
2024-11-21 16:21:21,561 - INFO - Visiting: http://www.drps.ed.ac.uk/24-25/dpt/cxnust10044.htm
2024-11-21 16:21:24,886 - INFO - 1 instances updated to ./data_container/24_11_21_15_25_48/24-25_cx_s_su796.htm.csv.
2024-11-21 16:21:24,914 - INFO - Visiting: http://www.drps.ed.ac.uk/24-25/dpt/cxnust10036.htm
2024-11-21 16:21:28,735 - INFO - 1 instances updated to ./data_container/24_11_21_15_25_48/24-25_cx_s_su796.htm.csv.
2024-11-21 16:21:28,764 - INFO - Visiting: http://www.drps.ed.ac.uk/24-25/dpt/cxnust10055.htm
2024-11-21 16:21:32,320 - INFO - 1 instances updated to ./data_container/24_11_21_15_25_48/24-25_cx_s_su796.htm.csv.
2024-11-21 16:21:32,364 - INFO - Visiting: http://www.drps.ed.ac.uk/24-25/dpt/cxnust10059.htm
2024-11-21 16:21:36,126 - INFO - 1 instances updated to ./data_container/24_11_21_15_25_48/24-25_cx_s_su796.htm.csv.
2024-11-21 16:21:36,157 - INFO - Visiting: http://www.drps.ed.ac.uk/24-25/dpt/cxnust10045.htm
2024-11-21 16:21:39,471 - INFO - 1 instances updated to ./data_container/24_11_21_15_25_48/24-25_cx_s_su796.htm.csv.
2024-11-21 16:21:39,508 - INFO - Visiting: http://www.drps.ed.ac.uk/24-25/dpt/cxnust10051.htm
2024-11-21 16:21:44,153 - INFO - 1 instances updated to ./data_container/24_11_21_15_25_48/24-25_cx_s_su796.htm.csv.
2024-11-21 16:21:44,180 - INFO - Visiting: http://www.drps.ed.ac.uk/24-25/dpt/cxnust10008.htm
2024-11-21 16:21:48,873 - INFO - 1 instances updated to ./data_container/24_11_21_15_25_48/24-25_cx_s_su796.htm.csv.
2024-11-21 16:21:48,902 - INFO - Visiting: http://www.drps.ed.ac.uk/24-25/dpt/cxnust10061.htm
2024-11-21 16:21:53,223 - INFO - 1 instances updated to ./data_container/24_11_21_15_25_48/24-25_cx_s_su796.htm.csv.
2024-11-21 16:21:53,298 - INFO - Visiting: http://www.drps.ed.ac.uk/24-25/dpt/cxnust10046.htm
2024-11-21 16:21:57,799 - INFO - 1 instances updated to ./data_container/24_11_21_15_25_48/24-25_cx_s_su796.htm.csv.
2024-11-21 16:21:57,826 - INFO - Visiting: http://www.drps.ed.ac.uk/24-25/dpt/cxnust10053.htm
2024-11-21 16:22:01,802 - INFO - 1 instances updated to ./data_container/24_11_21_15_25_48/24-25_cx_s_su796.htm.csv.
2024-11-21 16:22:01,833 - INFO - Visiting: http://www.drps.ed.ac.uk/24-25/dpt/cxnust10054.htm
2024-11-21 16:22:06,211 - INFO - 1 instances updated to ./data_container/24_11_21_15_25_48/24-25_cx_s_su796.htm.csv.
2024-11-21 16:22:09,789 - INFO - Visiting: http://www.drps.ed.ac.uk/24-25/dpt/cxnust10043.htm
2024-11-21 16:22:13,441 - INFO - 1 instances updated to ./data_container/24_11_21_15_25_48/24-25_cx_s_su796.htm.csv.
2024-11-21 16:22:13,468 - INFO - Visiting: http://www.drps.ed.ac.uk/24-25/dpt/cxnust10060.htm
2024-11-21 16:22:17,077 - INFO - 1 instances updated to ./data_container/24_11_21_15_25_48/24-25_cx_s_su796.htm.csv.
2024-11-21 16:22:17,109 - INFO - Visiting: http://www.drps.ed.ac.uk/24-25/dpt/cxnust10052.htm
2024-11-21 16:22:21,079 - INFO - 1 instances updated to ./data_container/24_11_21_15_25_48/24-25_cx_s_su796.htm.csv.
2024-11-21 16:22:21,112 - INFO - Visiting: http://www.drps.ed.ac.uk/24-25/dpt/cxnust10058.htm
2024-11-21 16:22:24,537 - INFO - 1 instances updated to ./data_container/24_11_21_15_25_48/24-25_cx_s_su796.htm.csv.
2024-11-21 16:22:24,569 - INFO - Visiting: http://www.drps.ed.ac.uk/24-25/dpt/cxnust10030.htm
2024-11-21 16:22:27,869 - INFO - 1 instances updated to ./data_container/24_11_21_15_25_48/24-25_cx_s_su796.htm.csv.
2024-11-21 16:22:27,910 - INFO - Visiting: http://www.drps.ed.ac.uk/24-25/dpt/cxnust10056.htm
2024-11-21 16:22:31,391 - INFO - 1 instances updated to ./data_container/24_11_21_15_25_48/24-25_cx_s_su796.htm.csv.
2024-11-21 16:22:31,420 - INFO - Visiting: http://www.drps.ed.ac.uk/24-25/dpt/cxnust11099.htm
2024-11-21 16:22:35,587 - INFO - 1 instances updated to ./data_container/24_11_21_15_25_48/24-25_cx_s_su796.htm.csv.
2024-11-21 16:22:35,623 - INFO - Visiting: http://www.drps.ed.ac.uk/24-25/dpt/cxnust11121.htm
2024-11-21 16:22:40,565 - INFO - 1 instances updated to ./data_container/24_11_21_15_25_48/24-25_cx_s_su796.htm.csv.
2024-11-21 16:22:40,592 - INFO - Visiting: http://www.drps.ed.ac.uk/24-25/dpt/cxnust11116.htm
2024-11-21 16:22:45,758 - INFO - 1 instances updated to ./data_container/24_11_21_15_25_48/24-25_cx_s_su796.htm.csv.
2024-11-21 16:22:45,823 - INFO - Visiting: http://www.drps.ed.ac.uk/24-25/dpt/cxnust11131.htm
2024-11-21 16:22:49,170 - INFO - 1 instances updated to ./data_container/24_11_21_15_25_48/24-25_cx_s_su796.htm.csv.
2024-11-21 16:22:49,200 - INFO - Visiting: http://www.drps.ed.ac.uk/24-25/dpt/cxnust11110.htm
2024-11-21 16:22:52,753 - INFO - 1 instances updated to ./data_container/24_11_21_15_25_48/24-25_cx_s_su796.htm.csv.
2024-11-21 16:22:52,781 - INFO - Visiting: http://www.drps.ed.ac.uk/24-25/dpt/cxnust11111.htm
2024-11-21 16:22:56,751 - INFO - 1 instances updated to ./data_container/24_11_21_15_25_48/24-25_cx_s_su796.htm.csv.
2024-11-21 16:22:56,780 - INFO - Visiting: http://www.drps.ed.ac.uk/24-25/dpt/cxnust11113.htm
2024-11-21 16:23:00,735 - INFO - 1 instances updated to ./data_container/24_11_21_15_25_48/24-25_cx_s_su796.htm.csv.
2024-11-21 16:23:00,769 - INFO - Visiting: http://www.drps.ed.ac.uk/24-25/dpt/cxnust11048.htm
2024-11-21 16:23:04,348 - INFO - 1 instances updated to ./data_container/24_11_21_15_25_48/24-25_cx_s_su796.htm.csv.
2024-11-21 16:23:04,385 - INFO - Visiting: http://www.drps.ed.ac.uk/24-25/dpt/cxnust11085.htm
2024-11-21 16:23:08,757 - INFO - 1 instances updated to ./data_container/24_11_21_15_25_48/24-25_cx_s_su796.htm.csv.
2024-11-21 16:23:08,791 - INFO - Visiting: http://www.drps.ed.ac.uk/24-25/dpt/cxnust11080.htm
2024-11-21 16:23:13,059 - INFO - 1 instances updated to ./data_container/24_11_21_15_25_48/24-25_cx_s_su796.htm.csv.
2024-11-21 16:23:13,086 - INFO - Visiting: http://www.drps.ed.ac.uk/24-25/dpt/cxnust11127.htm
2024-11-21 16:23:16,935 - INFO - 1 instances updated to ./data_container/24_11_21_15_25_48/24-25_cx_s_su796.htm.csv.
2024-11-21 16:23:16,962 - INFO - Visiting: http://www.drps.ed.ac.uk/24-25/dpt/cxnust11091.htm
2024-11-21 16:23:20,202 - INFO - 1 instances updated to ./data_container/24_11_21_15_25_48/24-25_cx_s_su796.htm.csv.
2024-11-21 16:23:20,241 - INFO - Visiting: http://www.drps.ed.ac.uk/24-25/dpt/cxnust11129.htm
2024-11-21 16:23:23,957 - INFO - 1 instances updated to ./data_container/24_11_21_15_25_48/24-25_cx_s_su796.htm.csv.
2024-11-21 16:23:23,987 - INFO - Visiting: http://www.drps.ed.ac.uk/24-25/dpt/cxnust11092.htm
2024-11-21 16:23:27,426 - INFO - 1 instances updated to ./data_container/24_11_21_15_25_48/24-25_cx_s_su796.htm.csv.
2024-11-21 16:23:27,464 - INFO - Visiting: http://www.drps.ed.ac.uk/24-25/dpt/cxnust11088.htm
2024-11-21 16:23:31,469 - INFO - 1 instances updated to ./data_container/24_11_21_15_25_48/24-25_cx_s_su796.htm.csv.
2024-11-21 16:23:31,498 - INFO - Visiting: http://www.drps.ed.ac.uk/24-25/dpt/cxnust11082.htm
2024-11-21 16:23:36,526 - INFO - 1 instances updated to ./data_container/24_11_21_15_25_48/24-25_cx_s_su796.htm.csv.
2024-11-21 16:23:36,558 - INFO - Visiting: http://www.drps.ed.ac.uk/24-25/dpt/cxnust11102.htm
2024-11-21 16:23:41,203 - INFO - 1 instances updated to ./data_container/24_11_21_15_25_48/24-25_cx_s_su796.htm.csv.
2024-11-21 16:23:41,236 - INFO - Visiting: http://www.drps.ed.ac.uk/24-25/dpt/cxnust11058.htm
2024-11-21 16:23:45,535 - INFO - 1 instances updated to ./data_container/24_11_21_15_25_48/24-25_cx_s_su796.htm.csv.
2024-11-21 16:23:45,562 - INFO - Visiting: http://www.drps.ed.ac.uk/24-25/dpt/cxnust11033.htm
2024-11-21 16:23:49,737 - INFO - 1 instances updated to ./data_container/24_11_21_15_25_48/24-25_cx_s_su796.htm.csv.
2024-11-21 16:23:49,765 - INFO - Visiting: http://www.drps.ed.ac.uk/24-25/dpt/cxnust11125.htm
2024-11-21 16:23:54,182 - INFO - 1 instances updated to ./data_container/24_11_21_15_25_48/24-25_cx_s_su796.htm.csv.
