2024-11-14 22:47:40,457 - INFO - Logger configured. Record to mine sites relevant to keywords semantic space.
2024-11-14 22:47:40,457 - INFO - ./data_container/24_11_14_21_57_33/24-25_cx_s_su796.htm.csv created.
2024-11-14 22:47:40,474 - INFO - Visiting: http://www.drps.ed.ac.uk/24-25/dpt/cx_sb_clps.htm
2024-11-14 22:47:40,560 - INFO - Visiting: http://www.drps.ed.ac.uk/24-25/dpt/cxclps10001.htm
2024-11-14 22:47:44,840 - INFO - 1 instances updated to ./data_container/24_11_14_21_57_33/24-25_cx_s_su796.htm.csv.
2024-11-14 22:47:44,866 - INFO - Visiting: http://www.drps.ed.ac.uk/24-25/dpt/cxclps11061.htm
2024-11-14 22:47:48,954 - INFO - 1 instances updated to ./data_container/24_11_14_21_57_33/24-25_cx_s_su796.htm.csv.
2024-11-14 22:47:48,981 - INFO - Visiting: http://www.drps.ed.ac.uk/24-25/dpt/cxclps11097.htm
2024-11-14 22:47:52,969 - INFO - 1 instances updated to ./data_container/24_11_14_21_57_33/24-25_cx_s_su796.htm.csv.
2024-11-14 22:47:52,995 - INFO - Visiting: http://www.drps.ed.ac.uk/24-25/dpt/cxclps11105.htm
2024-11-14 22:47:56,861 - INFO - 1 instances updated to ./data_container/24_11_14_21_57_33/24-25_cx_s_su796.htm.csv.
2024-11-14 22:47:56,887 - INFO - Visiting: http://www.drps.ed.ac.uk/24-25/dpt/cxclps11037.htm
2024-11-14 22:48:01,306 - INFO - 1 instances updated to ./data_container/24_11_14_21_57_33/24-25_cx_s_su796.htm.csv.
2024-11-14 22:48:01,335 - INFO - Visiting: http://www.drps.ed.ac.uk/24-25/dpt/cxclps11068.htm
2024-11-14 22:48:05,323 - INFO - 1 instances updated to ./data_container/24_11_14_21_57_33/24-25_cx_s_su796.htm.csv.
2024-11-14 22:48:05,339 - INFO - Visiting: http://www.drps.ed.ac.uk/24-25/dpt/cxclps11041.htm
2024-11-14 22:48:10,771 - INFO - 1 instances updated to ./data_container/24_11_14_21_57_33/24-25_cx_s_su796.htm.csv.
2024-11-14 22:48:10,797 - INFO - Visiting: http://www.drps.ed.ac.uk/24-25/dpt/cxclps11086.htm
2024-11-14 22:48:14,893 - INFO - 1 instances updated to ./data_container/24_11_14_21_57_33/24-25_cx_s_su796.htm.csv.
2024-11-14 22:48:14,928 - INFO - Visiting: http://www.drps.ed.ac.uk/24-25/dpt/cxclps11012.htm
2024-11-14 22:48:21,136 - INFO - 1 instances updated to ./data_container/24_11_14_21_57_33/24-25_cx_s_su796.htm.csv.
2024-11-14 22:48:21,154 - INFO - Visiting: http://www.drps.ed.ac.uk/24-25/dpt/cxclps11079.htm
2024-11-14 22:48:25,227 - INFO - 1 instances updated to ./data_container/24_11_14_21_57_33/24-25_cx_s_su796.htm.csv.
2024-11-14 22:48:25,259 - INFO - Visiting: http://www.drps.ed.ac.uk/24-25/dpt/cxclps11065.htm
2024-11-14 22:48:29,312 - INFO - 1 instances updated to ./data_container/24_11_14_21_57_33/24-25_cx_s_su796.htm.csv.
2024-11-14 22:48:29,341 - INFO - Visiting: http://www.drps.ed.ac.uk/24-25/dpt/cxclps11083.htm
2024-11-14 22:48:34,133 - INFO - 1 instances updated to ./data_container/24_11_14_21_57_33/24-25_cx_s_su796.htm.csv.
2024-11-14 22:48:34,168 - INFO - Visiting: http://www.drps.ed.ac.uk/24-25/dpt/cxclps11082.htm
2024-11-14 22:48:38,255 - INFO - 1 instances updated to ./data_container/24_11_14_21_57_33/24-25_cx_s_su796.htm.csv.
2024-11-14 22:48:38,272 - INFO - Visiting: http://www.drps.ed.ac.uk/24-25/dpt/cxclps11089.htm
2024-11-14 22:48:42,096 - INFO - 1 instances updated to ./data_container/24_11_14_21_57_33/24-25_cx_s_su796.htm.csv.
2024-11-14 22:48:42,122 - INFO - Visiting: http://www.drps.ed.ac.uk/24-25/dpt/cxclps11070.htm
2024-11-14 22:48:46,278 - INFO - 1 instances updated to ./data_container/24_11_14_21_57_33/24-25_cx_s_su796.htm.csv.
2024-11-14 22:48:46,313 - INFO - Visiting: http://www.drps.ed.ac.uk/24-25/dpt/cxclps11081.htm
2024-11-14 22:48:50,254 - INFO - 1 instances updated to ./data_container/24_11_14_21_57_33/24-25_cx_s_su796.htm.csv.
2024-11-14 22:48:50,280 - INFO - Visiting: http://www.drps.ed.ac.uk/24-25/dpt/cxclps11088.htm
2024-11-14 22:48:54,234 - INFO - 1 instances updated to ./data_container/24_11_14_21_57_33/24-25_cx_s_su796.htm.csv.
2024-11-14 22:48:54,247 - INFO - Visiting: http://www.drps.ed.ac.uk/24-25/dpt/cxclps11002.htm
2024-11-14 22:48:58,345 - INFO - 1 instances updated to ./data_container/24_11_14_21_57_33/24-25_cx_s_su796.htm.csv.
2024-11-14 22:48:58,371 - INFO - Visiting: http://www.drps.ed.ac.uk/24-25/dpt/cxclps11029.htm
2024-11-14 22:49:02,923 - INFO - 1 instances updated to ./data_container/24_11_14_21_57_33/24-25_cx_s_su796.htm.csv.
2024-11-14 22:49:02,951 - INFO - Visiting: http://www.drps.ed.ac.uk/24-25/dpt/cxclps11092.htm
2024-11-14 22:49:06,789 - INFO - 1 instances updated to ./data_container/24_11_14_21_57_33/24-25_cx_s_su796.htm.csv.
2024-11-14 22:49:06,816 - INFO - Visiting: http://www.drps.ed.ac.uk/24-25/dpt/cxclps11071.htm
2024-11-14 22:49:11,892 - INFO - 1 instances updated to ./data_container/24_11_14_21_57_33/24-25_cx_s_su796.htm.csv.
2024-11-14 22:49:11,903 - INFO - Visiting: http://www.drps.ed.ac.uk/24-25/dpt/cxclps11060.htm
2024-11-14 22:49:16,090 - INFO - 1 instances updated to ./data_container/24_11_14_21_57_33/24-25_cx_s_su796.htm.csv.
2024-11-14 22:49:16,150 - INFO - Visiting: http://www.drps.ed.ac.uk/24-25/dpt/cxclps11052.htm
2024-11-14 22:49:19,877 - INFO - 1 instances updated to ./data_container/24_11_14_21_57_33/24-25_cx_s_su796.htm.csv.
2024-11-14 22:49:19,902 - INFO - Visiting: http://www.drps.ed.ac.uk/24-25/dpt/cxclps11087.htm
2024-11-14 22:49:24,160 - INFO - 1 instances updated to ./data_container/24_11_14_21_57_33/24-25_cx_s_su796.htm.csv.
2024-11-14 22:49:24,186 - INFO - Visiting: http://www.drps.ed.ac.uk/24-25/dpt/cxclps11053.htm
2024-11-14 22:49:28,314 - INFO - 1 instances updated to ./data_container/24_11_14_21_57_33/24-25_cx_s_su796.htm.csv.
2024-11-14 22:49:28,349 - INFO - Visiting: http://www.drps.ed.ac.uk/24-25/dpt/cxclps11044.htm
2024-11-14 22:49:32,237 - INFO - 1 instances updated to ./data_container/24_11_14_21_57_33/24-25_cx_s_su796.htm.csv.
2024-11-14 22:49:32,249 - INFO - Visiting: http://www.drps.ed.ac.uk/24-25/dpt/cxclps11054.htm
2024-11-14 22:49:37,159 - INFO - 1 instances updated to ./data_container/24_11_14_21_57_33/24-25_cx_s_su796.htm.csv.
2024-11-14 22:49:37,189 - INFO - Visiting: http://www.drps.ed.ac.uk/24-25/dpt/cxclps11048.htm
2024-11-14 22:49:40,894 - INFO - 1 instances updated to ./data_container/24_11_14_21_57_33/24-25_cx_s_su796.htm.csv.
2024-11-14 22:49:40,921 - INFO - Visiting: http://www.drps.ed.ac.uk/24-25/dpt/cxclps11103.htm
2024-11-14 22:49:45,248 - INFO - 1 instances updated to ./data_container/24_11_14_21_57_33/24-25_cx_s_su796.htm.csv.
2024-11-14 22:49:45,293 - INFO - Visiting: http://www.drps.ed.ac.uk/24-25/dpt/cxclps11049.htm
2024-11-14 22:49:49,327 - INFO - 1 instances updated to ./data_container/24_11_14_21_57_33/24-25_cx_s_su796.htm.csv.
2024-11-14 22:49:49,354 - INFO - Visiting: http://www.drps.ed.ac.uk/24-25/dpt/cxclps11077.htm
2024-11-14 22:49:53,618 - INFO - 1 instances updated to ./data_container/24_11_14_21_57_33/24-25_cx_s_su796.htm.csv.
2024-11-14 22:49:53,644 - INFO - Visiting: http://www.drps.ed.ac.uk/24-25/dpt/cxclps11078.htm
2024-11-14 22:49:57,731 - INFO - 1 instances updated to ./data_container/24_11_14_21_57_33/24-25_cx_s_su796.htm.csv.
2024-11-14 22:49:57,744 - INFO - Visiting: http://www.drps.ed.ac.uk/24-25/dpt/cxclps11076.htm
2024-11-14 22:50:01,764 - INFO - 1 instances updated to ./data_container/24_11_14_21_57_33/24-25_cx_s_su796.htm.csv.
2024-11-14 22:50:01,789 - INFO - Visiting: http://www.drps.ed.ac.uk/24-25/dpt/cxclps11030.htm
2024-11-14 22:50:06,080 - INFO - 1 instances updated to ./data_container/24_11_14_21_57_33/24-25_cx_s_su796.htm.csv.
2024-11-14 22:50:06,270 - INFO - Visiting: http://www.drps.ed.ac.uk/24-25/dpt/cxclps11072.htm
2024-11-14 22:50:10,649 - INFO - 1 instances updated to ./data_container/24_11_14_21_57_33/24-25_cx_s_su796.htm.csv.
2024-11-14 22:50:10,663 - INFO - Visiting: http://www.drps.ed.ac.uk/24-25/dpt/cxclps11104.htm
2024-11-14 22:50:15,821 - INFO - 1 instances updated to ./data_container/24_11_14_21_57_33/24-25_cx_s_su796.htm.csv.
2024-11-14 22:50:15,857 - INFO - Visiting: http://www.drps.ed.ac.uk/24-25/dpt/cxclps11009.htm
2024-11-14 22:50:19,936 - INFO - 1 instances updated to ./data_container/24_11_14_21_57_33/24-25_cx_s_su796.htm.csv.
2024-11-14 22:50:19,963 - INFO - Visiting: http://www.drps.ed.ac.uk/24-25/dpt/cxclps11039.htm
2024-11-14 22:50:23,610 - INFO - 1 instances updated to ./data_container/24_11_14_21_57_33/24-25_cx_s_su796.htm.csv.
2024-11-14 22:50:23,623 - INFO - Visiting: http://www.drps.ed.ac.uk/24-25/dpt/cxclps11050.htm
2024-11-14 22:50:28,215 - INFO - 1 instances updated to ./data_container/24_11_14_21_57_33/24-25_cx_s_su796.htm.csv.
2024-11-14 22:50:28,254 - INFO - Visiting: http://www.drps.ed.ac.uk/24-25/dpt/cxclps11091.htm
2024-11-14 22:50:32,839 - INFO - 1 instances updated to ./data_container/24_11_14_21_57_33/24-25_cx_s_su796.htm.csv.
2024-11-14 22:50:32,866 - INFO - Visiting: http://www.drps.ed.ac.uk/24-25/dpt/cxclps11010.htm
2024-11-14 22:50:37,636 - INFO - 1 instances updated to ./data_container/24_11_14_21_57_33/24-25_cx_s_su796.htm.csv.
2024-11-14 22:50:37,647 - INFO - Visiting: http://www.drps.ed.ac.uk/24-25/dpt/cxclps11033.htm
2024-11-14 22:50:41,967 - INFO - 1 instances updated to ./data_container/24_11_14_21_57_33/24-25_cx_s_su796.htm.csv.
2024-11-14 22:50:41,999 - INFO - Visiting: http://www.drps.ed.ac.uk/24-25/dpt/cxclps11099.htm
2024-11-14 22:50:46,507 - INFO - 1 instances updated to ./data_container/24_11_14_21_57_33/24-25_cx_s_su796.htm.csv.
2024-11-14 22:50:46,532 - INFO - Visiting: http://www.drps.ed.ac.uk/24-25/dpt/cxclps11063.htm
2024-11-14 22:50:50,689 - INFO - 1 instances updated to ./data_container/24_11_14_21_57_33/24-25_cx_s_su796.htm.csv.
2024-11-14 22:50:50,719 - INFO - Visiting: http://www.drps.ed.ac.uk/24-25/dpt/cxclps11055.htm
2024-11-14 22:50:54,554 - INFO - 1 instances updated to ./data_container/24_11_14_21_57_33/24-25_cx_s_su796.htm.csv.
2024-11-14 22:50:54,578 - INFO - Visiting: http://www.drps.ed.ac.uk/24-25/dpt/cxclps11073.htm
2024-11-14 22:50:58,746 - INFO - 1 instances updated to ./data_container/24_11_14_21_57_33/24-25_cx_s_su796.htm.csv.
2024-11-14 22:50:58,796 - INFO - Visiting: http://www.drps.ed.ac.uk/24-25/dpt/cxclps11084.htm
2024-11-14 22:51:03,284 - INFO - 1 instances updated to ./data_container/24_11_14_21_57_33/24-25_cx_s_su796.htm.csv.
2024-11-14 22:51:03,294 - INFO - Visiting: http://www.drps.ed.ac.uk/24-25/dpt/cxclps11064.htm
2024-11-14 22:51:08,032 - INFO - 1 instances updated to ./data_container/24_11_14_21_57_33/24-25_cx_s_su796.htm.csv.
2024-11-14 22:51:08,061 - INFO - Visiting: http://www.drps.ed.ac.uk/24-25/dpt/cxclps11094.htm
2024-11-14 22:51:12,168 - INFO - 1 instances updated to ./data_container/24_11_14_21_57_33/24-25_cx_s_su796.htm.csv.
2024-11-14 22:51:12,195 - INFO - Visiting: http://www.drps.ed.ac.uk/24-25/dpt/cxclps11058.htm
2024-11-14 22:51:16,237 - INFO - 1 instances updated to ./data_container/24_11_14_21_57_33/24-25_cx_s_su796.htm.csv.
2024-11-14 22:51:16,253 - INFO - Visiting: http://www.drps.ed.ac.uk/24-25/dpt/cxclps11047.htm
2024-11-14 22:51:21,329 - INFO - 1 instances updated to ./data_container/24_11_14_21_57_33/24-25_cx_s_su796.htm.csv.
2024-11-14 22:51:21,357 - INFO - Visiting: http://www.drps.ed.ac.uk/24-25/dpt/cxclps11085.htm
2024-11-14 22:51:25,900 - INFO - 1 instances updated to ./data_container/24_11_14_21_57_33/24-25_cx_s_su796.htm.csv.
2024-11-14 22:51:25,925 - INFO - Visiting: http://www.drps.ed.ac.uk/24-25/dpt/cxclps11100.htm
2024-11-14 22:51:30,488 - INFO - 1 instances updated to ./data_container/24_11_14_21_57_33/24-25_cx_s_su796.htm.csv.
2024-11-14 22:51:30,520 - INFO - Visiting: http://www.drps.ed.ac.uk/24-25/dpt/cxclps11042.htm
2024-11-14 22:51:35,284 - INFO - 1 instances updated to ./data_container/24_11_14_21_57_33/24-25_cx_s_su796.htm.csv.
2024-11-14 22:51:35,314 - INFO - Visiting: http://www.drps.ed.ac.uk/24-25/dpt/cxclps11013.htm
2024-11-14 22:51:39,479 - INFO - 1 instances updated to ./data_container/24_11_14_21_57_33/24-25_cx_s_su796.htm.csv.
2024-11-14 22:51:39,508 - INFO - Visiting: http://www.drps.ed.ac.uk/24-25/dpt/cxclps11006.htm
2024-11-14 22:51:43,938 - INFO - 1 instances updated to ./data_container/24_11_14_21_57_33/24-25_cx_s_su796.htm.csv.
2024-11-14 22:51:43,965 - INFO - Visiting: http://www.drps.ed.ac.uk/24-25/dpt/cxclps11062.htm
2024-11-14 22:51:47,813 - INFO - 1 instances updated to ./data_container/24_11_14_21_57_33/24-25_cx_s_su796.htm.csv.
2024-11-14 22:51:47,847 - INFO - Visiting: http://www.drps.ed.ac.uk/24-25/dpt/cxclps11014.htm
2024-11-14 22:51:52,175 - INFO - 1 instances updated to ./data_container/24_11_14_21_57_33/24-25_cx_s_su796.htm.csv.
2024-11-14 22:51:52,203 - INFO - Visiting: http://www.drps.ed.ac.uk/24-25/dpt/cxclps11090.htm
2024-11-14 22:51:56,794 - INFO - 1 instances updated to ./data_container/24_11_14_21_57_33/24-25_cx_s_su796.htm.csv.
2024-11-14 22:51:56,824 - INFO - Visiting: http://www.drps.ed.ac.uk/24-25/dpt/cxclps11056.htm
2024-11-14 22:52:00,871 - INFO - 1 instances updated to ./data_container/24_11_14_21_57_33/24-25_cx_s_su796.htm.csv.
2024-11-14 22:52:00,904 - INFO - Visiting: http://www.drps.ed.ac.uk/24-25/dpt/cxclps11095.htm
2024-11-14 22:52:05,111 - INFO - 1 instances updated to ./data_container/24_11_14_21_57_33/24-25_cx_s_su796.htm.csv.
2024-11-14 22:52:05,337 - INFO - Visiting: http://www.drps.ed.ac.uk/24-25/dpt/cxclps11066.htm
2024-11-14 22:52:09,184 - INFO - 1 instances updated to ./data_container/24_11_14_21_57_33/24-25_cx_s_su796.htm.csv.
2024-11-14 22:52:09,209 - INFO - Visiting: http://www.drps.ed.ac.uk/24-25/dpt/cxclps11067.htm
2024-11-14 22:52:13,038 - INFO - 1 instances updated to ./data_container/24_11_14_21_57_33/24-25_cx_s_su796.htm.csv.
2024-11-14 22:52:13,069 - INFO - Visiting: http://www.drps.ed.ac.uk/24-25/dpt/cxclps11046.htm
2024-11-14 22:52:17,469 - INFO - 1 instances updated to ./data_container/24_11_14_21_57_33/24-25_cx_s_su796.htm.csv.
2024-11-14 22:52:17,483 - INFO - Visiting: http://www.drps.ed.ac.uk/24-25/dpt/cxclps11101.htm
2024-11-14 22:52:22,056 - INFO - 1 instances updated to ./data_container/24_11_14_21_57_33/24-25_cx_s_su796.htm.csv.
2024-11-14 22:52:22,084 - INFO - Visiting: http://www.drps.ed.ac.uk/24-25/dpt/cxclps11057.htm
2024-11-14 22:52:26,070 - INFO - 1 instances updated to ./data_container/24_11_14_21_57_33/24-25_cx_s_su796.htm.csv.
2024-11-14 22:52:26,109 - INFO - Visiting: http://www.drps.ed.ac.uk/24-25/dpt/cxclps11096.htm
2024-11-14 22:52:30,657 - INFO - 1 instances updated to ./data_container/24_11_14_21_57_33/24-25_cx_s_su796.htm.csv.
2024-11-14 22:52:30,699 - INFO - Visiting: http://www.drps.ed.ac.uk/24-25/dpt/cxclps11045.htm
2024-11-14 22:52:34,817 - INFO - 1 instances updated to ./data_container/24_11_14_21_57_33/24-25_cx_s_su796.htm.csv.
2024-11-14 22:52:34,855 - INFO - Visiting: http://www.drps.ed.ac.uk/24-25/dpt/cxclps11102.htm
2024-11-14 22:52:38,967 - INFO - 1 instances updated to ./data_container/24_11_14_21_57_33/24-25_cx_s_su796.htm.csv.
2024-11-14 22:52:38,994 - INFO - Visiting: http://www.drps.ed.ac.uk/24-25/dpt/cxclps11080.htm
2024-11-14 22:52:42,820 - INFO - 1 instances updated to ./data_container/24_11_14_21_57_33/24-25_cx_s_su796.htm.csv.
2024-11-14 22:52:42,834 - INFO - Visiting: http://www.drps.ed.ac.uk/24-25/dpt/cxclps11093.htm
2024-11-14 22:52:47,829 - INFO - 1 instances updated to ./data_container/24_11_14_21_57_33/24-25_cx_s_su796.htm.csv.
2024-11-14 22:52:47,855 - INFO - Visiting: http://www.drps.ed.ac.uk/24-25/dpt/cxclps11098.htm
2024-11-14 22:52:52,212 - INFO - 1 instances updated to ./data_container/24_11_14_21_57_33/24-25_cx_s_su796.htm.csv.
2024-11-14 22:52:52,243 - INFO - Visiting: http://www.drps.ed.ac.uk/24-25/dpt/cxclps12002.htm
2024-11-14 22:52:56,451 - INFO - 1 instances updated to ./data_container/24_11_14_21_57_33/24-25_cx_s_su796.htm.csv.
2024-11-14 22:52:56,477 - INFO - Visiting: http://www.drps.ed.ac.uk/24-25/dpt/cxclps12009.htm
2024-11-14 22:53:00,141 - INFO - 1 instances updated to ./data_container/24_11_14_21_57_33/24-25_cx_s_su796.htm.csv.
2024-11-14 22:53:00,179 - INFO - Visiting: http://www.drps.ed.ac.uk/24-25/dpt/cxclps12034.htm
2024-11-14 22:53:04,759 - INFO - 1 instances updated to ./data_container/24_11_14_21_57_33/24-25_cx_s_su796.htm.csv.
2024-11-14 22:53:04,790 - INFO - Visiting: http://www.drps.ed.ac.uk/24-25/dpt/cxclps12035.htm
2024-11-14 22:53:08,925 - INFO - 1 instances updated to ./data_container/24_11_14_21_57_33/24-25_cx_s_su796.htm.csv.
2024-11-14 22:53:08,955 - INFO - Visiting: http://www.drps.ed.ac.uk/24-25/dpt/cxclps12038.htm
2024-11-14 22:53:13,364 - INFO - 1 instances updated to ./data_container/24_11_14_21_57_33/24-25_cx_s_su796.htm.csv.
2024-11-14 22:53:13,397 - INFO - Visiting: http://www.drps.ed.ac.uk/24-25/dpt/cxclps12039.htm
2024-11-14 22:53:17,761 - INFO - 1 instances updated to ./data_container/24_11_14_21_57_33/24-25_cx_s_su796.htm.csv.
2024-11-14 22:53:17,787 - INFO - Visiting: http://www.drps.ed.ac.uk/24-25/dpt/cxclps12016.htm
2024-11-14 22:53:22,079 - INFO - 1 instances updated to ./data_container/24_11_14_21_57_33/24-25_cx_s_su796.htm.csv.
2024-11-14 22:53:22,141 - INFO - Visiting: http://www.drps.ed.ac.uk/24-25/dpt/cxclps12036.htm
2024-11-14 22:53:26,829 - INFO - 1 instances updated to ./data_container/24_11_14_21_57_33/24-25_cx_s_su796.htm.csv.
2024-11-14 22:53:26,846 - INFO - Visiting: http://www.drps.ed.ac.uk/24-25/dpt/cxclps12037.htm
2024-11-14 22:53:31,529 - INFO - 1 instances updated to ./data_container/24_11_14_21_57_33/24-25_cx_s_su796.htm.csv.
2024-11-14 22:53:31,555 - INFO - Visiting: http://www.drps.ed.ac.uk/24-25/dpt/cxclps12013.htm
2024-11-14 22:53:35,810 - INFO - 1 instances updated to ./data_container/24_11_14_21_57_33/24-25_cx_s_su796.htm.csv.
2024-11-14 22:53:35,844 - INFO - Visiting: http://www.drps.ed.ac.uk/24-25/dpt/cxclps12014.htm
2024-11-14 22:53:40,066 - INFO - 1 instances updated to ./data_container/24_11_14_21_57_33/24-25_cx_s_su796.htm.csv.
2024-11-14 22:53:40,067 - INFO - Mining for keywords Accessibility,Inclusive design,Disability rights,Adaptive tools is success.
2024-11-14 22:53:40,097 - INFO - Visiting: http://www.drps.ed.ac.uk/24-25/dpt/cx_sb_cnst.htm
2024-11-14 22:53:40,152 - INFO - Visiting: http://www.drps.ed.ac.uk/24-25/dpt/cxcnst08001.htm
2024-11-14 22:53:43,971 - INFO - 1 instances updated to ./data_container/24_11_14_21_57_33/24-25_cx_s_su796.htm.csv.
2024-11-14 22:53:43,988 - INFO - Visiting: http://www.drps.ed.ac.uk/24-25/dpt/cxcnst08002.htm
2024-11-14 22:53:47,979 - INFO - 1 instances updated to ./data_container/24_11_14_21_57_33/24-25_cx_s_su796.htm.csv.
2024-11-14 22:53:48,013 - INFO - Visiting: http://www.drps.ed.ac.uk/24-25/dpt/cxcnst11079.htm
2024-11-14 22:53:51,901 - INFO - 1 instances updated to ./data_container/24_11_14_21_57_33/24-25_cx_s_su796.htm.csv.
2024-11-14 22:53:51,931 - INFO - Visiting: http://www.drps.ed.ac.uk/24-25/dpt/cxcnst11061.htm
2024-11-14 22:53:56,700 - INFO - 1 instances updated to ./data_container/24_11_14_21_57_33/24-25_cx_s_su796.htm.csv.
2024-11-14 22:53:56,726 - INFO - Visiting: http://www.drps.ed.ac.uk/24-25/dpt/cxcnst11053.htm
2024-11-14 22:54:00,631 - INFO - 1 instances updated to ./data_container/24_11_14_21_57_33/24-25_cx_s_su796.htm.csv.
2024-11-14 22:54:00,663 - INFO - Visiting: http://www.drps.ed.ac.uk/24-25/dpt/cxcnst11095.htm
2024-11-14 22:54:05,151 - INFO - 1 instances updated to ./data_container/24_11_14_21_57_33/24-25_cx_s_su796.htm.csv.
2024-11-14 22:54:05,885 - INFO - Visiting: http://www.drps.ed.ac.uk/24-25/dpt/cxcnst11034.htm
2024-11-14 22:54:10,305 - INFO - 1 instances updated to ./data_container/24_11_14_21_57_33/24-25_cx_s_su796.htm.csv.
2024-11-14 22:54:10,331 - INFO - Visiting: http://www.drps.ed.ac.uk/24-25/dpt/cxcnst11090.htm
2024-11-14 22:54:14,354 - INFO - 1 instances updated to ./data_container/24_11_14_21_57_33/24-25_cx_s_su796.htm.csv.
2024-11-14 22:54:14,383 - INFO - Visiting: http://www.drps.ed.ac.uk/24-25/dpt/cxcnst11047.htm
2024-11-14 22:54:18,638 - INFO - 1 instances updated to ./data_container/24_11_14_21_57_33/24-25_cx_s_su796.htm.csv.
2024-11-14 22:54:18,664 - INFO - Visiting: http://www.drps.ed.ac.uk/24-25/dpt/cxcnst11076.htm
2024-11-14 22:54:22,936 - INFO - 1 instances updated to ./data_container/24_11_14_21_57_33/24-25_cx_s_su796.htm.csv.
2024-11-14 22:54:22,969 - INFO - Visiting: http://www.drps.ed.ac.uk/24-25/dpt/cxcnst11075.htm
2024-11-14 22:54:27,946 - INFO - 1 instances updated to ./data_container/24_11_14_21_57_33/24-25_cx_s_su796.htm.csv.
2024-11-14 22:54:27,977 - INFO - Visiting: http://www.drps.ed.ac.uk/24-25/dpt/cxcnst11097.htm
2024-11-14 22:54:32,434 - INFO - 1 instances updated to ./data_container/24_11_14_21_57_33/24-25_cx_s_su796.htm.csv.
2024-11-14 22:54:32,460 - INFO - Visiting: http://www.drps.ed.ac.uk/24-25/dpt/cxcnst11041.htm
2024-11-14 22:54:36,801 - INFO - 1 instances updated to ./data_container/24_11_14_21_57_33/24-25_cx_s_su796.htm.csv.
2024-11-14 22:54:36,841 - INFO - Visiting: http://www.drps.ed.ac.uk/24-25/dpt/cxcnst11068.htm
2024-11-14 22:54:40,818 - INFO - 1 instances updated to ./data_container/24_11_14_21_57_33/24-25_cx_s_su796.htm.csv.
2024-11-14 22:54:40,830 - INFO - Visiting: http://www.drps.ed.ac.uk/24-25/dpt/cxcnst11088.htm
2024-11-14 22:54:44,886 - INFO - 1 instances updated to ./data_container/24_11_14_21_57_33/24-25_cx_s_su796.htm.csv.
2024-11-14 22:54:44,911 - INFO - Visiting: http://www.drps.ed.ac.uk/24-25/dpt/cxcnst11089.htm
2024-11-14 22:54:49,130 - INFO - 1 instances updated to ./data_container/24_11_14_21_57_33/24-25_cx_s_su796.htm.csv.
2024-11-14 22:54:49,156 - INFO - Visiting: http://www.drps.ed.ac.uk/24-25/dpt/cxcnst11080.htm
2024-11-14 22:54:53,275 - INFO - 1 instances updated to ./data_container/24_11_14_21_57_33/24-25_cx_s_su796.htm.csv.
2024-11-14 22:54:53,309 - INFO - Visiting: http://www.drps.ed.ac.uk/24-25/dpt/cxcnst11086.htm
2024-11-14 22:54:57,441 - INFO - 1 instances updated to ./data_container/24_11_14_21_57_33/24-25_cx_s_su796.htm.csv.
2024-11-14 22:54:57,473 - INFO - Visiting: http://www.drps.ed.ac.uk/24-25/dpt/cxcnst11081.htm
2024-11-14 22:55:05,037 - INFO - 1 instances updated to ./data_container/24_11_14_21_57_33/24-25_cx_s_su796.htm.csv.
2024-11-14 22:55:05,048 - INFO - Visiting: http://www.drps.ed.ac.uk/24-25/dpt/cxcnst11012.htm
2024-11-14 22:55:09,727 - INFO - 1 instances updated to ./data_container/24_11_14_21_57_33/24-25_cx_s_su796.htm.csv.
2024-11-14 22:55:09,752 - INFO - Visiting: http://www.drps.ed.ac.uk/24-25/dpt/cxcnst11043.htm
2024-11-14 22:55:13,758 - INFO - 1 instances updated to ./data_container/24_11_14_21_57_33/24-25_cx_s_su796.htm.csv.
2024-11-14 22:55:13,792 - INFO - Visiting: http://www.drps.ed.ac.uk/24-25/dpt/cxcnst11077.htm
2024-11-14 22:55:18,188 - INFO - 1 instances updated to ./data_container/24_11_14_21_57_33/24-25_cx_s_su796.htm.csv.
2024-11-14 22:55:18,214 - INFO - Visiting: http://www.drps.ed.ac.uk/24-25/dpt/cxcnst11087.htm
2024-11-14 22:55:22,503 - INFO - 1 instances updated to ./data_container/24_11_14_21_57_33/24-25_cx_s_su796.htm.csv.
2024-11-14 22:55:22,529 - INFO - Visiting: http://www.drps.ed.ac.uk/24-25/dpt/cxcnst11084.htm
2024-11-14 22:55:27,215 - INFO - 1 instances updated to ./data_container/24_11_14_21_57_33/24-25_cx_s_su796.htm.csv.
2024-11-14 22:55:27,250 - INFO - Visiting: http://www.drps.ed.ac.uk/24-25/dpt/cxcnst11046.htm
2024-11-14 22:55:31,343 - INFO - 1 instances updated to ./data_container/24_11_14_21_57_33/24-25_cx_s_su796.htm.csv.
2024-11-14 22:55:31,368 - INFO - Visiting: http://www.drps.ed.ac.uk/24-25/dpt/cxcnst11014.htm
2024-11-14 22:55:35,665 - INFO - 1 instances updated to ./data_container/24_11_14_21_57_33/24-25_cx_s_su796.htm.csv.
2024-11-14 22:55:35,693 - INFO - Visiting: http://www.drps.ed.ac.uk/24-25/dpt/cxcnst11091.htm
2024-11-14 22:55:40,152 - INFO - 1 instances updated to ./data_container/24_11_14_21_57_33/24-25_cx_s_su796.htm.csv.
2024-11-14 22:55:40,166 - INFO - Visiting: http://www.drps.ed.ac.uk/24-25/dpt/cxcnst11062.htm
2024-11-14 22:55:46,316 - INFO - 1 instances updated to ./data_container/24_11_14_21_57_33/24-25_cx_s_su796.htm.csv.
2024-11-14 22:55:46,341 - INFO - Visiting: http://www.drps.ed.ac.uk/24-25/dpt/cxcnst11096.htm
2024-11-14 22:55:50,776 - INFO - 1 instances updated to ./data_container/24_11_14_21_57_33/24-25_cx_s_su796.htm.csv.
2024-11-14 22:55:50,813 - INFO - Visiting: http://www.drps.ed.ac.uk/24-25/dpt/cxcnst11093.htm
2024-11-14 22:55:55,434 - INFO - 1 instances updated to ./data_container/24_11_14_21_57_33/24-25_cx_s_su796.htm.csv.
2024-11-14 22:55:55,460 - INFO - Visiting: http://www.drps.ed.ac.uk/24-25/dpt/cxcnst11094.htm
2024-11-14 22:55:59,794 - INFO - 1 instances updated to ./data_container/24_11_14_21_57_33/24-25_cx_s_su796.htm.csv.
2024-11-14 22:55:59,824 - INFO - Visiting: http://www.drps.ed.ac.uk/24-25/dpt/cxcnst11085.htm
2024-11-14 22:56:03,626 - INFO - 1 instances updated to ./data_container/24_11_14_21_57_33/24-25_cx_s_su796.htm.csv.
2024-11-14 22:56:03,657 - INFO - Visiting: http://www.drps.ed.ac.uk/24-25/dpt/cxcnst11051.htm
2024-11-14 22:56:07,672 - INFO - 1 instances updated to ./data_container/24_11_14_21_57_33/24-25_cx_s_su796.htm.csv.
2024-11-14 22:56:07,697 - INFO - Visiting: http://www.drps.ed.ac.uk/24-25/dpt/cxcnst11082.htm
2024-11-14 22:56:12,282 - INFO - 1 instances updated to ./data_container/24_11_14_21_57_33/24-25_cx_s_su796.htm.csv.
2024-11-14 22:56:12,311 - INFO - Visiting: http://www.drps.ed.ac.uk/24-25/dpt/cxcnst11040.htm
2024-11-14 22:56:17,566 - INFO - 1 instances updated to ./data_container/24_11_14_21_57_33/24-25_cx_s_su796.htm.csv.
2024-11-14 22:56:17,596 - INFO - Visiting: http://www.drps.ed.ac.uk/24-25/dpt/cxcnst11042.htm
2024-11-14 22:56:21,146 - INFO - 1 instances updated to ./data_container/24_11_14_21_57_33/24-25_cx_s_su796.htm.csv.
2024-11-14 22:56:21,180 - INFO - Visiting: http://www.drps.ed.ac.uk/24-25/dpt/cxcnst12007.htm
2024-11-14 22:56:25,567 - INFO - 1 instances updated to ./data_container/24_11_14_21_57_33/24-25_cx_s_su796.htm.csv.
2024-11-14 22:56:25,594 - INFO - Visiting: http://www.drps.ed.ac.uk/24-25/dpt/cxcnst12013.htm
2024-11-14 22:56:29,813 - INFO - 1 instances updated to ./data_container/24_11_14_21_57_33/24-25_cx_s_su796.htm.csv.
2024-11-14 22:56:29,838 - INFO - Visiting: http://www.drps.ed.ac.uk/24-25/dpt/cxcnst12018.htm
2024-11-14 22:56:37,728 - INFO - 1 instances updated to ./data_container/24_11_14_21_57_33/24-25_cx_s_su796.htm.csv.
2024-11-14 22:56:37,761 - INFO - Visiting: http://www.drps.ed.ac.uk/24-25/dpt/cxcnst12021.htm
2024-11-14 22:56:41,732 - INFO - 1 instances updated to ./data_container/24_11_14_21_57_33/24-25_cx_s_su796.htm.csv.
2024-11-14 22:56:41,757 - INFO - Visiting: http://www.drps.ed.ac.uk/24-25/dpt/cxcnst12023.htm
2024-11-14 22:56:47,005 - INFO - 1 instances updated to ./data_container/24_11_14_21_57_33/24-25_cx_s_su796.htm.csv.
2024-11-14 22:56:47,041 - INFO - Visiting: http://www.drps.ed.ac.uk/24-25/dpt/cxcnst12017.htm
2024-11-14 22:56:50,831 - INFO - 1 instances updated to ./data_container/24_11_14_21_57_33/24-25_cx_s_su796.htm.csv.
2024-11-14 22:56:50,856 - INFO - Visiting: http://www.drps.ed.ac.uk/24-25/dpt/cxcnst12016.htm
2024-11-14 22:56:55,375 - INFO - 1 instances updated to ./data_container/24_11_14_21_57_33/24-25_cx_s_su796.htm.csv.
2024-11-14 22:56:55,402 - INFO - Visiting: http://www.drps.ed.ac.uk/24-25/dpt/cxcnst12020.htm
2024-11-14 22:56:59,688 - INFO - 1 instances updated to ./data_container/24_11_14_21_57_33/24-25_cx_s_su796.htm.csv.
2024-11-14 22:56:59,715 - INFO - Visiting: http://www.drps.ed.ac.uk/24-25/dpt/cxcnst12022.htm
2024-11-14 22:57:04,403 - INFO - 1 instances updated to ./data_container/24_11_14_21_57_33/24-25_cx_s_su796.htm.csv.
2024-11-14 22:57:04,433 - INFO - Visiting: http://www.drps.ed.ac.uk/24-25/dpt/cxcnst12024.htm
2024-11-14 22:57:12,201 - INFO - 1 instances updated to ./data_container/24_11_14_21_57_33/24-25_cx_s_su796.htm.csv.
2024-11-14 22:57:12,235 - INFO - Visiting: http://www.drps.ed.ac.uk/24-25/dpt/cxcnst12019.htm
2024-11-14 22:57:16,667 - INFO - 1 instances updated to ./data_container/24_11_14_21_57_33/24-25_cx_s_su796.htm.csv.
2024-11-14 22:57:16,693 - INFO - Visiting: http://www.drps.ed.ac.uk/24-25/dpt/cxcnst12010.htm
2024-11-14 22:57:20,780 - INFO - 1 instances updated to ./data_container/24_11_14_21_57_33/24-25_cx_s_su796.htm.csv.
2024-11-14 22:57:20,805 - INFO - Visiting: http://www.drps.ed.ac.uk/24-25/dpt/cxcnst12015.htm
2024-11-14 22:57:24,835 - INFO - 1 instances updated to ./data_container/24_11_14_21_57_33/24-25_cx_s_su796.htm.csv.
2024-11-14 22:57:24,877 - INFO - Visiting: http://www.drps.ed.ac.uk/24-25/dpt/cxcnst12014.htm
2024-11-14 22:57:28,860 - INFO - 1 instances updated to ./data_container/24_11_14_21_57_33/24-25_cx_s_su796.htm.csv.
2024-11-14 22:57:28,885 - INFO - Visiting: http://www.drps.ed.ac.uk/24-25/dpt/cxcnst12012.htm
2024-11-14 22:57:32,625 - INFO - 1 instances updated to ./data_container/24_11_14_21_57_33/24-25_cx_s_su796.htm.csv.
2024-11-14 22:57:32,626 - INFO - Mining for keywords Accessibility,Inclusive design,Disability rights,Adaptive tools is success.
2024-11-14 22:57:32,658 - INFO - Visiting: http://www.drps.ed.ac.uk/24-25/dpt/cx_sb_issh.htm
2024-11-14 22:57:32,678 - INFO - Visiting: http://www.drps.ed.ac.uk/24-25/dpt/cxissh11026.htm
2024-11-14 22:57:37,302 - INFO - 1 instances updated to ./data_container/24_11_14_21_57_33/24-25_cx_s_su796.htm.csv.
2024-11-14 22:57:37,326 - INFO - Visiting: http://www.drps.ed.ac.uk/24-25/dpt/cxissh11021.htm
2024-11-14 22:57:41,414 - INFO - 1 instances updated to ./data_container/24_11_14_21_57_33/24-25_cx_s_su796.htm.csv.
2024-11-14 22:57:41,426 - INFO - Visiting: http://www.drps.ed.ac.uk/24-25/dpt/cxissh11011.htm
2024-11-14 22:57:45,467 - INFO - 1 instances updated to ./data_container/24_11_14_21_57_33/24-25_cx_s_su796.htm.csv.
2024-11-14 22:57:45,498 - INFO - Visiting: http://www.drps.ed.ac.uk/24-25/dpt/cxissh11018.htm
2024-11-14 22:57:49,576 - INFO - 1 instances updated to ./data_container/24_11_14_21_57_33/24-25_cx_s_su796.htm.csv.
2024-11-14 22:57:49,603 - INFO - Visiting: http://www.drps.ed.ac.uk/24-25/dpt/cxissh11017.htm
2024-11-14 22:57:54,101 - INFO - 1 instances updated to ./data_container/24_11_14_21_57_33/24-25_cx_s_su796.htm.csv.
2024-11-14 22:57:54,128 - INFO - Visiting: http://www.drps.ed.ac.uk/24-25/dpt/cxissh11016.htm
2024-11-14 22:57:57,848 - INFO - 1 instances updated to ./data_container/24_11_14_21_57_33/24-25_cx_s_su796.htm.csv.
2024-11-14 22:57:57,886 - INFO - Visiting: http://www.drps.ed.ac.uk/24-25/dpt/cxissh11007.htm
2024-11-14 22:58:02,240 - INFO - 1 instances updated to ./data_container/24_11_14_21_57_33/24-25_cx_s_su796.htm.csv.
2024-11-14 22:58:02,265 - INFO - Visiting: http://www.drps.ed.ac.uk/24-25/dpt/cxissh11010.htm
2024-11-14 22:58:06,673 - INFO - 1 instances updated to ./data_container/24_11_14_21_57_33/24-25_cx_s_su796.htm.csv.
2024-11-14 22:58:06,705 - INFO - Visiting: http://www.drps.ed.ac.uk/24-25/dpt/cxissh11023.htm
2024-11-14 22:58:10,318 - INFO - 1 instances updated to ./data_container/24_11_14_21_57_33/24-25_cx_s_su796.htm.csv.
2024-11-14 22:58:10,318 - INFO - Mining for keywords Accessibility,Inclusive design,Disability rights,Adaptive tools is success.
2024-11-14 22:58:10,347 - INFO - Visiting: http://www.drps.ed.ac.uk/24-25/dpt/cx_sb_nust.htm
2024-11-14 22:58:10,536 - INFO - Visiting: http://www.drps.ed.ac.uk/24-25/dpt/cxnust08026.htm
2024-11-14 22:58:14,751 - INFO - 1 instances updated to ./data_container/24_11_14_21_57_33/24-25_cx_s_su796.htm.csv.
2024-11-14 22:58:14,775 - INFO - Visiting: http://www.drps.ed.ac.uk/24-25/dpt/cxnust08024.htm
2024-11-14 22:58:18,690 - INFO - 1 instances updated to ./data_container/24_11_14_21_57_33/24-25_cx_s_su796.htm.csv.
2024-11-14 22:58:18,716 - INFO - Visiting: http://www.drps.ed.ac.uk/24-25/dpt/cxnust08025.htm
2024-11-14 22:58:22,617 - INFO - 1 instances updated to ./data_container/24_11_14_21_57_33/24-25_cx_s_su796.htm.csv.
2024-11-14 22:58:22,646 - INFO - Visiting: http://www.drps.ed.ac.uk/24-25/dpt/cxnust08022.htm
2024-11-14 22:58:26,566 - INFO - 1 instances updated to ./data_container/24_11_14_21_57_33/24-25_cx_s_su796.htm.csv.
2024-11-14 22:58:26,577 - INFO - Visiting: http://www.drps.ed.ac.uk/24-25/dpt/cxnust08023.htm
2024-11-14 22:58:30,246 - INFO - 1 instances updated to ./data_container/24_11_14_21_57_33/24-25_cx_s_su796.htm.csv.
2024-11-14 22:58:30,261 - INFO - Visiting: http://www.drps.ed.ac.uk/24-25/dpt/cxnust08027.htm
2024-11-14 22:58:34,530 - INFO - 1 instances updated to ./data_container/24_11_14_21_57_33/24-25_cx_s_su796.htm.csv.
2024-11-14 22:58:34,543 - INFO - Visiting: http://www.drps.ed.ac.uk/24-25/dpt/cxnust08019.htm
2024-11-14 22:58:39,424 - INFO - 1 instances updated to ./data_container/24_11_14_21_57_33/24-25_cx_s_su796.htm.csv.
2024-11-14 22:58:39,465 - INFO - Visiting: http://www.drps.ed.ac.uk/24-25/dpt/cxnust08020.htm
2024-11-14 22:58:44,582 - INFO - 1 instances updated to ./data_container/24_11_14_21_57_33/24-25_cx_s_su796.htm.csv.
2024-11-14 22:58:44,614 - INFO - Visiting: http://www.drps.ed.ac.uk/24-25/dpt/cxnust08021.htm
2024-11-14 22:58:49,311 - INFO - 1 instances updated to ./data_container/24_11_14_21_57_33/24-25_cx_s_su796.htm.csv.
2024-11-14 22:58:49,340 - INFO - Visiting: http://www.drps.ed.ac.uk/24-25/dpt/cxnust10035.htm
2024-11-14 22:58:53,388 - INFO - 1 instances updated to ./data_container/24_11_14_21_57_33/24-25_cx_s_su796.htm.csv.
2024-11-14 22:58:53,412 - INFO - Visiting: http://www.drps.ed.ac.uk/24-25/dpt/cxnust10062.htm
2024-11-14 22:58:57,149 - INFO - 1 instances updated to ./data_container/24_11_14_21_57_33/24-25_cx_s_su796.htm.csv.
2024-11-14 22:58:57,165 - INFO - Visiting: http://www.drps.ed.ac.uk/24-25/dpt/cxnust10022.htm
2024-11-14 22:59:01,761 - INFO - 1 instances updated to ./data_container/24_11_14_21_57_33/24-25_cx_s_su796.htm.csv.
2024-11-14 22:59:01,786 - INFO - Visiting: http://www.drps.ed.ac.uk/24-25/dpt/cxnust10033.htm
2024-11-14 22:59:06,992 - INFO - 1 instances updated to ./data_container/24_11_14_21_57_33/24-25_cx_s_su796.htm.csv.
2024-11-14 22:59:07,020 - INFO - Visiting: http://www.drps.ed.ac.uk/24-25/dpt/cxnust10005.htm
2024-11-14 22:59:10,951 - INFO - 1 instances updated to ./data_container/24_11_14_21_57_33/24-25_cx_s_su796.htm.csv.
2024-11-14 22:59:10,980 - INFO - Visiting: http://www.drps.ed.ac.uk/24-25/dpt/cxnust10057.htm
2024-11-14 22:59:15,049 - INFO - 1 instances updated to ./data_container/24_11_14_21_57_33/24-25_cx_s_su796.htm.csv.
2024-11-14 22:59:15,076 - INFO - Visiting: http://www.drps.ed.ac.uk/24-25/dpt/cxnust10002.htm
2024-11-14 22:59:19,634 - INFO - 1 instances updated to ./data_container/24_11_14_21_57_33/24-25_cx_s_su796.htm.csv.
2024-11-14 22:59:19,646 - INFO - Visiting: http://www.drps.ed.ac.uk/24-25/dpt/cxnust10050.htm
2024-11-14 22:59:24,067 - INFO - 1 instances updated to ./data_container/24_11_14_21_57_33/24-25_cx_s_su796.htm.csv.
2024-11-14 22:59:24,094 - INFO - Visiting: http://www.drps.ed.ac.uk/24-25/dpt/cxnust10044.htm
2024-11-14 22:59:27,800 - INFO - 1 instances updated to ./data_container/24_11_14_21_57_33/24-25_cx_s_su796.htm.csv.
2024-11-14 22:59:27,822 - INFO - Visiting: http://www.drps.ed.ac.uk/24-25/dpt/cxnust10036.htm
2024-11-14 22:59:32,313 - INFO - 1 instances updated to ./data_container/24_11_14_21_57_33/24-25_cx_s_su796.htm.csv.
2024-11-14 22:59:32,339 - INFO - Visiting: http://www.drps.ed.ac.uk/24-25/dpt/cxnust10055.htm
2024-11-14 22:59:36,270 - INFO - 1 instances updated to ./data_container/24_11_14_21_57_33/24-25_cx_s_su796.htm.csv.
2024-11-14 22:59:36,284 - INFO - Visiting: http://www.drps.ed.ac.uk/24-25/dpt/cxnust10059.htm
2024-11-14 22:59:40,408 - INFO - 1 instances updated to ./data_container/24_11_14_21_57_33/24-25_cx_s_su796.htm.csv.
2024-11-14 22:59:40,430 - INFO - Visiting: http://www.drps.ed.ac.uk/24-25/dpt/cxnust10045.htm
2024-11-14 22:59:44,349 - INFO - 1 instances updated to ./data_container/24_11_14_21_57_33/24-25_cx_s_su796.htm.csv.
2024-11-14 22:59:44,361 - INFO - Visiting: http://www.drps.ed.ac.uk/24-25/dpt/cxnust10051.htm
2024-11-14 22:59:48,246 - INFO - 1 instances updated to ./data_container/24_11_14_21_57_33/24-25_cx_s_su796.htm.csv.
2024-11-14 22:59:48,270 - INFO - Visiting: http://www.drps.ed.ac.uk/24-25/dpt/cxnust10008.htm
2024-11-14 22:59:53,157 - INFO - 1 instances updated to ./data_container/24_11_14_21_57_33/24-25_cx_s_su796.htm.csv.
2024-11-14 22:59:53,194 - INFO - Visiting: http://www.drps.ed.ac.uk/24-25/dpt/cxnust10061.htm
2024-11-14 22:59:57,892 - INFO - 1 instances updated to ./data_container/24_11_14_21_57_33/24-25_cx_s_su796.htm.csv.
2024-11-14 22:59:57,922 - INFO - Visiting: http://www.drps.ed.ac.uk/24-25/dpt/cxnust10046.htm
2024-11-14 23:00:01,849 - INFO - 1 instances updated to ./data_container/24_11_14_21_57_33/24-25_cx_s_su796.htm.csv.
2024-11-14 23:00:01,886 - INFO - Visiting: http://www.drps.ed.ac.uk/24-25/dpt/cxnust10053.htm
2024-11-14 23:00:06,326 - INFO - 1 instances updated to ./data_container/24_11_14_21_57_33/24-25_cx_s_su796.htm.csv.
2024-11-14 23:00:06,341 - INFO - Visiting: http://www.drps.ed.ac.uk/24-25/dpt/cxnust10054.htm
2024-11-14 23:00:10,800 - INFO - 1 instances updated to ./data_container/24_11_14_21_57_33/24-25_cx_s_su796.htm.csv.
2024-11-14 23:00:10,825 - INFO - Visiting: http://www.drps.ed.ac.uk/24-25/dpt/cxnust10043.htm
2024-11-14 23:00:14,883 - INFO - 1 instances updated to ./data_container/24_11_14_21_57_33/24-25_cx_s_su796.htm.csv.
2024-11-14 23:00:14,911 - INFO - Visiting: http://www.drps.ed.ac.uk/24-25/dpt/cxnust10060.htm
2024-11-14 23:00:18,961 - INFO - 1 instances updated to ./data_container/24_11_14_21_57_33/24-25_cx_s_su796.htm.csv.
2024-11-14 23:00:18,985 - INFO - Visiting: http://www.drps.ed.ac.uk/24-25/dpt/cxnust10052.htm
2024-11-14 23:00:23,034 - INFO - 1 instances updated to ./data_container/24_11_14_21_57_33/24-25_cx_s_su796.htm.csv.
2024-11-14 23:00:23,069 - INFO - Visiting: http://www.drps.ed.ac.uk/24-25/dpt/cxnust10058.htm
2024-11-14 23:00:27,488 - INFO - 1 instances updated to ./data_container/24_11_14_21_57_33/24-25_cx_s_su796.htm.csv.
2024-11-14 23:00:27,517 - INFO - Visiting: http://www.drps.ed.ac.uk/24-25/dpt/cxnust10030.htm
2024-11-14 23:00:31,250 - INFO - 1 instances updated to ./data_container/24_11_14_21_57_33/24-25_cx_s_su796.htm.csv.
2024-11-14 23:00:31,263 - INFO - Visiting: http://www.drps.ed.ac.uk/24-25/dpt/cxnust10056.htm
2024-11-14 23:00:36,351 - INFO - 1 instances updated to ./data_container/24_11_14_21_57_33/24-25_cx_s_su796.htm.csv.
2024-11-14 23:00:36,376 - INFO - Visiting: http://www.drps.ed.ac.uk/24-25/dpt/cxnust11099.htm
2024-11-14 23:00:41,748 - INFO - 1 instances updated to ./data_container/24_11_14_21_57_33/24-25_cx_s_su796.htm.csv.
2024-11-14 23:00:41,776 - INFO - Visiting: http://www.drps.ed.ac.uk/24-25/dpt/cxnust11121.htm
2024-11-14 23:00:45,761 - INFO - 1 instances updated to ./data_container/24_11_14_21_57_33/24-25_cx_s_su796.htm.csv.
2024-11-14 23:00:45,787 - INFO - Visiting: http://www.drps.ed.ac.uk/24-25/dpt/cxnust11116.htm
2024-11-14 23:00:49,380 - INFO - 1 instances updated to ./data_container/24_11_14_21_57_33/24-25_cx_s_su796.htm.csv.
2024-11-14 23:00:49,406 - INFO - Visiting: http://www.drps.ed.ac.uk/24-25/dpt/cxnust11131.htm
2024-11-14 23:00:53,824 - INFO - 1 instances updated to ./data_container/24_11_14_21_57_33/24-25_cx_s_su796.htm.csv.
2024-11-14 23:00:53,850 - INFO - Visiting: http://www.drps.ed.ac.uk/24-25/dpt/cxnust11110.htm
2024-11-14 23:00:57,681 - INFO - 1 instances updated to ./data_container/24_11_14_21_57_33/24-25_cx_s_su796.htm.csv.
2024-11-14 23:00:57,731 - INFO - Visiting: http://www.drps.ed.ac.uk/24-25/dpt/cxnust11111.htm
2024-11-14 23:01:01,700 - INFO - 1 instances updated to ./data_container/24_11_14_21_57_33/24-25_cx_s_su796.htm.csv.
2024-11-14 23:01:01,730 - INFO - Visiting: http://www.drps.ed.ac.uk/24-25/dpt/cxnust11113.htm
2024-11-14 23:01:05,680 - INFO - 1 instances updated to ./data_container/24_11_14_21_57_33/24-25_cx_s_su796.htm.csv.
2024-11-14 23:01:05,713 - INFO - Visiting: http://www.drps.ed.ac.uk/24-25/dpt/cxnust11048.htm
2024-11-14 23:01:09,945 - INFO - 1 instances updated to ./data_container/24_11_14_21_57_33/24-25_cx_s_su796.htm.csv.
2024-11-14 23:01:09,971 - INFO - Visiting: http://www.drps.ed.ac.uk/24-25/dpt/cxnust11085.htm
2024-11-14 23:01:14,016 - INFO - 1 instances updated to ./data_container/24_11_14_21_57_33/24-25_cx_s_su796.htm.csv.
2024-11-14 23:01:14,043 - INFO - Visiting: http://www.drps.ed.ac.uk/24-25/dpt/cxnust11080.htm
2024-11-14 23:01:18,047 - INFO - 1 instances updated to ./data_container/24_11_14_21_57_33/24-25_cx_s_su796.htm.csv.
2024-11-14 23:01:18,081 - INFO - Visiting: http://www.drps.ed.ac.uk/24-25/dpt/cxnust11127.htm
2024-11-14 23:01:21,970 - INFO - 1 instances updated to ./data_container/24_11_14_21_57_33/24-25_cx_s_su796.htm.csv.
2024-11-14 23:01:21,999 - INFO - Visiting: http://www.drps.ed.ac.uk/24-25/dpt/cxnust11091.htm
2024-11-14 23:01:29,177 - INFO - 1 instances updated to ./data_container/24_11_14_21_57_33/24-25_cx_s_su796.htm.csv.
2024-11-14 23:01:29,203 - INFO - Visiting: http://www.drps.ed.ac.uk/24-25/dpt/cxnust11129.htm
2024-11-14 23:01:33,064 - INFO - 1 instances updated to ./data_container/24_11_14_21_57_33/24-25_cx_s_su796.htm.csv.
2024-11-14 23:01:33,092 - INFO - Visiting: http://www.drps.ed.ac.uk/24-25/dpt/cxnust11092.htm
2024-11-14 23:01:36,707 - INFO - 1 instances updated to ./data_container/24_11_14_21_57_33/24-25_cx_s_su796.htm.csv.
2024-11-14 23:01:36,739 - INFO - Visiting: http://www.drps.ed.ac.uk/24-25/dpt/cxnust11088.htm
2024-11-14 23:01:40,842 - INFO - 1 instances updated to ./data_container/24_11_14_21_57_33/24-25_cx_s_su796.htm.csv.
2024-11-14 23:01:40,860 - INFO - Visiting: http://www.drps.ed.ac.uk/24-25/dpt/cxnust11082.htm
2024-11-14 23:01:44,648 - INFO - 1 instances updated to ./data_container/24_11_14_21_57_33/24-25_cx_s_su796.htm.csv.
2024-11-14 23:01:44,665 - INFO - Visiting: http://www.drps.ed.ac.uk/24-25/dpt/cxnust11102.htm
2024-11-14 23:01:48,977 - INFO - 1 instances updated to ./data_container/24_11_14_21_57_33/24-25_cx_s_su796.htm.csv.
2024-11-14 23:01:48,994 - INFO - Visiting: http://www.drps.ed.ac.uk/24-25/dpt/cxnust11058.htm
2024-11-14 23:01:52,696 - INFO - 1 instances updated to ./data_container/24_11_14_21_57_33/24-25_cx_s_su796.htm.csv.
2024-11-14 23:01:52,729 - INFO - Visiting: http://www.drps.ed.ac.uk/24-25/dpt/cxnust11033.htm
2024-11-14 23:01:56,931 - INFO - 1 instances updated to ./data_container/24_11_14_21_57_33/24-25_cx_s_su796.htm.csv.
2024-11-14 23:01:56,969 - INFO - Visiting: http://www.drps.ed.ac.uk/24-25/dpt/cxnust11125.htm
2024-11-14 23:02:02,475 - INFO - 1 instances updated to ./data_container/24_11_14_21_57_33/24-25_cx_s_su796.htm.csv.
2024-11-14 23:02:02,501 - INFO - Visiting: http://www.drps.ed.ac.uk/24-25/dpt/cxnust11089.htm
2024-11-14 23:02:06,168 - INFO - 1 instances updated to ./data_container/24_11_14_21_57_33/24-25_cx_s_su796.htm.csv.
2024-11-14 23:02:06,197 - INFO - Visiting: http://www.drps.ed.ac.uk/24-25/dpt/cxnust11107.htm
2024-11-14 23:02:10,104 - INFO - 1 instances updated to ./data_container/24_11_14_21_57_33/24-25_cx_s_su796.htm.csv.
2024-11-14 23:02:10,129 - INFO - Visiting: http://www.drps.ed.ac.uk/24-25/dpt/cxnust11095.htm
2024-11-14 23:02:14,031 - INFO - 1 instances updated to ./data_container/24_11_14_21_57_33/24-25_cx_s_su796.htm.csv.
2024-11-14 23:02:14,056 - INFO - Visiting: http://www.drps.ed.ac.uk/24-25/dpt/cxnust11124.htm
2024-11-14 23:02:17,980 - INFO - 1 instances updated to ./data_container/24_11_14_21_57_33/24-25_cx_s_su796.htm.csv.
2024-11-14 23:02:18,006 - INFO - Visiting: http://www.drps.ed.ac.uk/24-25/dpt/cxnust11112.htm
2024-11-14 23:02:21,858 - INFO - 1 instances updated to ./data_container/24_11_14_21_57_33/24-25_cx_s_su796.htm.csv.
2024-11-14 23:02:21,896 - INFO - Visiting: http://www.drps.ed.ac.uk/24-25/dpt/cxnust11096.htm
2024-11-14 23:02:25,769 - INFO - 1 instances updated to ./data_container/24_11_14_21_57_33/24-25_cx_s_su796.htm.csv.
2024-11-14 23:02:25,796 - INFO - Visiting: http://www.drps.ed.ac.uk/24-25/dpt/cxnust11106.htm
2024-11-14 23:02:29,623 - INFO - 1 instances updated to ./data_container/24_11_14_21_57_33/24-25_cx_s_su796.htm.csv.
2024-11-14 23:02:29,672 - INFO - Visiting: http://www.drps.ed.ac.uk/24-25/dpt/cxnust11087.htm
2024-11-14 23:02:33,406 - INFO - 1 instances updated to ./data_container/24_11_14_21_57_33/24-25_cx_s_su796.htm.csv.
2024-11-14 23:02:33,434 - INFO - Visiting: http://www.drps.ed.ac.uk/24-25/dpt/cxnust11105.htm
2024-11-14 23:02:37,101 - INFO - 1 instances updated to ./data_container/24_11_14_21_57_33/24-25_cx_s_su796.htm.csv.
2024-11-14 23:02:37,130 - INFO - Visiting: http://www.drps.ed.ac.uk/24-25/dpt/cxnust11090.htm
2024-11-14 23:02:41,156 - INFO - 1 instances updated to ./data_container/24_11_14_21_57_33/24-25_cx_s_su796.htm.csv.
2024-11-14 23:02:41,184 - INFO - Visiting: http://www.drps.ed.ac.uk/24-25/dpt/cxnust11093.htm
2024-11-14 23:02:44,914 - INFO - 1 instances updated to ./data_container/24_11_14_21_57_33/24-25_cx_s_su796.htm.csv.
2024-11-14 23:02:44,930 - INFO - Visiting: http://www.drps.ed.ac.uk/24-25/dpt/cxnust11109.htm
2024-11-14 23:02:48,722 - INFO - 1 instances updated to ./data_container/24_11_14_21_57_33/24-25_cx_s_su796.htm.csv.
2024-11-14 23:02:48,746 - INFO - Visiting: http://www.drps.ed.ac.uk/24-25/dpt/cxnust11123.htm
2024-11-14 23:02:52,436 - INFO - 1 instances updated to ./data_container/24_11_14_21_57_33/24-25_cx_s_su796.htm.csv.
2024-11-14 23:02:52,454 - INFO - Visiting: http://www.drps.ed.ac.uk/24-25/dpt/cxnust11115.htm
2024-11-14 23:02:56,645 - INFO - 1 instances updated to ./data_container/24_11_14_21_57_33/24-25_cx_s_su796.htm.csv.
2024-11-14 23:02:56,773 - INFO - Visiting: http://www.drps.ed.ac.uk/24-25/dpt/cxnust11046.htm
2024-11-14 23:03:01,127 - INFO - 1 instances updated to ./data_container/24_11_14_21_57_33/24-25_cx_s_su796.htm.csv.
2024-11-14 23:03:01,180 - INFO - Visiting: http://www.drps.ed.ac.uk/24-25/dpt/cxnust11101.htm
2024-11-14 23:03:05,146 - INFO - 1 instances updated to ./data_container/24_11_14_21_57_33/24-25_cx_s_su796.htm.csv.
2024-11-14 23:03:05,188 - INFO - Visiting: http://www.drps.ed.ac.uk/24-25/dpt/cxnust11126.htm
2024-11-14 23:03:09,128 - INFO - 1 instances updated to ./data_container/24_11_14_21_57_33/24-25_cx_s_su796.htm.csv.
2024-11-14 23:03:09,154 - INFO - Visiting: http://www.drps.ed.ac.uk/24-25/dpt/cxnust11103.htm
2024-11-14 23:03:13,408 - INFO - 1 instances updated to ./data_container/24_11_14_21_57_33/24-25_cx_s_su796.htm.csv.
2024-11-14 23:03:13,437 - INFO - Visiting: http://www.drps.ed.ac.uk/24-25/dpt/cxnust11100.htm
2024-11-14 23:03:17,150 - INFO - 1 instances updated to ./data_container/24_11_14_21_57_33/24-25_cx_s_su796.htm.csv.
2024-11-14 23:03:17,179 - INFO - Visiting: http://www.drps.ed.ac.uk/24-25/dpt/cxnust11119.htm
2024-11-14 23:03:20,965 - INFO - 1 instances updated to ./data_container/24_11_14_21_57_33/24-25_cx_s_su796.htm.csv.
2024-11-14 23:03:21,003 - INFO - Visiting: http://www.drps.ed.ac.uk/24-25/dpt/cxnust11081.htm
2024-11-14 23:03:24,921 - INFO - 1 instances updated to ./data_container/24_11_14_21_57_33/24-25_cx_s_su796.htm.csv.
2024-11-14 23:03:24,949 - INFO - Visiting: http://www.drps.ed.ac.uk/24-25/dpt/cxnust11097.htm
2024-11-14 23:03:29,056 - INFO - 1 instances updated to ./data_container/24_11_14_21_57_33/24-25_cx_s_su796.htm.csv.
2024-11-14 23:03:29,087 - INFO - Visiting: http://www.drps.ed.ac.uk/24-25/dpt/cxnust11104.htm
2024-11-14 23:03:36,226 - INFO - 1 instances updated to ./data_container/24_11_14_21_57_33/24-25_cx_s_su796.htm.csv.
2024-11-14 23:03:36,314 - INFO - Visiting: http://www.drps.ed.ac.uk/24-25/dpt/cxnust11130.htm
2024-11-14 23:03:40,474 - INFO - 1 instances updated to ./data_container/24_11_14_21_57_33/24-25_cx_s_su796.htm.csv.
2024-11-14 23:03:40,506 - INFO - Visiting: http://www.drps.ed.ac.uk/24-25/dpt/cxnust11114.htm
2024-11-14 23:03:44,481 - INFO - 1 instances updated to ./data_container/24_11_14_21_57_33/24-25_cx_s_su796.htm.csv.
2024-11-14 23:03:44,532 - INFO - Visiting: http://www.drps.ed.ac.uk/24-25/dpt/cxnust11083.htm
2024-11-14 23:03:48,571 - INFO - 1 instances updated to ./data_container/24_11_14_21_57_33/24-25_cx_s_su796.htm.csv.
2024-11-14 23:03:48,601 - INFO - Visiting: http://www.drps.ed.ac.uk/24-25/dpt/cxnust11120.htm
2024-11-14 23:03:53,119 - INFO - 1 instances updated to ./data_container/24_11_14_21_57_33/24-25_cx_s_su796.htm.csv.
2024-11-14 23:03:53,147 - INFO - Visiting: http://www.drps.ed.ac.uk/24-25/dpt/cxnust11117.htm
2024-11-14 23:03:58,788 - INFO - 1 instances updated to ./data_container/24_11_14_21_57_33/24-25_cx_s_su796.htm.csv.
2024-11-14 23:03:58,818 - INFO - Visiting: http://www.drps.ed.ac.uk/24-25/dpt/cxnust11059.htm
2024-11-14 23:04:02,958 - INFO - 1 instances updated to ./data_container/24_11_14_21_57_33/24-25_cx_s_su796.htm.csv.
2024-11-14 23:04:02,989 - INFO - Visiting: http://www.drps.ed.ac.uk/24-25/dpt/cxnust11060.htm
2024-11-14 23:04:07,068 - INFO - 1 instances updated to ./data_container/24_11_14_21_57_33/24-25_cx_s_su796.htm.csv.
2024-11-14 23:04:07,097 - INFO - Visiting: http://www.drps.ed.ac.uk/24-25/dpt/cxnust11118.htm
2024-11-14 23:04:11,380 - INFO - 1 instances updated to ./data_container/24_11_14_21_57_33/24-25_cx_s_su796.htm.csv.
2024-11-14 23:04:11,392 - INFO - Visiting: http://www.drps.ed.ac.uk/24-25/dpt/cxnust11078.htm
2024-11-14 23:04:16,085 - INFO - 1 instances updated to ./data_container/24_11_14_21_57_33/24-25_cx_s_su796.htm.csv.
2024-11-14 23:04:16,103 - INFO - Visiting: http://www.drps.ed.ac.uk/24-25/dpt/cxnust11077.htm
2024-11-14 23:04:20,004 - INFO - 1 instances updated to ./data_container/24_11_14_21_57_33/24-25_cx_s_su796.htm.csv.
2024-11-14 23:04:20,023 - INFO - Visiting: http://www.drps.ed.ac.uk/24-25/dpt/cxnust11052.htm
2024-11-14 23:04:23,826 - INFO - 1 instances updated to ./data_container/24_11_14_21_57_33/24-25_cx_s_su796.htm.csv.
2024-11-14 23:04:23,858 - INFO - Visiting: http://www.drps.ed.ac.uk/24-25/dpt/cxnust11098.htm
2024-11-14 23:04:27,320 - INFO - 1 instances updated to ./data_container/24_11_14_21_57_33/24-25_cx_s_su796.htm.csv.
2024-11-14 23:04:27,350 - INFO - Visiting: http://www.drps.ed.ac.uk/24-25/dpt/cxnust11075.htm
2024-11-14 23:04:31,977 - INFO - 1 instances updated to ./data_container/24_11_14_21_57_33/24-25_cx_s_su796.htm.csv.
2024-11-14 23:04:31,989 - INFO - Visiting: http://www.drps.ed.ac.uk/24-25/dpt/cxnust11108.htm
2024-11-14 23:04:35,623 - INFO - 1 instances updated to ./data_container/24_11_14_21_57_33/24-25_cx_s_su796.htm.csv.
2024-11-14 23:04:35,651 - INFO - Visiting: http://www.drps.ed.ac.uk/24-25/dpt/cxnust11108.htm
2024-11-14 23:04:39,579 - INFO - 1 instances updated to ./data_container/24_11_14_21_57_33/24-25_cx_s_su796.htm.csv.
2024-11-14 23:04:39,608 - INFO - Visiting: http://www.drps.ed.ac.uk/24-25/dpt/cxnust11013.htm
2024-11-14 23:04:44,143 - INFO - 1 instances updated to ./data_container/24_11_14_21_57_33/24-25_cx_s_su796.htm.csv.
2024-11-14 23:04:44,182 - INFO - Visiting: http://www.drps.ed.ac.uk/24-25/dpt/cxnust11094.htm
2024-11-14 23:04:47,820 - INFO - 1 instances updated to ./data_container/24_11_14_21_57_33/24-25_cx_s_su796.htm.csv.
2024-11-14 23:04:47,849 - INFO - Visiting: http://www.drps.ed.ac.uk/24-25/dpt/cxnust11084.htm
2024-11-14 23:04:53,978 - INFO - 1 instances updated to ./data_container/24_11_14_21_57_33/24-25_cx_s_su796.htm.csv.
2024-11-14 23:04:53,978 - INFO - Mining for keywords Accessibility,Inclusive design,Disability rights,Adaptive tools is success.
2024-11-14 23:04:54,008 - INFO - Visiting: http://www.drps.ed.ac.uk/24-25/dpt/cx_sb_shss.htm
2024-11-14 23:04:54,043 - INFO - Visiting: http://www.drps.ed.ac.uk/24-25/dpt/cxshss08004.htm
2024-11-14 23:04:57,901 - INFO - 1 instances updated to ./data_container/24_11_14_21_57_33/24-25_cx_s_su796.htm.csv.
2024-11-14 23:04:57,926 - INFO - Visiting: http://www.drps.ed.ac.uk/24-25/dpt/cxshss08008.htm
2024-11-14 23:05:01,963 - INFO - 1 instances updated to ./data_container/24_11_14_21_57_33/24-25_cx_s_su796.htm.csv.
2024-11-14 23:05:01,975 - INFO - Visiting: http://www.drps.ed.ac.uk/24-25/dpt/cxshss08002.htm
2024-11-14 23:05:06,109 - INFO - 1 instances updated to ./data_container/24_11_14_21_57_33/24-25_cx_s_su796.htm.csv.
2024-11-14 23:05:06,135 - INFO - Visiting: http://www.drps.ed.ac.uk/24-25/dpt/cxshss08006.htm
2024-11-14 23:05:09,781 - INFO - 1 instances updated to ./data_container/24_11_14_21_57_33/24-25_cx_s_su796.htm.csv.
2024-11-14 23:05:09,793 - INFO - Visiting: http://www.drps.ed.ac.uk/24-25/dpt/cxshss08005.htm
2024-11-14 23:05:13,801 - INFO - 1 instances updated to ./data_container/24_11_14_21_57_33/24-25_cx_s_su796.htm.csv.
2024-11-14 23:05:13,823 - INFO - Visiting: http://www.drps.ed.ac.uk/24-25/dpt/cxshss08003.htm
2024-11-14 23:05:18,116 - INFO - 1 instances updated to ./data_container/24_11_14_21_57_33/24-25_cx_s_su796.htm.csv.
2024-11-14 23:05:18,150 - INFO - Visiting: http://www.drps.ed.ac.uk/24-25/dpt/cxshss08001.htm
2024-11-14 23:05:22,780 - INFO - 1 instances updated to ./data_container/24_11_14_21_57_33/24-25_cx_s_su796.htm.csv.
2024-11-14 23:05:22,808 - INFO - Visiting: http://www.drps.ed.ac.uk/24-25/dpt/cxshss08007.htm
2024-11-14 23:05:27,360 - INFO - 1 instances updated to ./data_container/24_11_14_21_57_33/24-25_cx_s_su796.htm.csv.
2024-11-14 23:05:27,377 - INFO - Visiting: http://www.drps.ed.ac.uk/24-25/dpt/cxshss10008.htm
2024-11-14 23:05:31,750 - INFO - 1 instances updated to ./data_container/24_11_14_21_57_33/24-25_cx_s_su796.htm.csv.
2024-11-14 23:05:31,774 - INFO - Visiting: http://www.drps.ed.ac.uk/24-25/dpt/cxshss10011.htm
2024-11-14 23:05:35,785 - INFO - 1 instances updated to ./data_container/24_11_14_21_57_33/24-25_cx_s_su796.htm.csv.
2024-11-14 23:05:35,820 - INFO - Visiting: http://www.drps.ed.ac.uk/24-25/dpt/cxshss10003.htm
2024-11-14 23:05:39,511 - INFO - 1 instances updated to ./data_container/24_11_14_21_57_33/24-25_cx_s_su796.htm.csv.
2024-11-14 23:05:39,536 - INFO - Visiting: http://www.drps.ed.ac.uk/24-25/dpt/cxshss10007.htm
2024-11-14 23:05:43,650 - INFO - 1 instances updated to ./data_container/24_11_14_21_57_33/24-25_cx_s_su796.htm.csv.
2024-11-14 23:05:43,675 - INFO - Visiting: http://www.drps.ed.ac.uk/24-25/dpt/cxshss10009.htm
2024-11-14 23:05:47,538 - INFO - 1 instances updated to ./data_container/24_11_14_21_57_33/24-25_cx_s_su796.htm.csv.
2024-11-14 23:05:47,565 - INFO - Visiting: http://www.drps.ed.ac.uk/24-25/dpt/cxshss10012.htm
2024-11-14 23:05:54,844 - INFO - 1 instances updated to ./data_container/24_11_14_21_57_33/24-25_cx_s_su796.htm.csv.
2024-11-14 23:05:54,873 - INFO - Visiting: http://www.drps.ed.ac.uk/24-25/dpt/cxshss10010.htm
2024-11-14 23:05:58,986 - INFO - 1 instances updated to ./data_container/24_11_14_21_57_33/24-25_cx_s_su796.htm.csv.
2024-11-14 23:05:59,015 - INFO - Visiting: http://www.drps.ed.ac.uk/24-25/dpt/cxshss10006.htm
2024-11-14 23:06:02,837 - INFO - 1 instances updated to ./data_container/24_11_14_21_57_33/24-25_cx_s_su796.htm.csv.
2024-11-14 23:06:02,865 - INFO - Visiting: http://www.drps.ed.ac.uk/24-25/dpt/cxshss10005.htm
2024-11-14 23:06:07,009 - INFO - 1 instances updated to ./data_container/24_11_14_21_57_33/24-25_cx_s_su796.htm.csv.
2024-11-14 23:06:07,044 - INFO - Visiting: http://www.drps.ed.ac.uk/24-25/dpt/cxshss10004.htm
2024-11-14 23:06:11,174 - INFO - 1 instances updated to ./data_container/24_11_14_21_57_33/24-25_cx_s_su796.htm.csv.
2024-11-14 23:06:11,205 - INFO - Visiting: http://www.drps.ed.ac.uk/24-25/dpt/cxshss10001.htm
2024-11-14 23:06:15,183 - INFO - 1 instances updated to ./data_container/24_11_14_21_57_33/24-25_cx_s_su796.htm.csv.
2024-11-14 23:06:15,207 - INFO - Visiting: http://www.drps.ed.ac.uk/24-25/dpt/cxshss10002.htm
2024-11-14 23:06:18,854 - INFO - 1 instances updated to ./data_container/24_11_14_21_57_33/24-25_cx_s_su796.htm.csv.
2024-11-14 23:06:18,881 - INFO - Visiting: http://www.drps.ed.ac.uk/24-25/dpt/cxshss11006.htm
2024-11-14 23:06:22,825 - INFO - 1 instances updated to ./data_container/24_11_14_21_57_33/24-25_cx_s_su796.htm.csv.
2024-11-14 23:06:22,851 - INFO - Visiting: http://www.drps.ed.ac.uk/24-25/dpt/cxshss11008.htm
2024-11-14 23:06:26,800 - INFO - 1 instances updated to ./data_container/24_11_14_21_57_33/24-25_cx_s_su796.htm.csv.
2024-11-14 23:06:26,820 - INFO - Visiting: http://www.drps.ed.ac.uk/24-25/dpt/cxshss11009.htm
2024-11-14 23:06:32,150 - INFO - 1 instances updated to ./data_container/24_11_14_21_57_33/24-25_cx_s_su796.htm.csv.
2024-11-14 23:06:32,168 - INFO - Visiting: http://www.drps.ed.ac.uk/24-25/dpt/cxshss11010.htm
2024-11-14 23:06:36,804 - INFO - 1 instances updated to ./data_container/24_11_14_21_57_33/24-25_cx_s_su796.htm.csv.
2024-11-14 23:06:36,834 - INFO - Visiting: http://www.drps.ed.ac.uk/24-25/dpt/cxshss11011.htm
2024-11-14 23:06:40,477 - INFO - 1 instances updated to ./data_container/24_11_14_21_57_33/24-25_cx_s_su796.htm.csv.
2024-11-14 23:06:40,508 - INFO - Visiting: http://www.drps.ed.ac.uk/24-25/dpt/cxshss11005.htm
2024-11-14 23:06:44,511 - INFO - 1 instances updated to ./data_container/24_11_14_21_57_33/24-25_cx_s_su796.htm.csv.
2024-11-14 23:06:44,536 - INFO - Visiting: http://www.drps.ed.ac.uk/24-25/dpt/cxshss11004.htm
2024-11-14 23:06:48,984 - INFO - 1 instances updated to ./data_container/24_11_14_21_57_33/24-25_cx_s_su796.htm.csv.
2024-11-14 23:06:49,009 - INFO - Visiting: http://www.drps.ed.ac.uk/24-25/dpt/cxshss11003.htm
2024-11-14 23:06:52,826 - INFO - 1 instances updated to ./data_container/24_11_14_21_57_33/24-25_cx_s_su796.htm.csv.
2024-11-14 23:06:52,837 - INFO - Visiting: http://www.drps.ed.ac.uk/24-25/dpt/cxshss11001.htm
2024-11-14 23:06:57,199 - INFO - 1 instances updated to ./data_container/24_11_14_21_57_33/24-25_cx_s_su796.htm.csv.
2024-11-14 23:06:57,228 - INFO - Visiting: http://www.drps.ed.ac.uk/24-25/dpt/cxshss11002.htm
2024-11-14 23:07:01,327 - INFO - 1 instances updated to ./data_container/24_11_14_21_57_33/24-25_cx_s_su796.htm.csv.
2024-11-14 23:07:01,328 - INFO - Mining for keywords Accessibility,Inclusive design,Disability rights,Adaptive tools is success.
                                                                                                                                                                                                                                                                                                                                                                                                                                                                                                                                                                                                                                                                                                                                                                                                                                                                                                                                                                                                                                                                                                                                                                                                                                                                                                                                                                                                                                                                                                                                                                                                                                                                                                                                                                                                                                                                                                                                                                                                                                                                                                                                                                                                                                                                                                                                                                                                                                                                                                                                                                                                                                                                                                                                                                                                                                                                                                                                                                                                                                                                                                                                                                                                                                                                                                                                                                                                                                                                                                                                                                                                                                                                                                                                                                                                                                                                                                                                                                                                                                                                                                                                                                                                                                                                                                                                                                                                                                                                                                                                                                                                                                                                                                                                                                                                                                                                                                                                                                                                                                                                                                                                                                                                                                                                                                                                                                                                                                                                                                                                                                                                                                                                                                                                                                                                                                                                                                                                                                                                                                                                                                                                                                                                                                                                                                                                                                                                                                                                                                                                                                                                                                                                                                                                                                                                                                                                                                                                                                                                                                                                                                                                                                                                                                                                                                                                                                                                                                                                                                                                                                                                                                                                                                                                                                                                                                                                                                                                                                                                                                                                                                                                                                                                                                                                                                                                                                                                                                                                                                                                                                                                                                                                                                                                                                                                                                                                                                                                                                                                                                                                                                                                                                                                                                                                                                                                                                                                                                                                                                                                                                                                                                                                                                                                                                                                                                                                                                                                                                                                                                                                                                                                                                                                                                                                                                                                                                                                                                                                                                                                                                                                                                                                                                                                                                                                                                                                                                                                                                                                                                                                                                                                                                                                                                                                                                                                                                                                                                                                                                                                                                                                                                                                                                                                                                                                                                                                                                                                                                                                                                                                                                                                                                                                                                                                                                                                                                                                                                                                                                                                                                                                                                                                                                                                                                                                                                                                                                                                                                                                                                                                                                                                                                                                                                                                                                                                                                                                                                                                                                                                                                                                                                                                                                                                                                                                                                                                                                                                                                                                                                                                                                                                                                                                                                                                                                                                                                                                                                                                                                                                                                                                                                                                                                                                                                                                                                                                                                                                                                                                                                                                                                                                                                                                                                                                                                                                                                                                                                                                                                                                                                                                                                                                                                                                                                                                                                                                                                                                                                                                                                                                                                                                                                                                                                                                                                                                                                                                                                                                                                                                                                                                                                                                                                                                                                                                                                                                                                                                                                                                                                                                                                                                                                                                                                                                                                                                                                                                                                                                                                                                                                                                                                                                                                                                                                                                                                                                                                                                                                                                                                                                                                                                                                                                                                                                                                                                                                                                                                                                                                                                                                                                                                                                                                                                                                                                                                                                                                                                                                                                                                                                                                                                                                                                                                                                                                                                                                                                                                                                                                                                                                                                                                                                                                                                                                                                                                                                                                                                                                                                                                                                                                                                                                                                                                                                                                                                                                                                                                                                                                                                                                                                                                                                                                                                                                                                                                                                                                                                                                                                                                                                                                                                                                                                                                                                                                                                                                                                                                                                                                                                                                                                                                                                                                                                                                                                                                                                                                                                                                                                                                                                                                                                                                                                                                                                                                                                                                                                                                                                                                                                                                                                                                                                                                                                                                                                                                                                                                                                                                                                                                                                                                                                                                                                                                                                                                                                                                                                                                                                                                                                                                                                                                                                                                                                                                                                                                                                                                                                                                                                                                                                                                                                                                                                                                                                                                                                                                                                                                                                                                                                                                                                                                                                                                                                                                                                                                                                                                                                                                                                                                                                                                                                                                                                                                                                                                                                                                                                                                                                                                                                                                                                                                                                                                                                                                                                                                                                                                                                                                                                                                                                                                                                                                                                                                                                                                                                                                                                                                                                                                                                                                                                                                                                                                                                                                                                                                                                                                                                                                                                                                                                                                                                                                                                                                                                                                                                                                                                                                                                                                                                                                                                                                                                                                                                                                                                                                                                                                                                                                                                                                                                                                                                                                                                                                                                                                                                                                                                                                                                                                                                                                                                                                                                                                                                                                                                                                                                                                                                                                                                                                                                                                                                                                                                                                                                                                                                                                                                                                                                                                                                                                                                                                                                                                                                                                                                                                                                                                                                                                                                                                                                                                                                                                                                                                                                                                                                                                                                                                                                                                                                                                                                                                                                                                                                                                                                                                                                                                                                                                                                                                                                                                                                                                                                                                                                                                                                                                                                                                                                                                                                                                                                                                                                                                                                                                                                                                                                                                                                                                                                                                                                                                                                                                                                                                                                                                                                                                                                                                                                                                                                                                                                                                                                                                                                                                                                                                                                                                                                                                                                                                                                                                                                                                                                                                                                                                                                                                                  2024-11-14 22:47:40,457 - INFO - Logger configured. Record to mine sites relevant to keywords semantic space.
2024-11-14 22:47:40,457 - INFO - ./data_container/24_11_14_21_57_33/24-25_cx_s_su796.htm.csv created.
2024-11-14 22:47:40,474 - INFO - Visiting: http://www.drps.ed.ac.uk/24-25/dpt/cx_sb_clps.htm
2024-11-14 22:47:40,560 - INFO - Visiting: http://www.drps.ed.ac.uk/24-25/dpt/cxclps10001.htm
2024-11-14 22:47:44,840 - INFO - 1 instances updated to ./data_container/24_11_14_21_57_33/24-25_cx_s_su796.htm.csv.
2024-11-14 22:47:44,866 - INFO - Visiting: http://www.drps.ed.ac.uk/24-25/dpt/cxclps11061.htm
2024-11-14 22:47:48,954 - INFO - 1 instances updated to ./data_container/24_11_14_21_57_33/24-25_cx_s_su796.htm.csv.
2024-11-14 22:47:48,981 - INFO - Visiting: http://www.drps.ed.ac.uk/24-25/dpt/cxclps11097.htm
2024-11-14 22:47:52,969 - INFO - 1 instances updated to ./data_container/24_11_14_21_57_33/24-25_cx_s_su796.htm.csv.
2024-11-14 22:47:52,995 - INFO - Visiting: http://www.drps.ed.ac.uk/24-25/dpt/cxclps11105.htm
2024-11-14 22:47:56,861 - INFO - 1 instances updated to ./data_container/24_11_14_21_57_33/24-25_cx_s_su796.htm.csv.
2024-11-14 22:47:56,887 - INFO - Visiting: http://www.drps.ed.ac.uk/24-25/dpt/cxclps11037.htm
2024-11-14 22:48:01,306 - INFO - 1 instances updated to ./data_container/24_11_14_21_57_33/24-25_cx_s_su796.htm.csv.
2024-11-14 22:48:01,335 - INFO - Visiting: http://www.drps.ed.ac.uk/24-25/dpt/cxclps11068.htm
2024-11-14 22:48:05,323 - INFO - 1 instances updated to ./data_container/24_11_14_21_57_33/24-25_cx_s_su796.htm.csv.
2024-11-14 22:48:05,339 - INFO - Visiting: http://www.drps.ed.ac.uk/24-25/dpt/cxclps11041.htm
2024-11-14 22:48:10,771 - INFO - 1 instances updated to ./data_container/24_11_14_21_57_33/24-25_cx_s_su796.htm.csv.
2024-11-14 22:48:10,797 - INFO - Visiting: http://www.drps.ed.ac.uk/24-25/dpt/cxclps11086.htm
2024-11-14 22:48:14,893 - INFO - 1 instances updated to ./data_container/24_11_14_21_57_33/24-25_cx_s_su796.htm.csv.
2024-11-14 22:48:14,928 - INFO - Visiting: http://www.drps.ed.ac.uk/24-25/dpt/cxclps11012.htm
2024-11-14 22:48:21,136 - INFO - 1 instances updated to ./data_container/24_11_14_21_57_33/24-25_cx_s_su796.htm.csv.
2024-11-14 22:48:21,154 - INFO - Visiting: http://www.drps.ed.ac.uk/24-25/dpt/cxclps11079.htm
2024-11-14 22:48:25,227 - INFO - 1 instances updated to ./data_container/24_11_14_21_57_33/24-25_cx_s_su796.htm.csv.
2024-11-14 22:48:25,259 - INFO - Visiting: http://www.drps.ed.ac.uk/24-25/dpt/cxclps11065.htm
2024-11-14 22:48:29,312 - INFO - 1 instances updated to ./data_container/24_11_14_21_57_33/24-25_cx_s_su796.htm.csv.
2024-11-14 22:48:29,341 - INFO - Visiting: http://www.drps.ed.ac.uk/24-25/dpt/cxclps11083.htm
2024-11-14 22:48:34,133 - INFO - 1 instances updated to ./data_container/24_11_14_21_57_33/24-25_cx_s_su796.htm.csv.
2024-11-14 22:48:34,168 - INFO - Visiting: http://www.drps.ed.ac.uk/24-25/dpt/cxclps11082.htm
2024-11-14 22:48:38,255 - INFO - 1 instances updated to ./data_container/24_11_14_21_57_33/24-25_cx_s_su796.htm.csv.
2024-11-14 22:48:38,272 - INFO - Visiting: http://www.drps.ed.ac.uk/24-25/dpt/cxclps11089.htm
2024-11-14 22:48:42,096 - INFO - 1 instances updated to ./data_container/24_11_14_21_57_33/24-25_cx_s_su796.htm.csv.
2024-11-14 22:48:42,122 - INFO - Visiting: http://www.drps.ed.ac.uk/24-25/dpt/cxclps11070.htm
2024-11-14 22:48:46,278 - INFO - 1 instances updated to ./data_container/24_11_14_21_57_33/24-25_cx_s_su796.htm.csv.
2024-11-14 22:48:46,313 - INFO - Visiting: http://www.drps.ed.ac.uk/24-25/dpt/cxclps11081.htm
2024-11-14 22:48:50,254 - INFO - 1 instances updated to ./data_container/24_11_14_21_57_33/24-25_cx_s_su796.htm.csv.
2024-11-14 22:48:50,280 - INFO - Visiting: http://www.drps.ed.ac.uk/24-25/dpt/cxclps11088.htm
2024-11-14 22:48:54,234 - INFO - 1 instances updated to ./data_container/24_11_14_21_57_33/24-25_cx_s_su796.htm.csv.
2024-11-14 22:48:54,247 - INFO - Visiting: http://www.drps.ed.ac.uk/24-25/dpt/cxclps11002.htm
2024-11-14 22:48:58,345 - INFO - 1 instances updated to ./data_container/24_11_14_21_57_33/24-25_cx_s_su796.htm.csv.
2024-11-14 22:48:58,371 - INFO - Visiting: http://www.drps.ed.ac.uk/24-25/dpt/cxclps11029.htm
2024-11-14 22:49:02,923 - INFO - 1 instances updated to ./data_container/24_11_14_21_57_33/24-25_cx_s_su796.htm.csv.
2024-11-14 22:49:02,951 - INFO - Visiting: http://www.drps.ed.ac.uk/24-25/dpt/cxclps11092.htm
2024-11-14 22:49:06,789 - INFO - 1 instances updated to ./data_container/24_11_14_21_57_33/24-25_cx_s_su796.htm.csv.
2024-11-14 22:49:06,816 - INFO - Visiting: http://www.drps.ed.ac.uk/24-25/dpt/cxclps11071.htm
2024-11-14 22:49:11,892 - INFO - 1 instances updated to ./data_container/24_11_14_21_57_33/24-25_cx_s_su796.htm.csv.
2024-11-14 22:49:11,903 - INFO - Visiting: http://www.drps.ed.ac.uk/24-25/dpt/cxclps11060.htm
2024-11-14 22:49:16,090 - INFO - 1 instances updated to ./data_container/24_11_14_21_57_33/24-25_cx_s_su796.htm.csv.
2024-11-14 22:49:16,150 - INFO - Visiting: http://www.drps.ed.ac.uk/24-25/dpt/cxclps11052.htm
2024-11-14 22:49:19,877 - INFO - 1 instances updated to ./data_container/24_11_14_21_57_33/24-25_cx_s_su796.htm.csv.
2024-11-14 22:49:19,902 - INFO - Visiting: http://www.drps.ed.ac.uk/24-25/dpt/cxclps11087.htm
2024-11-14 22:49:24,160 - INFO - 1 instances updated to ./data_container/24_11_14_21_57_33/24-25_cx_s_su796.htm.csv.
2024-11-14 22:49:24,186 - INFO - Visiting: http://www.drps.ed.ac.uk/24-25/dpt/cxclps11053.htm
2024-11-14 22:49:28,314 - INFO - 1 instances updated to ./data_container/24_11_14_21_57_33/24-25_cx_s_su796.htm.csv.
2024-11-14 22:49:28,349 - INFO - Visiting: http://www.drps.ed.ac.uk/24-25/dpt/cxclps11044.htm
2024-11-14 22:49:32,237 - INFO - 1 instances updated to ./data_container/24_11_14_21_57_33/24-25_cx_s_su796.htm.csv.
2024-11-14 22:49:32,249 - INFO - Visiting: http://www.drps.ed.ac.uk/24-25/dpt/cxclps11054.htm
2024-11-14 22:49:37,159 - INFO - 1 instances updated to ./data_container/24_11_14_21_57_33/24-25_cx_s_su796.htm.csv.
2024-11-14 22:49:37,189 - INFO - Visiting: http://www.drps.ed.ac.uk/24-25/dpt/cxclps11048.htm
2024-11-14 22:49:40,894 - INFO - 1 instances updated to ./data_container/24_11_14_21_57_33/24-25_cx_s_su796.htm.csv.
2024-11-14 22:49:40,921 - INFO - Visiting: http://www.drps.ed.ac.uk/24-25/dpt/cxclps11103.htm
2024-11-14 22:49:45,248 - INFO - 1 instances updated to ./data_container/24_11_14_21_57_33/24-25_cx_s_su796.htm.csv.
2024-11-14 22:49:45,293 - INFO - Visiting: http://www.drps.ed.ac.uk/24-25/dpt/cxclps11049.htm
2024-11-14 22:49:49,327 - INFO - 1 instances updated to ./data_container/24_11_14_21_57_33/24-25_cx_s_su796.htm.csv.
2024-11-14 22:49:49,354 - INFO - Visiting: http://www.drps.ed.ac.uk/24-25/dpt/cxclps11077.htm
2024-11-14 22:49:53,618 - INFO - 1 instances updated to ./data_container/24_11_14_21_57_33/24-25_cx_s_su796.htm.csv.
2024-11-14 22:49:53,644 - INFO - Visiting: http://www.drps.ed.ac.uk/24-25/dpt/cxclps11078.htm
2024-11-14 22:49:57,731 - INFO - 1 instances updated to ./data_container/24_11_14_21_57_33/24-25_cx_s_su796.htm.csv.
2024-11-14 22:49:57,744 - INFO - Visiting: http://www.drps.ed.ac.uk/24-25/dpt/cxclps11076.htm
2024-11-14 22:50:01,764 - INFO - 1 instances updated to ./data_container/24_11_14_21_57_33/24-25_cx_s_su796.htm.csv.
2024-11-14 22:50:01,789 - INFO - Visiting: http://www.drps.ed.ac.uk/24-25/dpt/cxclps11030.htm
2024-11-14 22:50:06,080 - INFO - 1 instances updated to ./data_container/24_11_14_21_57_33/24-25_cx_s_su796.htm.csv.
2024-11-14 22:50:06,270 - INFO - Visiting: http://www.drps.ed.ac.uk/24-25/dpt/cxclps11072.htm
2024-11-14 22:50:10,649 - INFO - 1 instances updated to ./data_container/24_11_14_21_57_33/24-25_cx_s_su796.htm.csv.
2024-11-14 22:50:10,663 - INFO - Visiting: http://www.drps.ed.ac.uk/24-25/dpt/cxclps11104.htm
2024-11-14 22:50:15,821 - INFO - 1 instances updated to ./data_container/24_11_14_21_57_33/24-25_cx_s_su796.htm.csv.
2024-11-14 22:50:15,857 - INFO - Visiting: http://www.drps.ed.ac.uk/24-25/dpt/cxclps11009.htm
2024-11-14 22:50:19,936 - INFO - 1 instances updated to ./data_container/24_11_14_21_57_33/24-25_cx_s_su796.htm.csv.
2024-11-14 22:50:19,963 - INFO - Visiting: http://www.drps.ed.ac.uk/24-25/dpt/cxclps11039.htm
2024-11-14 22:50:23,610 - INFO - 1 instances updated to ./data_container/24_11_14_21_57_33/24-25_cx_s_su796.htm.csv.
2024-11-14 22:50:23,623 - INFO - Visiting: http://www.drps.ed.ac.uk/24-25/dpt/cxclps11050.htm
2024-11-14 22:50:28,215 - INFO - 1 instances updated to ./data_container/24_11_14_21_57_33/24-25_cx_s_su796.htm.csv.
2024-11-14 22:50:28,254 - INFO - Visiting: http://www.drps.ed.ac.uk/24-25/dpt/cxclps11091.htm
2024-11-14 22:50:32,839 - INFO - 1 instances updated to ./data_container/24_11_14_21_57_33/24-25_cx_s_su796.htm.csv.
2024-11-14 22:50:32,866 - INFO - Visiting: http://www.drps.ed.ac.uk/24-25/dpt/cxclps11010.htm
2024-11-14 22:50:37,636 - INFO - 1 instances updated to ./data_container/24_11_14_21_57_33/24-25_cx_s_su796.htm.csv.
2024-11-14 22:50:37,647 - INFO - Visiting: http://www.drps.ed.ac.uk/24-25/dpt/cxclps11033.htm
2024-11-14 22:50:41,967 - INFO - 1 instances updated to ./data_container/24_11_14_21_57_33/24-25_cx_s_su796.htm.csv.
2024-11-14 22:50:41,999 - INFO - Visiting: http://www.drps.ed.ac.uk/24-25/dpt/cxclps11099.htm
2024-11-14 22:50:46,507 - INFO - 1 instances updated to ./data_container/24_11_14_21_57_33/24-25_cx_s_su796.htm.csv.
2024-11-14 22:50:46,532 - INFO - Visiting: http://www.drps.ed.ac.uk/24-25/dpt/cxclps11063.htm
2024-11-14 22:50:50,689 - INFO - 1 instances updated to ./data_container/24_11_14_21_57_33/24-25_cx_s_su796.htm.csv.
2024-11-14 22:50:50,719 - INFO - Visiting: http://www.drps.ed.ac.uk/24-25/dpt/cxclps11055.htm
2024-11-14 22:50:54,554 - INFO - 1 instances updated to ./data_container/24_11_14_21_57_33/24-25_cx_s_su796.htm.csv.
2024-11-14 22:50:54,578 - INFO - Visiting: http://www.drps.ed.ac.uk/24-25/dpt/cxclps11073.htm
2024-11-14 22:50:58,746 - INFO - 1 instances updated to ./data_container/24_11_14_21_57_33/24-25_cx_s_su796.htm.csv.
2024-11-14 22:50:58,796 - INFO - Visiting: http://www.drps.ed.ac.uk/24-25/dpt/cxclps11084.htm
2024-11-14 22:51:03,284 - INFO - 1 instances updated to ./data_container/24_11_14_21_57_33/24-25_cx_s_su796.htm.csv.
2024-11-14 22:51:03,294 - INFO - Visiting: http://www.drps.ed.ac.uk/24-25/dpt/cxclps11064.htm
2024-11-14 22:51:08,032 - INFO - 1 instances updated to ./data_container/24_11_14_21_57_33/24-25_cx_s_su796.htm.csv.
2024-11-14 22:51:08,061 - INFO - Visiting: http://www.drps.ed.ac.uk/24-25/dpt/cxclps11094.htm
2024-11-14 22:51:12,168 - INFO - 1 instances updated to ./data_container/24_11_14_21_57_33/24-25_cx_s_su796.htm.csv.
2024-11-14 22:51:12,195 - INFO - Visiting: http://www.drps.ed.ac.uk/24-25/dpt/cxclps11058.htm
2024-11-14 22:51:16,237 - INFO - 1 instances updated to ./data_container/24_11_14_21_57_33/24-25_cx_s_su796.htm.csv.
2024-11-14 22:51:16,253 - INFO - Visiting: http://www.drps.ed.ac.uk/24-25/dpt/cxclps11047.htm
2024-11-14 22:51:21,329 - INFO - 1 instances updated to ./data_container/24_11_14_21_57_33/24-25_cx_s_su796.htm.csv.
2024-11-14 22:51:21,357 - INFO - Visiting: http://www.drps.ed.ac.uk/24-25/dpt/cxclps11085.htm
2024-11-14 22:51:25,900 - INFO - 1 instances updated to ./data_container/24_11_14_21_57_33/24-25_cx_s_su796.htm.csv.
2024-11-14 22:51:25,925 - INFO - Visiting: http://www.drps.ed.ac.uk/24-25/dpt/cxclps11100.htm
2024-11-14 22:51:30,488 - INFO - 1 instances updated to ./data_container/24_11_14_21_57_33/24-25_cx_s_su796.htm.csv.
2024-11-14 22:51:30,520 - INFO - Visiting: http://www.drps.ed.ac.uk/24-25/dpt/cxclps11042.htm
2024-11-14 22:51:35,284 - INFO - 1 instances updated to ./data_container/24_11_14_21_57_33/24-25_cx_s_su796.htm.csv.
2024-11-14 22:51:35,314 - INFO - Visiting: http://www.drps.ed.ac.uk/24-25/dpt/cxclps11013.htm
2024-11-14 22:51:39,479 - INFO - 1 instances updated to ./data_container/24_11_14_21_57_33/24-25_cx_s_su796.htm.csv.
2024-11-14 22:51:39,508 - INFO - Visiting: http://www.drps.ed.ac.uk/24-25/dpt/cxclps11006.htm
2024-11-14 22:51:43,938 - INFO - 1 instances updated to ./data_container/24_11_14_21_57_33/24-25_cx_s_su796.htm.csv.
2024-11-14 22:51:43,965 - INFO - Visiting: http://www.drps.ed.ac.uk/24-25/dpt/cxclps11062.htm
2024-11-14 22:51:47,813 - INFO - 1 instances updated to ./data_container/24_11_14_21_57_33/24-25_cx_s_su796.htm.csv.
2024-11-14 22:51:47,847 - INFO - Visiting: http://www.drps.ed.ac.uk/24-25/dpt/cxclps11014.htm
2024-11-14 22:51:52,175 - INFO - 1 instances updated to ./data_container/24_11_14_21_57_33/24-25_cx_s_su796.htm.csv.
2024-11-14 22:51:52,203 - INFO - Visiting: http://www.drps.ed.ac.uk/24-25/dpt/cxclps11090.htm
2024-11-14 22:51:56,794 - INFO - 1 instances updated to ./data_container/24_11_14_21_57_33/24-25_cx_s_su796.htm.csv.
2024-11-14 22:51:56,824 - INFO - Visiting: http://www.drps.ed.ac.uk/24-25/dpt/cxclps11056.htm
2024-11-14 22:52:00,871 - INFO - 1 instances updated to ./data_container/24_11_14_21_57_33/24-25_cx_s_su796.htm.csv.
2024-11-14 22:52:00,904 - INFO - Visiting: http://www.drps.ed.ac.uk/24-25/dpt/cxclps11095.htm
2024-11-14 22:52:05,111 - INFO - 1 instances updated to ./data_container/24_11_14_21_57_33/24-25_cx_s_su796.htm.csv.
2024-11-14 22:52:05,337 - INFO - Visiting: http://www.drps.ed.ac.uk/24-25/dpt/cxclps11066.htm
2024-11-14 22:52:09,184 - INFO - 1 instances updated to ./data_container/24_11_14_21_57_33/24-25_cx_s_su796.htm.csv.
2024-11-14 22:52:09,209 - INFO - Visiting: http://www.drps.ed.ac.uk/24-25/dpt/cxclps11067.htm
2024-11-14 22:52:13,038 - INFO - 1 instances updated to ./data_container/24_11_14_21_57_33/24-25_cx_s_su796.htm.csv.
2024-11-14 22:52:13,069 - INFO - Visiting: http://www.drps.ed.ac.uk/24-25/dpt/cxclps11046.htm
2024-11-14 22:52:17,469 - INFO - 1 instances updated to ./data_container/24_11_14_21_57_33/24-25_cx_s_su796.htm.csv.
2024-11-14 22:52:17,483 - INFO - Visiting: http://www.drps.ed.ac.uk/24-25/dpt/cxclps11101.htm
2024-11-14 22:52:22,056 - INFO - 1 instances updated to ./data_container/24_11_14_21_57_33/24-25_cx_s_su796.htm.csv.
2024-11-14 22:52:22,084 - INFO - Visiting: http://www.drps.ed.ac.uk/24-25/dpt/cxclps11057.htm
2024-11-14 22:52:26,070 - INFO - 1 instances updated to ./data_container/24_11_14_21_57_33/24-25_cx_s_su796.htm.csv.
2024-11-14 22:52:26,109 - INFO - Visiting: http://www.drps.ed.ac.uk/24-25/dpt/cxclps11096.htm
2024-11-14 22:52:30,657 - INFO - 1 instances updated to ./data_container/24_11_14_21_57_33/24-25_cx_s_su796.htm.csv.
2024-11-14 22:52:30,699 - INFO - Visiting: http://www.drps.ed.ac.uk/24-25/dpt/cxclps11045.htm
2024-11-14 22:52:34,817 - INFO - 1 instances updated to ./data_container/24_11_14_21_57_33/24-25_cx_s_su796.htm.csv.
2024-11-14 22:52:34,855 - INFO - Visiting: http://www.drps.ed.ac.uk/24-25/dpt/cxclps11102.htm
2024-11-14 22:52:38,967 - INFO - 1 instances updated to ./data_container/24_11_14_21_57_33/24-25_cx_s_su796.htm.csv.
2024-11-14 22:52:38,994 - INFO - Visiting: http://www.drps.ed.ac.uk/24-25/dpt/cxclps11080.htm
2024-11-14 22:52:42,820 - INFO - 1 instances updated to ./data_container/24_11_14_21_57_33/24-25_cx_s_su796.htm.csv.
2024-11-14 22:52:42,834 - INFO - Visiting: http://www.drps.ed.ac.uk/24-25/dpt/cxclps11093.htm
2024-11-14 22:52:47,829 - INFO - 1 instances updated to ./data_container/24_11_14_21_57_33/24-25_cx_s_su796.htm.csv.
2024-11-14 22:52:47,855 - INFO - Visiting: http://www.drps.ed.ac.uk/24-25/dpt/cxclps11098.htm
2024-11-14 22:52:52,212 - INFO - 1 instances updated to ./data_container/24_11_14_21_57_33/24-25_cx_s_su796.htm.csv.
2024-11-14 22:52:52,243 - INFO - Visiting: http://www.drps.ed.ac.uk/24-25/dpt/cxclps12002.htm
2024-11-14 22:52:56,451 - INFO - 1 instances updated to ./data_container/24_11_14_21_57_33/24-25_cx_s_su796.htm.csv.
2024-11-14 22:52:56,477 - INFO - Visiting: http://www.drps.ed.ac.uk/24-25/dpt/cxclps12009.htm
2024-11-14 22:53:00,141 - INFO - 1 instances updated to ./data_container/24_11_14_21_57_33/24-25_cx_s_su796.htm.csv.
2024-11-14 22:53:00,179 - INFO - Visiting: http://www.drps.ed.ac.uk/24-25/dpt/cxclps12034.htm
2024-11-14 22:53:04,759 - INFO - 1 instances updated to ./data_container/24_11_14_21_57_33/24-25_cx_s_su796.htm.csv.
2024-11-14 22:53:04,790 - INFO - Visiting: http://www.drps.ed.ac.uk/24-25/dpt/cxclps12035.htm
2024-11-14 22:53:08,925 - INFO - 1 instances updated to ./data_container/24_11_14_21_57_33/24-25_cx_s_su796.htm.csv.
2024-11-14 22:53:08,955 - INFO - Visiting: http://www.drps.ed.ac.uk/24-25/dpt/cxclps12038.htm
2024-11-14 22:53:13,364 - INFO - 1 instances updated to ./data_container/24_11_14_21_57_33/24-25_cx_s_su796.htm.csv.
2024-11-14 22:53:13,397 - INFO - Visiting: http://www.drps.ed.ac.uk/24-25/dpt/cxclps12039.htm
2024-11-14 22:53:17,761 - INFO - 1 instances updated to ./data_container/24_11_14_21_57_33/24-25_cx_s_su796.htm.csv.
2024-11-14 22:53:17,787 - INFO - Visiting: http://www.drps.ed.ac.uk/24-25/dpt/cxclps12016.htm
2024-11-14 22:53:22,079 - INFO - 1 instances updated to ./data_container/24_11_14_21_57_33/24-25_cx_s_su796.htm.csv.
2024-11-14 22:53:22,141 - INFO - Visiting: http://www.drps.ed.ac.uk/24-25/dpt/cxclps12036.htm
2024-11-14 22:53:26,829 - INFO - 1 instances updated to ./data_container/24_11_14_21_57_33/24-25_cx_s_su796.htm.csv.
2024-11-14 22:53:26,846 - INFO - Visiting: http://www.drps.ed.ac.uk/24-25/dpt/cxclps12037.htm
2024-11-14 22:53:31,529 - INFO - 1 instances updated to ./data_container/24_11_14_21_57_33/24-25_cx_s_su796.htm.csv.
2024-11-14 22:53:31,555 - INFO - Visiting: http://www.drps.ed.ac.uk/24-25/dpt/cxclps12013.htm
2024-11-14 22:53:35,810 - INFO - 1 instances updated to ./data_container/24_11_14_21_57_33/24-25_cx_s_su796.htm.csv.
2024-11-14 22:53:35,844 - INFO - Visiting: http://www.drps.ed.ac.uk/24-25/dpt/cxclps12014.htm
2024-11-14 22:53:40,066 - INFO - 1 instances updated to ./data_container/24_11_14_21_57_33/24-25_cx_s_su796.htm.csv.
2024-11-14 22:53:40,067 - INFO - Mining for keywords Accessibility,Inclusive design,Disability rights,Adaptive tools is success.
2024-11-14 22:53:40,097 - INFO - Visiting: http://www.drps.ed.ac.uk/24-25/dpt/cx_sb_cnst.htm
2024-11-14 22:53:40,152 - INFO - Visiting: http://www.drps.ed.ac.uk/24-25/dpt/cxcnst08001.htm
2024-11-14 22:53:43,971 - INFO - 1 instances updated to ./data_container/24_11_14_21_57_33/24-25_cx_s_su796.htm.csv.
2024-11-14 22:53:43,988 - INFO - Visiting: http://www.drps.ed.ac.uk/24-25/dpt/cxcnst08002.htm
2024-11-14 22:53:47,979 - INFO - 1 instances updated to ./data_container/24_11_14_21_57_33/24-25_cx_s_su796.htm.csv.
2024-11-14 22:53:48,013 - INFO - Visiting: http://www.drps.ed.ac.uk/24-25/dpt/cxcnst11079.htm
2024-11-14 22:53:51,901 - INFO - 1 instances updated to ./data_container/24_11_14_21_57_33/24-25_cx_s_su796.htm.csv.
2024-11-14 22:53:51,931 - INFO - Visiting: http://www.drps.ed.ac.uk/24-25/dpt/cxcnst11061.htm
2024-11-14 22:53:56,700 - INFO - 1 instances updated to ./data_container/24_11_14_21_57_33/24-25_cx_s_su796.htm.csv.
2024-11-14 22:53:56,726 - INFO - Visiting: http://www.drps.ed.ac.uk/24-25/dpt/cxcnst11053.htm
2024-11-14 22:54:00,631 - INFO - 1 instances updated to ./data_container/24_11_14_21_57_33/24-25_cx_s_su796.htm.csv.
2024-11-14 22:54:00,663 - INFO - Visiting: http://www.drps.ed.ac.uk/24-25/dpt/cxcnst11095.htm
2024-11-14 22:54:05,151 - INFO - 1 instances updated to ./data_container/24_11_14_21_57_33/24-25_cx_s_su796.htm.csv.
2024-11-14 22:54:05,885 - INFO - Visiting: http://www.drps.ed.ac.uk/24-25/dpt/cxcnst11034.htm
2024-11-14 22:54:10,305 - INFO - 1 instances updated to ./data_container/24_11_14_21_57_33/24-25_cx_s_su796.htm.csv.
2024-11-14 22:54:10,331 - INFO - Visiting: http://www.drps.ed.ac.uk/24-25/dpt/cxcnst11090.htm
2024-11-14 22:54:14,354 - INFO - 1 instances updated to ./data_container/24_11_14_21_57_33/24-25_cx_s_su796.htm.csv.
2024-11-14 22:54:14,383 - INFO - Visiting: http://www.drps.ed.ac.uk/24-25/dpt/cxcnst11047.htm
2024-11-14 22:54:18,638 - INFO - 1 instances updated to ./data_container/24_11_14_21_57_33/24-25_cx_s_su796.htm.csv.
2024-11-14 22:54:18,664 - INFO - Visiting: http://www.drps.ed.ac.uk/24-25/dpt/cxcnst11076.htm
2024-11-14 22:54:22,936 - INFO - 1 instances updated to ./data_container/24_11_14_21_57_33/24-25_cx_s_su796.htm.csv.
2024-11-14 22:54:22,969 - INFO - Visiting: http://www.drps.ed.ac.uk/24-25/dpt/cxcnst11075.htm
2024-11-14 22:54:27,946 - INFO - 1 instances updated to ./data_container/24_11_14_21_57_33/24-25_cx_s_su796.htm.csv.
2024-11-14 22:54:27,977 - INFO - Visiting: http://www.drps.ed.ac.uk/24-25/dpt/cxcnst11097.htm
2024-11-14 22:54:32,434 - INFO - 1 instances updated to ./data_container/24_11_14_21_57_33/24-25_cx_s_su796.htm.csv.
2024-11-14 22:54:32,460 - INFO - Visiting: http://www.drps.ed.ac.uk/24-25/dpt/cxcnst11041.htm
2024-11-14 22:54:36,801 - INFO - 1 instances updated to ./data_container/24_11_14_21_57_33/24-25_cx_s_su796.htm.csv.
2024-11-14 22:54:36,841 - INFO - Visiting: http://www.drps.ed.ac.uk/24-25/dpt/cxcnst11068.htm
2024-11-14 22:54:40,818 - INFO - 1 instances updated to ./data_container/24_11_14_21_57_33/24-25_cx_s_su796.htm.csv.
2024-11-14 22:54:40,830 - INFO - Visiting: http://www.drps.ed.ac.uk/24-25/dpt/cxcnst11088.htm
2024-11-14 22:54:44,886 - INFO - 1 instances updated to ./data_container/24_11_14_21_57_33/24-25_cx_s_su796.htm.csv.
2024-11-14 22:54:44,911 - INFO - Visiting: http://www.drps.ed.ac.uk/24-25/dpt/cxcnst11089.htm
2024-11-14 22:54:49,130 - INFO - 1 instances updated to ./data_container/24_11_14_21_57_33/24-25_cx_s_su796.htm.csv.
2024-11-14 22:54:49,156 - INFO - Visiting: http://www.drps.ed.ac.uk/24-25/dpt/cxcnst11080.htm
2024-11-14 22:54:53,275 - INFO - 1 instances updated to ./data_container/24_11_14_21_57_33/24-25_cx_s_su796.htm.csv.
2024-11-14 22:54:53,309 - INFO - Visiting: http://www.drps.ed.ac.uk/24-25/dpt/cxcnst11086.htm
2024-11-14 22:54:57,441 - INFO - 1 instances updated to ./data_container/24_11_14_21_57_33/24-25_cx_s_su796.htm.csv.
2024-11-14 22:54:57,473 - INFO - Visiting: http://www.drps.ed.ac.uk/24-25/dpt/cxcnst11081.htm
2024-11-14 22:55:05,037 - INFO - 1 instances updated to ./data_container/24_11_14_21_57_33/24-25_cx_s_su796.htm.csv.
2024-11-14 22:55:05,048 - INFO - Visiting: http://www.drps.ed.ac.uk/24-25/dpt/cxcnst11012.htm
2024-11-14 22:55:09,727 - INFO - 1 instances updated to ./data_container/24_11_14_21_57_33/24-25_cx_s_su796.htm.csv.
2024-11-14 22:55:09,752 - INFO - Visiting: http://www.drps.ed.ac.uk/24-25/dpt/cxcnst11043.htm
2024-11-14 22:55:13,758 - INFO - 1 instances updated to ./data_container/24_11_14_21_57_33/24-25_cx_s_su796.htm.csv.
2024-11-14 22:55:13,792 - INFO - Visiting: http://www.drps.ed.ac.uk/24-25/dpt/cxcnst11077.htm
2024-11-14 22:55:18,188 - INFO - 1 instances updated to ./data_container/24_11_14_21_57_33/24-25_cx_s_su796.htm.csv.
2024-11-14 22:55:18,214 - INFO - Visiting: http://www.drps.ed.ac.uk/24-25/dpt/cxcnst11087.htm
2024-11-14 22:55:22,503 - INFO - 1 instances updated to ./data_container/24_11_14_21_57_33/24-25_cx_s_su796.htm.csv.
2024-11-14 22:55:22,529 - INFO - Visiting: http://www.drps.ed.ac.uk/24-25/dpt/cxcnst11084.htm
2024-11-14 22:55:27,215 - INFO - 1 instances updated to ./data_container/24_11_14_21_57_33/24-25_cx_s_su796.htm.csv.
2024-11-14 22:55:27,250 - INFO - Visiting: http://www.drps.ed.ac.uk/24-25/dpt/cxcnst11046.htm
2024-11-14 22:55:31,343 - INFO - 1 instances updated to ./data_container/24_11_14_21_57_33/24-25_cx_s_su796.htm.csv.
2024-11-14 22:55:31,368 - INFO - Visiting: http://www.drps.ed.ac.uk/24-25/dpt/cxcnst11014.htm
2024-11-14 22:55:35,665 - INFO - 1 instances updated to ./data_container/24_11_14_21_57_33/24-25_cx_s_su796.htm.csv.
2024-11-14 22:55:35,693 - INFO - Visiting: http://www.drps.ed.ac.uk/24-25/dpt/cxcnst11091.htm
2024-11-14 22:55:40,152 - INFO - 1 instances updated to ./data_container/24_11_14_21_57_33/24-25_cx_s_su796.htm.csv.
2024-11-14 22:55:40,166 - INFO - Visiting: http://www.drps.ed.ac.uk/24-25/dpt/cxcnst11062.htm
2024-11-14 22:55:46,316 - INFO - 1 instances updated to ./data_container/24_11_14_21_57_33/24-25_cx_s_su796.htm.csv.
2024-11-14 22:55:46,341 - INFO - Visiting: http://www.drps.ed.ac.uk/24-25/dpt/cxcnst11096.htm
2024-11-14 22:55:50,776 - INFO - 1 instances updated to ./data_container/24_11_14_21_57_33/24-25_cx_s_su796.htm.csv.
2024-11-14 22:55:50,813 - INFO - Visiting: http://www.drps.ed.ac.uk/24-25/dpt/cxcnst11093.htm
2024-11-14 22:55:55,434 - INFO - 1 instances updated to ./data_container/24_11_14_21_57_33/24-25_cx_s_su796.htm.csv.
2024-11-14 22:55:55,460 - INFO - Visiting: http://www.drps.ed.ac.uk/24-25/dpt/cxcnst11094.htm
2024-11-14 22:55:59,794 - INFO - 1 instances updated to ./data_container/24_11_14_21_57_33/24-25_cx_s_su796.htm.csv.
2024-11-14 22:55:59,824 - INFO - Visiting: http://www.drps.ed.ac.uk/24-25/dpt/cxcnst11085.htm
2024-11-14 22:56:03,626 - INFO - 1 instances updated to ./data_container/24_11_14_21_57_33/24-25_cx_s_su796.htm.csv.
2024-11-14 22:56:03,657 - INFO - Visiting: http://www.drps.ed.ac.uk/24-25/dpt/cxcnst11051.htm
2024-11-14 22:56:07,672 - INFO - 1 instances updated to ./data_container/24_11_14_21_57_33/24-25_cx_s_su796.htm.csv.
2024-11-14 22:56:07,697 - INFO - Visiting: http://www.drps.ed.ac.uk/24-25/dpt/cxcnst11082.htm
2024-11-14 22:56:12,282 - INFO - 1 instances updated to ./data_container/24_11_14_21_57_33/24-25_cx_s_su796.htm.csv.
2024-11-14 22:56:12,311 - INFO - Visiting: http://www.drps.ed.ac.uk/24-25/dpt/cxcnst11040.htm
2024-11-14 22:56:17,566 - INFO - 1 instances updated to ./data_container/24_11_14_21_57_33/24-25_cx_s_su796.htm.csv.
2024-11-14 22:56:17,596 - INFO - Visiting: http://www.drps.ed.ac.uk/24-25/dpt/cxcnst11042.htm
2024-11-14 22:56:21,146 - INFO - 1 instances updated to ./data_container/24_11_14_21_57_33/24-25_cx_s_su796.htm.csv.
2024-11-14 22:56:21,180 - INFO - Visiting: http://www.drps.ed.ac.uk/24-25/dpt/cxcnst12007.htm
2024-11-14 22:56:25,567 - INFO - 1 instances updated to ./data_container/24_11_14_21_57_33/24-25_cx_s_su796.htm.csv.
2024-11-14 22:56:25,594 - INFO - Visiting: http://www.drps.ed.ac.uk/24-25/dpt/cxcnst12013.htm
2024-11-14 22:56:29,813 - INFO - 1 instances updated to ./data_container/24_11_14_21_57_33/24-25_cx_s_su796.htm.csv.
2024-11-14 22:56:29,838 - INFO - Visiting: http://www.drps.ed.ac.uk/24-25/dpt/cxcnst12018.htm
2024-11-14 22:56:37,728 - INFO - 1 instances updated to ./data_container/24_11_14_21_57_33/24-25_cx_s_su796.htm.csv.
2024-11-14 22:56:37,761 - INFO - Visiting: http://www.drps.ed.ac.uk/24-25/dpt/cxcnst12021.htm
2024-11-14 22:56:41,732 - INFO - 1 instances updated to ./data_container/24_11_14_21_57_33/24-25_cx_s_su796.htm.csv.
2024-11-14 22:56:41,757 - INFO - Visiting: http://www.drps.ed.ac.uk/24-25/dpt/cxcnst12023.htm
2024-11-14 22:56:47,005 - INFO - 1 instances updated to ./data_container/24_11_14_21_57_33/24-25_cx_s_su796.htm.csv.
2024-11-14 22:56:47,041 - INFO - Visiting: http://www.drps.ed.ac.uk/24-25/dpt/cxcnst12017.htm
2024-11-14 22:56:50,831 - INFO - 1 instances updated to ./data_container/24_11_14_21_57_33/24-25_cx_s_su796.htm.csv.
2024-11-14 22:56:50,856 - INFO - Visiting: http://www.drps.ed.ac.uk/24-25/dpt/cxcnst12016.htm
2024-11-14 22:56:55,375 - INFO - 1 instances updated to ./data_container/24_11_14_21_57_33/24-25_cx_s_su796.htm.csv.
2024-11-14 22:56:55,402 - INFO - Visiting: http://www.drps.ed.ac.uk/24-25/dpt/cxcnst12020.htm
2024-11-14 22:56:59,688 - INFO - 1 instances updated to ./data_container/24_11_14_21_57_33/24-25_cx_s_su796.htm.csv.
2024-11-14 22:56:59,715 - INFO - Visiting: http://www.drps.ed.ac.uk/24-25/dpt/cxcnst12022.htm
2024-11-14 22:57:04,403 - INFO - 1 instances updated to ./data_container/24_11_14_21_57_33/24-25_cx_s_su796.htm.csv.
2024-11-14 22:57:04,433 - INFO - Visiting: http://www.drps.ed.ac.uk/24-25/dpt/cxcnst12024.htm
2024-11-14 22:57:12,201 - INFO - 1 instances updated to ./data_container/24_11_14_21_57_33/24-25_cx_s_su796.htm.csv.
2024-11-14 22:57:12,235 - INFO - Visiting: http://www.drps.ed.ac.uk/24-25/dpt/cxcnst12019.htm
2024-11-14 22:57:16,667 - INFO - 1 instances updated to ./data_container/24_11_14_21_57_33/24-25_cx_s_su796.htm.csv.
2024-11-14 22:57:16,693 - INFO - Visiting: http://www.drps.ed.ac.uk/24-25/dpt/cxcnst12010.htm
2024-11-14 22:57:20,780 - INFO - 1 instances updated to ./data_container/24_11_14_21_57_33/24-25_cx_s_su796.htm.csv.
2024-11-14 22:57:20,805 - INFO - Visiting: http://www.drps.ed.ac.uk/24-25/dpt/cxcnst12015.htm
2024-11-14 22:57:24,835 - INFO - 1 instances updated to ./data_container/24_11_14_21_57_33/24-25_cx_s_su796.htm.csv.
2024-11-14 22:57:24,877 - INFO - Visiting: http://www.drps.ed.ac.uk/24-25/dpt/cxcnst12014.htm
2024-11-14 22:57:28,860 - INFO - 1 instances updated to ./data_container/24_11_14_21_57_33/24-25_cx_s_su796.htm.csv.
2024-11-14 22:57:28,885 - INFO - Visiting: http://www.drps.ed.ac.uk/24-25/dpt/cxcnst12012.htm
2024-11-14 22:57:32,625 - INFO - 1 instances updated to ./data_container/24_11_14_21_57_33/24-25_cx_s_su796.htm.csv.
2024-11-14 22:57:32,626 - INFO - Mining for keywords Accessibility,Inclusive design,Disability rights,Adaptive tools is success.
2024-11-14 22:57:32,658 - INFO - Visiting: http://www.drps.ed.ac.uk/24-25/dpt/cx_sb_issh.htm
2024-11-14 22:57:32,678 - INFO - Visiting: http://www.drps.ed.ac.uk/24-25/dpt/cxissh11026.htm
2024-11-14 22:57:37,302 - INFO - 1 instances updated to ./data_container/24_11_14_21_57_33/24-25_cx_s_su796.htm.csv.
2024-11-14 22:57:37,326 - INFO - Visiting: http://www.drps.ed.ac.uk/24-25/dpt/cxissh11021.htm
2024-11-14 22:57:41,414 - INFO - 1 instances updated to ./data_container/24_11_14_21_57_33/24-25_cx_s_su796.htm.csv.
2024-11-14 22:57:41,426 - INFO - Visiting: http://www.drps.ed.ac.uk/24-25/dpt/cxissh11011.htm
2024-11-14 22:57:45,467 - INFO - 1 instances updated to ./data_container/24_11_14_21_57_33/24-25_cx_s_su796.htm.csv.
2024-11-14 22:57:45,498 - INFO - Visiting: http://www.drps.ed.ac.uk/24-25/dpt/cxissh11018.htm
2024-11-14 22:57:49,576 - INFO - 1 instances updated to ./data_container/24_11_14_21_57_33/24-25_cx_s_su796.htm.csv.
2024-11-14 22:57:49,603 - INFO - Visiting: http://www.drps.ed.ac.uk/24-25/dpt/cxissh11017.htm
2024-11-14 22:57:54,101 - INFO - 1 instances updated to ./data_container/24_11_14_21_57_33/24-25_cx_s_su796.htm.csv.
2024-11-14 22:57:54,128 - INFO - Visiting: http://www.drps.ed.ac.uk/24-25/dpt/cxissh11016.htm
2024-11-14 22:57:57,848 - INFO - 1 instances updated to ./data_container/24_11_14_21_57_33/24-25_cx_s_su796.htm.csv.
2024-11-14 22:57:57,886 - INFO - Visiting: http://www.drps.ed.ac.uk/24-25/dpt/cxissh11007.htm
2024-11-14 22:58:02,240 - INFO - 1 instances updated to ./data_container/24_11_14_21_57_33/24-25_cx_s_su796.htm.csv.
2024-11-14 22:58:02,265 - INFO - Visiting: http://www.drps.ed.ac.uk/24-25/dpt/cxissh11010.htm
2024-11-14 22:58:06,673 - INFO - 1 instances updated to ./data_container/24_11_14_21_57_33/24-25_cx_s_su796.htm.csv.
2024-11-14 22:58:06,705 - INFO - Visiting: http://www.drps.ed.ac.uk/24-25/dpt/cxissh11023.htm
2024-11-14 22:58:10,318 - INFO - 1 instances updated to ./data_container/24_11_14_21_57_33/24-25_cx_s_su796.htm.csv.
2024-11-14 22:58:10,318 - INFO - Mining for keywords Accessibility,Inclusive design,Disability rights,Adaptive tools is success.
2024-11-14 22:58:10,347 - INFO - Visiting: http://www.drps.ed.ac.uk/24-25/dpt/cx_sb_nust.htm
2024-11-14 22:58:10,536 - INFO - Visiting: http://www.drps.ed.ac.uk/24-25/dpt/cxnust08026.htm
2024-11-14 22:58:14,751 - INFO - 1 instances updated to ./data_container/24_11_14_21_57_33/24-25_cx_s_su796.htm.csv.
2024-11-14 22:58:14,775 - INFO - Visiting: http://www.drps.ed.ac.uk/24-25/dpt/cxnust08024.htm
2024-11-14 22:58:18,690 - INFO - 1 instances updated to ./data_container/24_11_14_21_57_33/24-25_cx_s_su796.htm.csv.
2024-11-14 22:58:18,716 - INFO - Visiting: http://www.drps.ed.ac.uk/24-25/dpt/cxnust08025.htm
2024-11-14 22:58:22,617 - INFO - 1 instances updated to ./data_container/24_11_14_21_57_33/24-25_cx_s_su796.htm.csv.
2024-11-14 22:58:22,646 - INFO - Visiting: http://www.drps.ed.ac.uk/24-25/dpt/cxnust08022.htm
2024-11-14 22:58:26,566 - INFO - 1 instances updated to ./data_container/24_11_14_21_57_33/24-25_cx_s_su796.htm.csv.
2024-11-14 22:58:26,577 - INFO - Visiting: http://www.drps.ed.ac.uk/24-25/dpt/cxnust08023.htm
2024-11-14 22:58:30,246 - INFO - 1 instances updated to ./data_container/24_11_14_21_57_33/24-25_cx_s_su796.htm.csv.
2024-11-14 22:58:30,261 - INFO - Visiting: http://www.drps.ed.ac.uk/24-25/dpt/cxnust08027.htm
2024-11-14 22:58:34,530 - INFO - 1 instances updated to ./data_container/24_11_14_21_57_33/24-25_cx_s_su796.htm.csv.
2024-11-14 22:58:34,543 - INFO - Visiting: http://www.drps.ed.ac.uk/24-25/dpt/cxnust08019.htm
2024-11-14 22:58:39,424 - INFO - 1 instances updated to ./data_container/24_11_14_21_57_33/24-25_cx_s_su796.htm.csv.
2024-11-14 22:58:39,465 - INFO - Visiting: http://www.drps.ed.ac.uk/24-25/dpt/cxnust08020.htm
2024-11-14 22:58:44,582 - INFO - 1 instances updated to ./data_container/24_11_14_21_57_33/24-25_cx_s_su796.htm.csv.
2024-11-14 22:58:44,614 - INFO - Visiting: http://www.drps.ed.ac.uk/24-25/dpt/cxnust08021.htm
2024-11-14 22:58:49,311 - INFO - 1 instances updated to ./data_container/24_11_14_21_57_33/24-25_cx_s_su796.htm.csv.
2024-11-14 22:58:49,340 - INFO - Visiting: http://www.drps.ed.ac.uk/24-25/dpt/cxnust10035.htm
2024-11-14 22:58:53,388 - INFO - 1 instances updated to ./data_container/24_11_14_21_57_33/24-25_cx_s_su796.htm.csv.
2024-11-14 22:58:53,412 - INFO - Visiting: http://www.drps.ed.ac.uk/24-25/dpt/cxnust10062.htm
2024-11-14 22:58:57,149 - INFO - 1 instances updated to ./data_container/24_11_14_21_57_33/24-25_cx_s_su796.htm.csv.
2024-11-14 22:58:57,165 - INFO - Visiting: http://www.drps.ed.ac.uk/24-25/dpt/cxnust10022.htm
2024-11-14 22:59:01,761 - INFO - 1 instances updated to ./data_container/24_11_14_21_57_33/24-25_cx_s_su796.htm.csv.
2024-11-14 22:59:01,786 - INFO - Visiting: http://www.drps.ed.ac.uk/24-25/dpt/cxnust10033.htm
2024-11-14 22:59:06,992 - INFO - 1 instances updated to ./data_container/24_11_14_21_57_33/24-25_cx_s_su796.htm.csv.
2024-11-14 22:59:07,020 - INFO - Visiting: http://www.drps.ed.ac.uk/24-25/dpt/cxnust10005.htm
2024-11-14 22:59:10,951 - INFO - 1 instances updated to ./data_container/24_11_14_21_57_33/24-25_cx_s_su796.htm.csv.
2024-11-14 22:59:10,980 - INFO - Visiting: http://www.drps.ed.ac.uk/24-25/dpt/cxnust10057.htm
2024-11-14 22:59:15,049 - INFO - 1 instances updated to ./data_container/24_11_14_21_57_33/24-25_cx_s_su796.htm.csv.
2024-11-14 22:59:15,076 - INFO - Visiting: http://www.drps.ed.ac.uk/24-25/dpt/cxnust10002.htm
2024-11-14 22:59:19,634 - INFO - 1 instances updated to ./data_container/24_11_14_21_57_33/24-25_cx_s_su796.htm.csv.
2024-11-14 22:59:19,646 - INFO - Visiting: http://www.drps.ed.ac.uk/24-25/dpt/cxnust10050.htm
2024-11-14 22:59:24,067 - INFO - 1 instances updated to ./data_container/24_11_14_21_57_33/24-25_cx_s_su796.htm.csv.
2024-11-14 22:59:24,094 - INFO - Visiting: http://www.drps.ed.ac.uk/24-25/dpt/cxnust10044.htm
2024-11-14 22:59:27,800 - INFO - 1 instances updated to ./data_container/24_11_14_21_57_33/24-25_cx_s_su796.htm.csv.
2024-11-14 22:59:27,822 - INFO - Visiting: http://www.drps.ed.ac.uk/24-25/dpt/cxnust10036.htm
2024-11-14 22:59:32,313 - INFO - 1 instances updated to ./data_container/24_11_14_21_57_33/24-25_cx_s_su796.htm.csv.
2024-11-14 22:59:32,339 - INFO - Visiting: http://www.drps.ed.ac.uk/24-25/dpt/cxnust10055.htm
2024-11-14 22:59:36,270 - INFO - 1 instances updated to ./data_container/24_11_14_21_57_33/24-25_cx_s_su796.htm.csv.
2024-11-14 22:59:36,284 - INFO - Visiting: http://www.drps.ed.ac.uk/24-25/dpt/cxnust10059.htm
2024-11-14 22:59:40,408 - INFO - 1 instances updated to ./data_container/24_11_14_21_57_33/24-25_cx_s_su796.htm.csv.
2024-11-14 22:59:40,430 - INFO - Visiting: http://www.drps.ed.ac.uk/24-25/dpt/cxnust10045.htm
2024-11-14 22:59:44,349 - INFO - 1 instances updated to ./data_container/24_11_14_21_57_33/24-25_cx_s_su796.htm.csv.
2024-11-14 22:59:44,361 - INFO - Visiting: http://www.drps.ed.ac.uk/24-25/dpt/cxnust10051.htm
2024-11-14 22:59:48,246 - INFO - 1 instances updated to ./data_container/24_11_14_21_57_33/24-25_cx_s_su796.htm.csv.
2024-11-14 22:59:48,270 - INFO - Visiting: http://www.drps.ed.ac.uk/24-25/dpt/cxnust10008.htm
2024-11-14 22:59:53,157 - INFO - 1 instances updated to ./data_container/24_11_14_21_57_33/24-25_cx_s_su796.htm.csv.
2024-11-14 22:59:53,194 - INFO - Visiting: http://www.drps.ed.ac.uk/24-25/dpt/cxnust10061.htm
2024-11-14 22:59:57,892 - INFO - 1 instances updated to ./data_container/24_11_14_21_57_33/24-25_cx_s_su796.htm.csv.
2024-11-14 22:59:57,922 - INFO - Visiting: http://www.drps.ed.ac.uk/24-25/dpt/cxnust10046.htm
2024-11-14 23:00:01,849 - INFO - 1 instances updated to ./data_container/24_11_14_21_57_33/24-25_cx_s_su796.htm.csv.
2024-11-14 23:00:01,886 - INFO - Visiting: http://www.drps.ed.ac.uk/24-25/dpt/cxnust10053.htm
2024-11-14 23:00:06,326 - INFO - 1 instances updated to ./data_container/24_11_14_21_57_33/24-25_cx_s_su796.htm.csv.
2024-11-14 23:00:06,341 - INFO - Visiting: http://www.drps.ed.ac.uk/24-25/dpt/cxnust10054.htm
2024-11-14 23:00:10,800 - INFO - 1 instances updated to ./data_container/24_11_14_21_57_33/24-25_cx_s_su796.htm.csv.
2024-11-14 23:00:10,825 - INFO - Visiting: http://www.drps.ed.ac.uk/24-25/dpt/cxnust10043.htm
2024-11-14 23:00:14,883 - INFO - 1 instances updated to ./data_container/24_11_14_21_57_33/24-25_cx_s_su796.htm.csv.
2024-11-14 23:00:14,911 - INFO - Visiting: http://www.drps.ed.ac.uk/24-25/dpt/cxnust10060.htm
2024-11-14 23:00:18,961 - INFO - 1 instances updated to ./data_container/24_11_14_21_57_33/24-25_cx_s_su796.htm.csv.
2024-11-14 23:00:18,985 - INFO - Visiting: http://www.drps.ed.ac.uk/24-25/dpt/cxnust10052.htm
2024-11-14 23:00:23,034 - INFO - 1 instances updated to ./data_container/24_11_14_21_57_33/24-25_cx_s_su796.htm.csv.
2024-11-14 23:00:23,069 - INFO - Visiting: http://www.drps.ed.ac.uk/24-25/dpt/cxnust10058.htm
2024-11-14 23:00:27,488 - INFO - 1 instances updated to ./data_container/24_11_14_21_57_33/24-25_cx_s_su796.htm.csv.
2024-11-14 23:00:27,517 - INFO - Visiting: http://www.drps.ed.ac.uk/24-25/dpt/cxnust10030.htm
2024-11-14 23:00:31,250 - INFO - 1 instances updated to ./data_container/24_11_14_21_57_33/24-25_cx_s_su796.htm.csv.
2024-11-14 23:00:31,263 - INFO - Visiting: http://www.drps.ed.ac.uk/24-25/dpt/cxnust10056.htm
2024-11-14 23:00:36,351 - INFO - 1 instances updated to ./data_container/24_11_14_21_57_33/24-25_cx_s_su796.htm.csv.
2024-11-14 23:00:36,376 - INFO - Visiting: http://www.drps.ed.ac.uk/24-25/dpt/cxnust11099.htm
2024-11-14 23:00:41,748 - INFO - 1 instances updated to ./data_container/24_11_14_21_57_33/24-25_cx_s_su796.htm.csv.
2024-11-14 23:00:41,776 - INFO - Visiting: http://www.drps.ed.ac.uk/24-25/dpt/cxnust11121.htm
2024-11-14 23:00:45,761 - INFO - 1 instances updated to ./data_container/24_11_14_21_57_33/24-25_cx_s_su796.htm.csv.
2024-11-14 23:00:45,787 - INFO - Visiting: http://www.drps.ed.ac.uk/24-25/dpt/cxnust11116.htm
2024-11-14 23:00:49,380 - INFO - 1 instances updated to ./data_container/24_11_14_21_57_33/24-25_cx_s_su796.htm.csv.
2024-11-14 23:00:49,406 - INFO - Visiting: http://www.drps.ed.ac.uk/24-25/dpt/cxnust11131.htm
2024-11-14 23:00:53,824 - INFO - 1 instances updated to ./data_container/24_11_14_21_57_33/24-25_cx_s_su796.htm.csv.
2024-11-14 23:00:53,850 - INFO - Visiting: http://www.drps.ed.ac.uk/24-25/dpt/cxnust11110.htm
2024-11-14 23:00:57,681 - INFO - 1 instances updated to ./data_container/24_11_14_21_57_33/24-25_cx_s_su796.htm.csv.
2024-11-14 23:00:57,731 - INFO - Visiting: http://www.drps.ed.ac.uk/24-25/dpt/cxnust11111.htm
2024-11-14 23:01:01,700 - INFO - 1 instances updated to ./data_container/24_11_14_21_57_33/24-25_cx_s_su796.htm.csv.
2024-11-14 23:01:01,730 - INFO - Visiting: http://www.drps.ed.ac.uk/24-25/dpt/cxnust11113.htm
2024-11-14 23:01:05,680 - INFO - 1 instances updated to ./data_container/24_11_14_21_57_33/24-25_cx_s_su796.htm.csv.
2024-11-14 23:01:05,713 - INFO - Visiting: http://www.drps.ed.ac.uk/24-25/dpt/cxnust11048.htm
2024-11-14 23:01:09,945 - INFO - 1 instances updated to ./data_container/24_11_14_21_57_33/24-25_cx_s_su796.htm.csv.
2024-11-14 23:01:09,971 - INFO - Visiting: http://www.drps.ed.ac.uk/24-25/dpt/cxnust11085.htm
2024-11-14 23:01:14,016 - INFO - 1 instances updated to ./data_container/24_11_14_21_57_33/24-25_cx_s_su796.htm.csv.
2024-11-14 23:01:14,043 - INFO - Visiting: http://www.drps.ed.ac.uk/24-25/dpt/cxnust11080.htm
2024-11-14 23:01:18,047 - INFO - 1 instances updated to ./data_container/24_11_14_21_57_33/24-25_cx_s_su796.htm.csv.
2024-11-14 23:01:18,081 - INFO - Visiting: http://www.drps.ed.ac.uk/24-25/dpt/cxnust11127.htm
2024-11-14 23:01:21,970 - INFO - 1 instances updated to ./data_container/24_11_14_21_57_33/24-25_cx_s_su796.htm.csv.
2024-11-14 23:01:21,999 - INFO - Visiting: http://www.drps.ed.ac.uk/24-25/dpt/cxnust11091.htm
2024-11-14 23:01:29,177 - INFO - 1 instances updated to ./data_container/24_11_14_21_57_33/24-25_cx_s_su796.htm.csv.
2024-11-14 23:01:29,203 - INFO - Visiting: http://www.drps.ed.ac.uk/24-25/dpt/cxnust11129.htm
2024-11-14 23:01:33,064 - INFO - 1 instances updated to ./data_container/24_11_14_21_57_33/24-25_cx_s_su796.htm.csv.
2024-11-14 23:01:33,092 - INFO - Visiting: http://www.drps.ed.ac.uk/24-25/dpt/cxnust11092.htm
2024-11-14 23:01:36,707 - INFO - 1 instances updated to ./data_container/24_11_14_21_57_33/24-25_cx_s_su796.htm.csv.
2024-11-14 23:01:36,739 - INFO - Visiting: http://www.drps.ed.ac.uk/24-25/dpt/cxnust11088.htm
2024-11-14 23:01:40,842 - INFO - 1 instances updated to ./data_container/24_11_14_21_57_33/24-25_cx_s_su796.htm.csv.
2024-11-14 23:01:40,860 - INFO - Visiting: http://www.drps.ed.ac.uk/24-25/dpt/cxnust11082.htm
2024-11-14 23:01:44,648 - INFO - 1 instances updated to ./data_container/24_11_14_21_57_33/24-25_cx_s_su796.htm.csv.
2024-11-14 23:01:44,665 - INFO - Visiting: http://www.drps.ed.ac.uk/24-25/dpt/cxnust11102.htm
2024-11-14 23:01:48,977 - INFO - 1 instances updated to ./data_container/24_11_14_21_57_33/24-25_cx_s_su796.htm.csv.
2024-11-14 23:01:48,994 - INFO - Visiting: http://www.drps.ed.ac.uk/24-25/dpt/cxnust11058.htm
2024-11-14 23:01:52,696 - INFO - 1 instances updated to ./data_container/24_11_14_21_57_33/24-25_cx_s_su796.htm.csv.
2024-11-14 23:01:52,729 - INFO - Visiting: http://www.drps.ed.ac.uk/24-25/dpt/cxnust11033.htm
2024-11-14 23:01:56,931 - INFO - 1 instances updated to ./data_container/24_11_14_21_57_33/24-25_cx_s_su796.htm.csv.
2024-11-14 23:01:56,969 - INFO - Visiting: http://www.drps.ed.ac.uk/24-25/dpt/cxnust11125.htm
2024-11-14 23:02:02,475 - INFO - 1 instances updated to ./data_container/24_11_14_21_57_33/24-25_cx_s_su796.htm.csv.
2024-11-14 23:02:02,501 - INFO - Visiting: http://www.drps.ed.ac.uk/24-25/dpt/cxnust11089.htm
2024-11-14 23:02:06,168 - INFO - 1 instances updated to ./data_container/24_11_14_21_57_33/24-25_cx_s_su796.htm.csv.
2024-11-14 23:02:06,197 - INFO - Visiting: http://www.drps.ed.ac.uk/24-25/dpt/cxnust11107.htm
2024-11-14 23:02:10,104 - INFO - 1 instances updated to ./data_container/24_11_14_21_57_33/24-25_cx_s_su796.htm.csv.
2024-11-14 23:02:10,129 - INFO - Visiting: http://www.drps.ed.ac.uk/24-25/dpt/cxnust11095.htm
2024-11-14 23:02:14,031 - INFO - 1 instances updated to ./data_container/24_11_14_21_57_33/24-25_cx_s_su796.htm.csv.
2024-11-14 23:02:14,056 - INFO - Visiting: http://www.drps.ed.ac.uk/24-25/dpt/cxnust11124.htm
2024-11-14 23:02:17,980 - INFO - 1 instances updated to ./data_container/24_11_14_21_57_33/24-25_cx_s_su796.htm.csv.
2024-11-14 23:02:18,006 - INFO - Visiting: http://www.drps.ed.ac.uk/24-25/dpt/cxnust11112.htm
2024-11-14 23:02:21,858 - INFO - 1 instances updated to ./data_container/24_11_14_21_57_33/24-25_cx_s_su796.htm.csv.
2024-11-14 23:02:21,896 - INFO - Visiting: http://www.drps.ed.ac.uk/24-25/dpt/cxnust11096.htm
2024-11-14 23:02:25,769 - INFO - 1 instances updated to ./data_container/24_11_14_21_57_33/24-25_cx_s_su796.htm.csv.
2024-11-14 23:02:25,796 - INFO - Visiting: http://www.drps.ed.ac.uk/24-25/dpt/cxnust11106.htm
2024-11-14 23:02:29,623 - INFO - 1 instances updated to ./data_container/24_11_14_21_57_33/24-25_cx_s_su796.htm.csv.
2024-11-14 23:02:29,672 - INFO - Visiting: http://www.drps.ed.ac.uk/24-25/dpt/cxnust11087.htm
2024-11-14 23:02:33,406 - INFO - 1 instances updated to ./data_container/24_11_14_21_57_33/24-25_cx_s_su796.htm.csv.
2024-11-14 23:02:33,434 - INFO - Visiting: http://www.drps.ed.ac.uk/24-25/dpt/cxnust11105.htm
2024-11-14 23:02:37,101 - INFO - 1 instances updated to ./data_container/24_11_14_21_57_33/24-25_cx_s_su796.htm.csv.
2024-11-14 23:02:37,130 - INFO - Visiting: http://www.drps.ed.ac.uk/24-25/dpt/cxnust11090.htm
2024-11-14 23:02:41,156 - INFO - 1 instances updated to ./data_container/24_11_14_21_57_33/24-25_cx_s_su796.htm.csv.
2024-11-14 23:02:41,184 - INFO - Visiting: http://www.drps.ed.ac.uk/24-25/dpt/cxnust11093.htm
2024-11-14 23:02:44,914 - INFO - 1 instances updated to ./data_container/24_11_14_21_57_33/24-25_cx_s_su796.htm.csv.
2024-11-14 23:02:44,930 - INFO - Visiting: http://www.drps.ed.ac.uk/24-25/dpt/cxnust11109.htm
2024-11-14 23:02:48,722 - INFO - 1 instances updated to ./data_container/24_11_14_21_57_33/24-25_cx_s_su796.htm.csv.
2024-11-14 23:02:48,746 - INFO - Visiting: http://www.drps.ed.ac.uk/24-25/dpt/cxnust11123.htm
2024-11-14 23:02:52,436 - INFO - 1 instances updated to ./data_container/24_11_14_21_57_33/24-25_cx_s_su796.htm.csv.
2024-11-14 23:02:52,454 - INFO - Visiting: http://www.drps.ed.ac.uk/24-25/dpt/cxnust11115.htm
2024-11-14 23:02:56,645 - INFO - 1 instances updated to ./data_container/24_11_14_21_57_33/24-25_cx_s_su796.htm.csv.
2024-11-14 23:02:56,773 - INFO - Visiting: http://www.drps.ed.ac.uk/24-25/dpt/cxnust11046.htm
2024-11-14 23:03:01,127 - INFO - 1 instances updated to ./data_container/24_11_14_21_57_33/24-25_cx_s_su796.htm.csv.
2024-11-14 23:03:01,180 - INFO - Visiting: http://www.drps.ed.ac.uk/24-25/dpt/cxnust11101.htm
2024-11-14 23:03:05,146 - INFO - 1 instances updated to ./data_container/24_11_14_21_57_33/24-25_cx_s_su796.htm.csv.
2024-11-14 23:03:05,188 - INFO - Visiting: http://www.drps.ed.ac.uk/24-25/dpt/cxnust11126.htm
2024-11-14 23:03:09,128 - INFO - 1 instances updated to ./data_container/24_11_14_21_57_33/24-25_cx_s_su796.htm.csv.
2024-11-14 23:03:09,154 - INFO - Visiting: http://www.drps.ed.ac.uk/24-25/dpt/cxnust11103.htm
2024-11-14 23:03:13,408 - INFO - 1 instances updated to ./data_container/24_11_14_21_57_33/24-25_cx_s_su796.htm.csv.
2024-11-14 23:03:13,437 - INFO - Visiting: http://www.drps.ed.ac.uk/24-25/dpt/cxnust11100.htm
2024-11-14 23:03:17,150 - INFO - 1 instances updated to ./data_container/24_11_14_21_57_33/24-25_cx_s_su796.htm.csv.
2024-11-14 23:03:17,179 - INFO - Visiting: http://www.drps.ed.ac.uk/24-25/dpt/cxnust11119.htm
2024-11-14 23:03:20,965 - INFO - 1 instances updated to ./data_container/24_11_14_21_57_33/24-25_cx_s_su796.htm.csv.
2024-11-14 23:03:21,003 - INFO - Visiting: http://www.drps.ed.ac.uk/24-25/dpt/cxnust11081.htm
2024-11-14 23:03:24,921 - INFO - 1 instances updated to ./data_container/24_11_14_21_57_33/24-25_cx_s_su796.htm.csv.
2024-11-14 23:03:24,949 - INFO - Visiting: http://www.drps.ed.ac.uk/24-25/dpt/cxnust11097.htm
2024-11-14 23:03:29,056 - INFO - 1 instances updated to ./data_container/24_11_14_21_57_33/24-25_cx_s_su796.htm.csv.
2024-11-14 23:03:29,087 - INFO - Visiting: http://www.drps.ed.ac.uk/24-25/dpt/cxnust11104.htm
2024-11-14 23:03:36,226 - INFO - 1 instances updated to ./data_container/24_11_14_21_57_33/24-25_cx_s_su796.htm.csv.
2024-11-14 23:03:36,314 - INFO - Visiting: http://www.drps.ed.ac.uk/24-25/dpt/cxnust11130.htm
2024-11-14 23:03:40,474 - INFO - 1 instances updated to ./data_container/24_11_14_21_57_33/24-25_cx_s_su796.htm.csv.
2024-11-14 23:03:40,506 - INFO - Visiting: http://www.drps.ed.ac.uk/24-25/dpt/cxnust11114.htm
2024-11-14 23:03:44,481 - INFO - 1 instances updated to ./data_container/24_11_14_21_57_33/24-25_cx_s_su796.htm.csv.
2024-11-14 23:03:44,532 - INFO - Visiting: http://www.drps.ed.ac.uk/24-25/dpt/cxnust11083.htm
2024-11-14 23:03:48,571 - INFO - 1 instances updated to ./data_container/24_11_14_21_57_33/24-25_cx_s_su796.htm.csv.
2024-11-14 23:03:48,601 - INFO - Visiting: http://www.drps.ed.ac.uk/24-25/dpt/cxnust11120.htm
2024-11-14 23:03:53,119 - INFO - 1 instances updated to ./data_container/24_11_14_21_57_33/24-25_cx_s_su796.htm.csv.
2024-11-14 23:03:53,147 - INFO - Visiting: http://www.drps.ed.ac.uk/24-25/dpt/cxnust11117.htm
2024-11-14 23:03:58,788 - INFO - 1 instances updated to ./data_container/24_11_14_21_57_33/24-25_cx_s_su796.htm.csv.
2024-11-14 23:03:58,818 - INFO - Visiting: http://www.drps.ed.ac.uk/24-25/dpt/cxnust11059.htm
2024-11-14 23:04:02,958 - INFO - 1 instances updated to ./data_container/24_11_14_21_57_33/24-25_cx_s_su796.htm.csv.
2024-11-14 23:04:02,989 - INFO - Visiting: http://www.drps.ed.ac.uk/24-25/dpt/cxnust11060.htm
2024-11-14 23:04:07,068 - INFO - 1 instances updated to ./data_container/24_11_14_21_57_33/24-25_cx_s_su796.htm.csv.
2024-11-14 23:04:07,097 - INFO - Visiting: http://www.drps.ed.ac.uk/24-25/dpt/cxnust11118.htm
2024-11-14 23:04:11,380 - INFO - 1 instances updated to ./data_container/24_11_14_21_57_33/24-25_cx_s_su796.htm.csv.
2024-11-14 23:04:11,392 - INFO - Visiting: http://www.drps.ed.ac.uk/24-25/dpt/cxnust11078.htm
2024-11-14 23:04:16,085 - INFO - 1 instances updated to ./data_container/24_11_14_21_57_33/24-25_cx_s_su796.htm.csv.
2024-11-14 23:04:16,103 - INFO - Visiting: http://www.drps.ed.ac.uk/24-25/dpt/cxnust11077.htm
2024-11-14 23:04:20,004 - INFO - 1 instances updated to ./data_container/24_11_14_21_57_33/24-25_cx_s_su796.htm.csv.
2024-11-14 23:04:20,023 - INFO - Visiting: http://www.drps.ed.ac.uk/24-25/dpt/cxnust11052.htm
2024-11-14 23:04:23,826 - INFO - 1 instances updated to ./data_container/24_11_14_21_57_33/24-25_cx_s_su796.htm.csv.
2024-11-14 23:04:23,858 - INFO - Visiting: http://www.drps.ed.ac.uk/24-25/dpt/cxnust11098.htm
2024-11-14 23:04:27,320 - INFO - 1 instances updated to ./data_container/24_11_14_21_57_33/24-25_cx_s_su796.htm.csv.
2024-11-14 23:04:27,350 - INFO - Visiting: http://www.drps.ed.ac.uk/24-25/dpt/cxnust11075.htm
2024-11-14 23:04:31,977 - INFO - 1 instances updated to ./data_container/24_11_14_21_57_33/24-25_cx_s_su796.htm.csv.
2024-11-14 23:04:31,989 - INFO - Visiting: http://www.drps.ed.ac.uk/24-25/dpt/cxnust11108.htm
2024-11-14 23:04:35,623 - INFO - 1 instances updated to ./data_container/24_11_14_21_57_33/24-25_cx_s_su796.htm.csv.
2024-11-14 23:04:35,651 - INFO - Visiting: http://www.drps.ed.ac.uk/24-25/dpt/cxnust11108.htm
2024-11-14 23:04:39,579 - INFO - 1 instances updated to ./data_container/24_11_14_21_57_33/24-25_cx_s_su796.htm.csv.
2024-11-14 23:04:39,608 - INFO - Visiting: http://www.drps.ed.ac.uk/24-25/dpt/cxnust11013.htm
2024-11-14 23:04:44,143 - INFO - 1 instances updated to ./data_container/24_11_14_21_57_33/24-25_cx_s_su796.htm.csv.
2024-11-14 23:04:44,182 - INFO - Visiting: http://www.drps.ed.ac.uk/24-25/dpt/cxnust11094.htm
2024-11-14 23:04:47,820 - INFO - 1 instances updated to ./data_container/24_11_14_21_57_33/24-25_cx_s_su796.htm.csv.
2024-11-14 23:04:47,849 - INFO - Visiting: http://www.drps.ed.ac.uk/24-25/dpt/cxnust11084.htm
2024-11-14 23:04:53,978 - INFO - 1 instances updated to ./data_container/24_11_14_21_57_33/24-25_cx_s_su796.htm.csv.
2024-11-14 23:04:53,978 - INFO - Mining for keywords Accessibility,Inclusive design,Disability rights,Adaptive tools is success.
2024-11-14 23:04:54,008 - INFO - Visiting: http://www.drps.ed.ac.uk/24-25/dpt/cx_sb_shss.htm
2024-11-14 23:04:54,043 - INFO - Visiting: http://www.drps.ed.ac.uk/24-25/dpt/cxshss08004.htm
2024-11-14 23:04:57,901 - INFO - 1 instances updated to ./data_container/24_11_14_21_57_33/24-25_cx_s_su796.htm.csv.
2024-11-14 23:04:57,926 - INFO - Visiting: http://www.drps.ed.ac.uk/24-25/dpt/cxshss08008.htm
2024-11-14 23:05:01,963 - INFO - 1 instances updated to ./data_container/24_11_14_21_57_33/24-25_cx_s_su796.htm.csv.
2024-11-14 23:05:01,975 - INFO - Visiting: http://www.drps.ed.ac.uk/24-25/dpt/cxshss08002.htm
2024-11-14 23:05:06,109 - INFO - 1 instances updated to ./data_container/24_11_14_21_57_33/24-25_cx_s_su796.htm.csv.
2024-11-14 23:05:06,135 - INFO - Visiting: http://www.drps.ed.ac.uk/24-25/dpt/cxshss08006.htm
2024-11-14 23:05:09,781 - INFO - 1 instances updated to ./data_container/24_11_14_21_57_33/24-25_cx_s_su796.htm.csv.
2024-11-14 23:05:09,793 - INFO - Visiting: http://www.drps.ed.ac.uk/24-25/dpt/cxshss08005.htm
2024-11-14 23:05:13,801 - INFO - 1 instances updated to ./data_container/24_11_14_21_57_33/24-25_cx_s_su796.htm.csv.
2024-11-14 23:05:13,823 - INFO - Visiting: http://www.drps.ed.ac.uk/24-25/dpt/cxshss08003.htm
2024-11-14 23:05:18,116 - INFO - 1 instances updated to ./data_container/24_11_14_21_57_33/24-25_cx_s_su796.htm.csv.
2024-11-14 23:05:18,150 - INFO - Visiting: http://www.drps.ed.ac.uk/24-25/dpt/cxshss08001.htm
2024-11-14 23:05:22,780 - INFO - 1 instances updated to ./data_container/24_11_14_21_57_33/24-25_cx_s_su796.htm.csv.
2024-11-14 23:05:22,808 - INFO - Visiting: http://www.drps.ed.ac.uk/24-25/dpt/cxshss08007.htm
2024-11-14 23:05:27,360 - INFO - 1 instances updated to ./data_container/24_11_14_21_57_33/24-25_cx_s_su796.htm.csv.
2024-11-14 23:05:27,377 - INFO - Visiting: http://www.drps.ed.ac.uk/24-25/dpt/cxshss10008.htm
2024-11-14 23:05:31,750 - INFO - 1 instances updated to ./data_container/24_11_14_21_57_33/24-25_cx_s_su796.htm.csv.
2024-11-14 23:05:31,774 - INFO - Visiting: http://www.drps.ed.ac.uk/24-25/dpt/cxshss10011.htm
2024-11-14 23:05:35,785 - INFO - 1 instances updated to ./data_container/24_11_14_21_57_33/24-25_cx_s_su796.htm.csv.
2024-11-14 23:05:35,820 - INFO - Visiting: http://www.drps.ed.ac.uk/24-25/dpt/cxshss10003.htm
2024-11-14 23:05:39,511 - INFO - 1 instances updated to ./data_container/24_11_14_21_57_33/24-25_cx_s_su796.htm.csv.
2024-11-14 23:05:39,536 - INFO - Visiting: http://www.drps.ed.ac.uk/24-25/dpt/cxshss10007.htm
2024-11-14 23:05:43,650 - INFO - 1 instances updated to ./data_container/24_11_14_21_57_33/24-25_cx_s_su796.htm.csv.
2024-11-14 23:05:43,675 - INFO - Visiting: http://www.drps.ed.ac.uk/24-25/dpt/cxshss10009.htm
2024-11-14 23:05:47,538 - INFO - 1 instances updated to ./data_container/24_11_14_21_57_33/24-25_cx_s_su796.htm.csv.
2024-11-14 23:05:47,565 - INFO - Visiting: http://www.drps.ed.ac.uk/24-25/dpt/cxshss10012.htm
2024-11-14 23:05:54,844 - INFO - 1 instances updated to ./data_container/24_11_14_21_57_33/24-25_cx_s_su796.htm.csv.
2024-11-14 23:05:54,873 - INFO - Visiting: http://www.drps.ed.ac.uk/24-25/dpt/cxshss10010.htm
2024-11-14 23:05:58,986 - INFO - 1 instances updated to ./data_container/24_11_14_21_57_33/24-25_cx_s_su796.htm.csv.
2024-11-14 23:05:59,015 - INFO - Visiting: http://www.drps.ed.ac.uk/24-25/dpt/cxshss10006.htm
2024-11-14 23:06:02,837 - INFO - 1 instances updated to ./data_container/24_11_14_21_57_33/24-25_cx_s_su796.htm.csv.
2024-11-14 23:06:02,865 - INFO - Visiting: http://www.drps.ed.ac.uk/24-25/dpt/cxshss10005.htm
2024-11-14 23:06:07,009 - INFO - 1 instances updated to ./data_container/24_11_14_21_57_33/24-25_cx_s_su796.htm.csv.
2024-11-14 23:06:07,044 - INFO - Visiting: http://www.drps.ed.ac.uk/24-25/dpt/cxshss10004.htm
2024-11-14 23:06:11,174 - INFO - 1 instances updated to ./data_container/24_11_14_21_57_33/24-25_cx_s_su796.htm.csv.
2024-11-14 23:06:11,205 - INFO - Visiting: http://www.drps.ed.ac.uk/24-25/dpt/cxshss10001.htm
2024-11-14 23:06:15,183 - INFO - 1 instances updated to ./data_container/24_11_14_21_57_33/24-25_cx_s_su796.htm.csv.
2024-11-14 23:06:15,207 - INFO - Visiting: http://www.drps.ed.ac.uk/24-25/dpt/cxshss10002.htm
2024-11-14 23:06:18,854 - INFO - 1 instances updated to ./data_container/24_11_14_21_57_33/24-25_cx_s_su796.htm.csv.
2024-11-14 23:06:18,881 - INFO - Visiting: http://www.drps.ed.ac.uk/24-25/dpt/cxshss11006.htm
2024-11-14 23:06:22,825 - INFO - 1 instances updated to ./data_container/24_11_14_21_57_33/24-25_cx_s_su796.htm.csv.
2024-11-14 23:06:22,851 - INFO - Visiting: http://www.drps.ed.ac.uk/24-25/dpt/cxshss11008.htm
2024-11-14 23:06:26,800 - INFO - 1 instances updated to ./data_container/24_11_14_21_57_33/24-25_cx_s_su796.htm.csv.
2024-11-14 23:06:26,820 - INFO - Visiting: http://www.drps.ed.ac.uk/24-25/dpt/cxshss11009.htm
2024-11-14 23:06:32,150 - INFO - 1 instances updated to ./data_container/24_11_14_21_57_33/24-25_cx_s_su796.htm.csv.
2024-11-14 23:06:32,168 - INFO - Visiting: http://www.drps.ed.ac.uk/24-25/dpt/cxshss11010.htm
2024-11-14 23:06:36,804 - INFO - 1 instances updated to ./data_container/24_11_14_21_57_33/24-25_cx_s_su796.htm.csv.
2024-11-14 23:06:36,834 - INFO - Visiting: http://www.drps.ed.ac.uk/24-25/dpt/cxshss11011.htm
2024-11-14 23:06:40,477 - INFO - 1 instances updated to ./data_container/24_11_14_21_57_33/24-25_cx_s_su796.htm.csv.
2024-11-14 23:06:40,508 - INFO - Visiting: http://www.drps.ed.ac.uk/24-25/dpt/cxshss11005.htm
2024-11-14 23:06:44,511 - INFO - 1 instances updated to ./data_container/24_11_14_21_57_33/24-25_cx_s_su796.htm.csv.
2024-11-14 23:06:44,536 - INFO - Visiting: http://www.drps.ed.ac.uk/24-25/dpt/cxshss11004.htm
2024-11-14 23:06:48,984 - INFO - 1 instances updated to ./data_container/24_11_14_21_57_33/24-25_cx_s_su796.htm.csv.
2024-11-14 23:06:49,009 - INFO - Visiting: http://www.drps.ed.ac.uk/24-25/dpt/cxshss11003.htm
2024-11-14 23:06:52,826 - INFO - 1 instances updated to ./data_container/24_11_14_21_57_33/24-25_cx_s_su796.htm.csv.
2024-11-14 23:06:52,837 - INFO - Visiting: http://www.drps.ed.ac.uk/24-25/dpt/cxshss11001.htm
2024-11-14 23:06:57,199 - INFO - 1 instances updated to ./data_container/24_11_14_21_57_33/24-25_cx_s_su796.htm.csv.
2024-11-14 23:06:57,228 - INFO - Visiting: http://www.drps.ed.ac.uk/24-25/dpt/cxshss11002.htm
2024-11-14 23:07:01,327 - INFO - 1 instances updated to ./data_container/24_11_14_21_57_33/24-25_cx_s_su796.htm.csv.
2024-11-14 23:07:01,328 - INFO - Mining for keywords Accessibility,Inclusive design,Disability rights,Adaptive tools is success.
 instances updated to ./data_container/24_11_14_21_57_33/24-25_cx_s_su796.htm.csv.
2024-11-14 22:49:32,249 - INFO - Visiting: http://www.drps.ed.ac.uk/24-25/dpt/cxclps11054.htm
2024-11-14 22:49:37,159 - INFO - 1 instances updated to ./data_container/24_11_14_21_57_33/24-25_cx_s_su796.htm.csv.
2024-11-14 22:49:37,189 - INFO - Visiting: http://www.drps.ed.ac.uk/24-25/dpt/cxclps11048.htm
2024-11-14 22:49:40,894 - INFO - 1 instances updated to ./data_container/24_11_14_21_57_33/24-25_cx_s_su796.htm.csv.
2024-11-14 22:49:40,921 - INFO - Visiting: http://www.drps.ed.ac.uk/24-25/dpt/cxclps11103.htm
2024-11-14 22:49:45,248 - INFO - 1 instances updated to ./data_container/24_11_14_21_57_33/24-25_cx_s_su796.htm.csv.
2024-11-14 22:49:45,293 - INFO - Visiting: http://www.drps.ed.ac.uk/24-25/dpt/cxclps11049.htm
2024-11-14 22:49:49,327 - INFO - 1 instances updated to ./data_container/24_11_14_21_57_33/24-25_cx_s_su796.htm.csv.
2024-11-14 22:49:49,354 - INFO - Visiting: http://www.drps.ed.ac.uk/24-25/dpt/cxclps11077.htm
2024-11-14 22:49:53,618 - INFO - 1 instances updated to ./data_container/24_11_14_21_57_33/24-25_cx_s_su796.htm.csv.
2024-11-14 22:49:53,644 - INFO - Visiting: http://www.drps.ed.ac.uk/24-25/dpt/cxclps11078.htm
2024-11-14 22:49:57,731 - INFO - 1 instances updated to ./data_container/24_11_14_21_57_33/24-25_cx_s_su796.htm.csv.
2024-11-14 22:49:57,744 - INFO - Visiting: http://www.drps.ed.ac.uk/24-25/dpt/cxclps11076.htm
2024-11-14 22:50:01,764 - INFO - 1 instances updated to ./data_container/24_11_14_21_57_33/24-25_cx_s_su796.htm.csv.
2024-11-14 22:50:01,789 - INFO - Visiting: http://www.drps.ed.ac.uk/24-25/dpt/cxclps11030.htm
2024-11-14 22:50:06,080 - INFO - 1 instances updated to ./data_container/24_11_14_21_57_33/24-25_cx_s_su796.htm.csv.
2024-11-14 22:50:06,270 - INFO - Visiting: http://www.drps.ed.ac.uk/24-25/dpt/cxclps11072.htm
2024-11-14 22:50:10,649 - INFO - 1 instances updated to ./data_container/24_11_14_21_57_33/24-25_cx_s_su796.htm.csv.
2024-11-14 22:50:10,663 - INFO - Visiting: http://www.drps.ed.ac.uk/24-25/dpt/cxclps11104.htm
2024-11-14 22:50:15,821 - INFO - 1 instances updated to ./data_container/24_11_14_21_57_33/24-25_cx_s_su796.htm.csv.
2024-11-14 22:50:15,857 - INFO - Visiting: http://www.drps.ed.ac.uk/24-25/dpt/cxclps11009.htm
2024-11-14 22:50:19,936 - INFO - 1 instances updated to ./data_container/24_11_14_21_57_33/24-25_cx_s_su796.htm.csv.
2024-11-14 22:50:19,963 - INFO - Visiting: http://www.drps.ed.ac.uk/24-25/dpt/cxclps11039.htm
2024-11-14 22:50:23,610 - INFO - 1 instances updated to ./data_container/24_11_14_21_57_33/24-25_cx_s_su796.htm.csv.
2024-11-14 22:50:23,623 - INFO - Visiting: http://www.drps.ed.ac.uk/24-25/dpt/cxclps11050.htm
2024-11-14 22:50:28,215 - INFO - 1 instances updated to ./data_container/24_11_14_21_57_33/24-25_cx_s_su796.htm.csv.
2024-11-14 22:50:28,254 - INFO - Visiting: http://www.drps.ed.ac.uk/24-25/dpt/cxclps11091.htm
2024-11-14 22:50:32,839 - INFO - 1 instances updated to ./data_container/24_11_14_21_57_33/24-25_cx_s_su796.htm.csv.
2024-11-14 22:50:32,866 - INFO - Visiting: http://www.drps.ed.ac.uk/24-25/dpt/cxclps11010.htm
2024-11-14 22:50:37,636 - INFO - 1 instances updated to ./data_container/24_11_14_21_57_33/24-25_cx_s_su796.htm.csv.
2024-11-14 22:50:37,647 - INFO - Visiting: http://www.drps.ed.ac.uk/24-25/dpt/cxclps11033.htm
2024-11-14 22:50:41,967 - INFO - 1 instances updated to ./data_container/24_11_14_21_57_33/24-25_cx_s_su796.htm.csv.
2024-11-14 22:50:41,999 - INFO - Visiting: http://www.drps.ed.ac.uk/24-25/dpt/cxclps11099.htm
2024-11-14 22:50:46,507 - INFO - 1 instances updated to ./data_container/24_11_14_21_57_33/24-25_cx_s_su796.htm.csv.
2024-11-14 22:50:46,532 - INFO - Visiting: http://www.drps.ed.ac.uk/24-25/dpt/cxclps11063.htm
2024-11-14 22:50:50,689 - INFO - 1 instances updated to ./data_container/24_11_14_21_57_33/24-25_cx_s_su796.htm.csv.
2024-11-14 22:50:50,719 - INFO - Visiting: http://www.drps.ed.ac.uk/24-25/dpt/cxclps11055.htm
2024-11-14 22:50:54,554 - INFO - 1 instances updated to ./data_container/24_11_14_21_57_33/24-25_cx_s_su796.htm.csv.
2024-11-14 22:50:54,578 - INFO - Visiting: http://www.drps.ed.ac.uk/24-25/dpt/cxclps11073.htm
2024-11-14 22:50:58,746 - INFO - 1 instances updated to ./data_container/24_11_14_21_57_33/24-25_cx_s_su796.htm.csv.
2024-11-14 22:50:58,796 - INFO - Visiting: http://www.drps.ed.ac.uk/24-25/dpt/cxclps11084.htm
2024-11-14 22:51:03,284 - INFO - 1 instances updated to ./data_container/24_11_14_21_57_33/24-25_cx_s_su796.htm.csv.
2024-11-14 22:51:03,294 - INFO - Visiting: http://www.drps.ed.ac.uk/24-25/dpt/cxclps11064.htm
2024-11-14 22:51:08,032 - INFO - 1 instances updated to ./data_container/24_11_14_21_57_33/24-25_cx_s_su796.htm.csv.
2024-11-14 22:51:08,061 - INFO - Visiting: http://www.drps.ed.ac.uk/24-25/dpt/cxclps11094.htm
2024-11-14 22:51:12,168 - INFO - 1 instances updated to ./data_container/24_11_14_21_57_33/24-25_cx_s_su796.htm.csv.
2024-11-14 22:51:12,195 - INFO - Visiting: http://www.drps.ed.ac.uk/24-25/dpt/cxclps11058.htm
2024-11-14 22:51:16,237 - INFO - 1 instances updated to ./data_container/24_11_14_21_57_33/24-25_cx_s_su796.htm.csv.
2024-11-14 22:51:16,253 - INFO - Visiting: http://www.drps.ed.ac.uk/24-25/dpt/cxclps11047.htm
2024-11-14 22:51:21,329 - INFO - 1 instances updated to ./data_container/24_11_14_21_57_33/24-25_cx_s_su796.htm.csv.
2024-11-14 22:51:21,357 - INFO - Visiting: http://www.drps.ed.ac.uk/24-25/dpt/cxclps11085.htm
2024-11-14 22:51:25,900 - INFO - 1 instances updated to ./data_container/24_11_14_21_57_33/24-25_cx_s_su796.htm.csv.
2024-11-14 22:51:25,925 - INFO - Visiting: http://www.drps.ed.ac.uk/24-25/dpt/cxclps11100.htm
2024-11-14 22:51:30,488 - INFO - 1 instances updated to ./data_container/24_11_14_21_57_33/24-25_cx_s_su796.htm.csv.
2024-11-14 22:51:30,520 - INFO - Visiting: http://www.drps.ed.ac.uk/24-25/dpt/cxclps11042.htm
2024-11-14 22:51:35,284 - INFO - 1 instances updated to ./data_container/24_11_14_21_57_33/24-25_cx_s_su796.htm.csv.
2024-11-14 22:51:35,314 - INFO - Visiting: http://www.drps.ed.ac.uk/24-25/dpt/cxclps11013.htm
2024-11-14 22:51:39,479 - INFO - 1 instances updated to ./data_container/24_11_14_21_57_33/24-25_cx_s_su796.htm.csv.
2024-11-14 22:51:39,508 - INFO - Visiting: http://www.drps.ed.ac.uk/24-25/dpt/cxclps11006.htm
2024-11-14 22:51:43,938 - INFO - 1 instances updated to ./data_container/24_11_14_21_57_33/24-25_cx_s_su796.htm.csv.
2024-11-14 22:51:43,965 - INFO - Visiting: http://www.drps.ed.ac.uk/24-25/dpt/cxclps11062.htm
2024-11-14 22:51:47,813 - INFO - 1 instances updated to ./data_container/24_11_14_21_57_33/24-25_cx_s_su796.htm.csv.
2024-11-14 22:51:47,847 - INFO - Visiting: http://www.drps.ed.ac.uk/24-25/dpt/cxclps11014.htm
2024-11-14 22:51:52,175 - INFO - 1 instances updated to ./data_container/24_11_14_21_57_33/24-25_cx_s_su796.htm.csv.
2024-11-14 22:51:52,203 - INFO - Visiting: http://www.drps.ed.ac.uk/24-25/dpt/cxclps11090.htm
2024-11-14 22:51:56,794 - INFO - 1 instances updated to ./data_container/24_11_14_21_57_33/24-25_cx_s_su796.htm.csv.
2024-11-14 22:51:56,824 - INFO - Visiting: http://www.drps.ed.ac.uk/24-25/dpt/cxclps11056.htm
2024-11-14 22:52:00,871 - INFO - 1 instances updated to ./data_container/24_11_14_21_57_33/24-25_cx_s_su796.htm.csv.
2024-11-14 22:52:00,904 - INFO - Visiting: http://www.drps.ed.ac.uk/24-25/dpt/cxclps11095.htm
2024-11-14 22:52:05,111 - INFO - 1 instances updated to ./data_container/24_11_14_21_57_33/24-25_cx_s_su796.htm.csv.
2024-11-14 22:52:05,337 - INFO - Visiting: http://www.drps.ed.ac.uk/24-25/dpt/cxclps11066.htm
2024-11-14 22:52:09,184 - INFO - 1 instances updated to ./data_container/24_11_14_21_57_33/24-25_cx_s_su796.htm.csv.
2024-11-14 22:52:09,209 - INFO - Visiting: http://www.drps.ed.ac.uk/24-25/dpt/cxclps11067.htm
2024-11-14 22:52:13,038 - INFO - 1 instances updated to ./data_container/24_11_14_21_57_33/24-25_cx_s_su796.htm.csv.
2024-11-14 22:52:13,069 - INFO - Visiting: http://www.drps.ed.ac.uk/24-25/dpt/cxclps11046.htm
2024-11-14 22:52:17,469 - INFO - 1 instances updated to ./data_container/24_11_14_21_57_33/24-25_cx_s_su796.htm.csv.
2024-11-14 22:52:17,483 - INFO - Visiting: http://www.drps.ed.ac.uk/24-25/dpt/cxclps11101.htm
2024-11-14 22:52:22,056 - INFO - 1 instances updated to ./data_container/24_11_14_21_57_33/24-25_cx_s_su796.htm.csv.
2024-11-14 22:52:22,084 - INFO - Visiting: http://www.drps.ed.ac.uk/24-25/dpt/cxclps11057.htm
2024-11-14 22:52:26,070 - INFO - 1 instances updated to ./data_container/24_11_14_21_57_33/24-25_cx_s_su796.htm.csv.
2024-11-14 22:52:26,109 - INFO - Visiting: http://www.drps.ed.ac.uk/24-25/dpt/cxclps11096.htm
2024-11-14 22:52:30,657 - INFO - 1 instances updated to ./data_container/24_11_14_21_57_33/24-25_cx_s_su796.htm.csv.
2024-11-14 22:52:30,699 - INFO - Visiting: http://www.drps.ed.ac.uk/24-25/dpt/cxclps11045.htm
2024-11-14 22:52:34,817 - INFO - 1 instances updated to ./data_container/24_11_14_21_57_33/24-25_cx_s_su796.htm.csv.
2024-11-14 22:52:34,855 - INFO - Visiting: http://www.drps.ed.ac.uk/24-25/dpt/cxclps11102.htm
2024-11-14 22:52:38,967 - INFO - 1 instances updated to ./data_container/24_11_14_21_57_33/24-25_cx_s_su796.htm.csv.
2024-11-14 22:52:38,994 - INFO - Visiting: http://www.drps.ed.ac.uk/24-25/dpt/cxclps11080.htm
2024-11-14 22:52:42,820 - INFO - 1 instances updated to ./data_container/24_11_14_21_57_33/24-25_cx_s_su796.htm.csv.
2024-11-14 22:52:42,834 - INFO - Visiting: http://www.drps.ed.ac.uk/24-25/dpt/cxclps11093.htm
2024-11-14 22:52:47,829 - INFO - 1 instances updated to ./data_container/24_11_14_21_57_33/24-25_cx_s_su796.htm.csv.
2024-11-14 22:52:47,855 - INFO - Visiting: http://www.drps.ed.ac.uk/24-25/dpt/cxclps11098.htm
2024-11-14 22:52:52,212 - INFO - 1 instances updated to ./data_container/24_11_14_21_57_33/24-25_cx_s_su796.htm.csv.
2024-11-14 22:52:52,243 - INFO - Visiting: http://www.drps.ed.ac.uk/24-25/dpt/cxclps12002.htm
2024-11-14 22:52:56,451 - INFO - 1 instances updated to ./data_container/24_11_14_21_57_33/24-25_cx_s_su796.htm.csv.
2024-11-14 22:52:56,477 - INFO - Visiting: http://www.drps.ed.ac.uk/24-25/dpt/cxclps12009.htm
2024-11-14 22:53:00,141 - INFO - 1 instances updated to ./data_container/24_11_14_21_57_33/24-25_cx_s_su796.htm.csv.
2024-11-14 22:53:00,179 - INFO - Visiting: http://www.drps.ed.ac.uk/24-25/dpt/cxclps12034.htm
2024-11-14 22:53:04,759 - INFO - 1 instances updated to ./data_container/24_11_14_21_57_33/24-25_cx_s_su796.htm.csv.
2024-11-14 22:53:04,790 - INFO - Visiting: http://www.drps.ed.ac.uk/24-25/dpt/cxclps12035.htm
2024-11-14 22:53:08,925 - INFO - 1 instances updated to ./data_container/24_11_14_21_57_33/24-25_cx_s_su796.htm.csv.
2024-11-14 22:53:08,955 - INFO - Visiting: http://www.drps.ed.ac.uk/24-25/dpt/cxclps12038.htm
2024-11-14 22:53:13,364 - INFO - 1 instances updated to ./data_container/24_11_14_21_57_33/24-25_cx_s_su796.htm.csv.
2024-11-14 22:53:13,397 - INFO - Visiting: http://www.drps.ed.ac.uk/24-25/dpt/cxclps12039.htm
2024-11-14 22:53:17,761 - INFO - 1 instances updated to ./data_container/24_11_14_21_57_33/24-25_cx_s_su796.htm.csv.
2024-11-14 22:53:17,787 - INFO - Visiting: http://www.drps.ed.ac.uk/24-25/dpt/cxclps12016.htm
2024-11-14 22:53:22,079 - INFO - 1 instances updated to ./data_container/24_11_14_21_57_33/24-25_cx_s_su796.htm.csv.
2024-11-14 22:53:22,141 - INFO - Visiting: http://www.drps.ed.ac.uk/24-25/dpt/cxclps12036.htm
2024-11-14 22:53:26,829 - INFO - 1 instances updated to ./data_container/24_11_14_21_57_33/24-25_cx_s_su796.htm.csv.
2024-11-14 22:53:26,846 - INFO - Visiting: http://www.drps.ed.ac.uk/24-25/dpt/cxclps12037.htm
2024-11-14 22:53:31,529 - INFO - 1 instances updated to ./data_container/24_11_14_21_57_33/24-25_cx_s_su796.htm.csv.
2024-11-14 22:53:31,555 - INFO - Visiting: http://www.drps.ed.ac.uk/24-25/dpt/cxclps12013.htm
2024-11-14 22:53:35,810 - INFO - 1 instances updated to ./data_container/24_11_14_21_57_33/24-25_cx_s_su796.htm.csv.
2024-11-14 22:53:35,844 - INFO - Visiting: http://www.drps.ed.ac.uk/24-25/dpt/cxclps12014.htm
2024-11-14 22:53:40,066 - INFO - 1 instances updated to ./data_container/24_11_14_21_57_33/24-25_cx_s_su796.htm.csv.
2024-11-14 22:53:40,067 - INFO - Mining for keywords Accessibility,Inclusive design,Disability rights,Adaptive tools is success.
2024-11-14 22:53:40,097 - INFO - Visiting: http://www.drps.ed.ac.uk/24-25/dpt/cx_sb_cnst.htm
2024-11-14 22:53:40,152 - INFO - Visiting: http://www.drps.ed.ac.uk/24-25/dpt/cxcnst08001.htm
2024-11-14 22:53:43,971 - INFO - 1 instances updated to ./data_container/24_11_14_21_57_33/24-25_cx_s_su796.htm.csv.
2024-11-14 22:53:43,988 - INFO - Visiting: http://www.drps.ed.ac.uk/24-25/dpt/cxcnst08002.htm
2024-11-14 22:53:47,979 - INFO - 1 instances updated to ./data_container/24_11_14_21_57_33/24-25_cx_s_su796.htm.csv.
2024-11-14 22:53:48,013 - INFO - Visiting: http://www.drps.ed.ac.uk/24-25/dpt/cxcnst11079.htm
2024-11-14 22:53:51,901 - INFO - 1 instances updated to ./data_container/24_11_14_21_57_33/24-25_cx_s_su796.htm.csv.
2024-11-14 22:53:51,931 - INFO - Visiting: http://www.drps.ed.ac.uk/24-25/dpt/cxcnst11061.htm
2024-11-14 22:53:56,700 - INFO - 1 instances updated to ./data_container/24_11_14_21_57_33/24-25_cx_s_su796.htm.csv.
2024-11-14 22:53:56,726 - INFO - Visiting: http://www.drps.ed.ac.uk/24-25/dpt/cxcnst11053.htm
2024-11-14 22:54:00,631 - INFO - 1 instances updated to ./data_container/24_11_14_21_57_33/24-25_cx_s_su796.htm.csv.
2024-11-14 22:54:00,663 - INFO - Visiting: http://www.drps.ed.ac.uk/24-25/dpt/cxcnst11095.htm
2024-11-14 22:54:05,151 - INFO - 1 instances updated to ./data_container/24_11_14_21_57_33/24-25_cx_s_su796.htm.csv.
2024-11-14 22:54:05,885 - INFO - Visiting: http://www.drps.ed.ac.uk/24-25/dpt/cxcnst11034.htm
2024-11-14 22:54:10,305 - INFO - 1 instances updated to ./data_container/24_11_14_21_57_33/24-25_cx_s_su796.htm.csv.
2024-11-14 22:54:10,331 - INFO - Visiting: http://www.drps.ed.ac.uk/24-25/dpt/cxcnst11090.htm
2024-11-14 22:54:14,354 - INFO - 1 instances updated to ./data_container/24_11_14_21_57_33/24-25_cx_s_su796.htm.csv.
2024-11-14 22:54:14,383 - INFO - Visiting: http://www.drps.ed.ac.uk/24-25/dpt/cxcnst11047.htm
2024-11-14 22:54:18,638 - INFO - 1 instances updated to ./data_container/24_11_14_21_57_33/24-25_cx_s_su796.htm.csv.
2024-11-14 22:54:18,664 - INFO - Visiting: http://www.drps.ed.ac.uk/24-25/dpt/cxcnst11076.htm
2024-11-14 22:54:22,936 - INFO - 1 instances updated to ./data_container/24_11_14_21_57_33/24-25_cx_s_su796.htm.csv.
2024-11-14 22:54:22,969 - INFO - Visiting: http://www.drps.ed.ac.uk/24-25/dpt/cxcnst11075.htm
2024-11-14 22:54:27,946 - INFO - 1 instances updated to ./data_container/24_11_14_21_57_33/24-25_cx_s_su796.htm.csv.
2024-11-14 22:54:27,977 - INFO - Visiting: http://www.drps.ed.ac.uk/24-25/dpt/cxcnst11097.htm
2024-11-14 22:54:32,434 - INFO - 1 instances updated to ./data_container/24_11_14_21_57_33/24-25_cx_s_su796.htm.csv.
2024-11-14 22:54:32,460 - INFO - Visiting: http://www.drps.ed.ac.uk/24-25/dpt/cxcnst11041.htm
2024-11-14 22:54:36,801 - INFO - 1 instances updated to ./data_container/24_11_14_21_57_33/24-25_cx_s_su796.htm.csv.
2024-11-14 22:54:36,841 - INFO - Visiting: http://www.drps.ed.ac.uk/24-25/dpt/cxcnst11068.htm
2024-11-14 22:54:40,818 - INFO - 1 instances updated to ./data_container/24_11_14_21_57_33/24-25_cx_s_su796.htm.csv.
2024-11-14 22:54:40,830 - INFO - Visiting: http://www.drps.ed.ac.uk/24-25/dpt/cxcnst11088.htm
2024-11-14 22:54:44,886 - INFO - 1 instances updated to ./data_container/24_11_14_21_57_33/24-25_cx_s_su796.htm.csv.
2024-11-14 22:54:44,911 - INFO - Visiting: http://www.drps.ed.ac.uk/24-25/dpt/cxcnst11089.htm
2024-11-14 22:54:49,130 - INFO - 1 instances updated to ./data_container/24_11_14_21_57_33/24-25_cx_s_su796.htm.csv.
2024-11-14 22:54:49,156 - INFO - Visiting: http://www.drps.ed.ac.uk/24-25/dpt/cxcnst11080.htm
2024-11-14 22:54:53,275 - INFO - 1 instances updated to ./data_container/24_11_14_21_57_33/24-25_cx_s_su796.htm.csv.
2024-11-14 22:54:53,309 - INFO - Visiting: http://www.drps.ed.ac.uk/24-25/dpt/cxcnst11086.htm
2024-11-14 22:54:57,441 - INFO - 1 instances updated to ./data_container/24_11_14_21_57_33/24-25_cx_s_su796.htm.csv.
2024-11-14 22:54:57,473 - INFO - Visiting: http://www.drps.ed.ac.uk/24-25/dpt/cxcnst11081.htm
2024-11-14 22:55:05,037 - INFO - 1 instances updated to ./data_container/24_11_14_21_57_33/24-25_cx_s_su796.htm.csv.
2024-11-14 22:55:05,048 - INFO - Visiting: http://www.drps.ed.ac.uk/24-25/dpt/cxcnst11012.htm
2024-11-14 22:55:09,727 - INFO - 1 instances updated to ./data_container/24_11_14_21_57_33/24-25_cx_s_su796.htm.csv.
2024-11-14 22:55:09,752 - INFO - Visiting: http://www.drps.ed.ac.uk/24-25/dpt/cxcnst11043.htm
2024-11-14 22:55:13,758 - INFO - 1 instances updated to ./data_container/24_11_14_21_57_33/24-25_cx_s_su796.htm.csv.
2024-11-14 22:55:13,792 - INFO - Visiting: http://www.drps.ed.ac.uk/24-25/dpt/cxcnst11077.htm
2024-11-14 22:55:18,188 - INFO - 1 instances updated to ./data_container/24_11_14_21_57_33/24-25_cx_s_su796.htm.csv.
2024-11-14 22:55:18,214 - INFO - Visiting: http://www.drps.ed.ac.uk/24-25/dpt/cxcnst11087.htm
2024-11-14 22:55:22,503 - INFO - 1 instances updated to ./data_container/24_11_14_21_57_33/24-25_cx_s_su796.htm.csv.
2024-11-14 22:55:22,529 - INFO - Visiting: http://www.drps.ed.ac.uk/24-25/dpt/cxcnst11084.htm
2024-11-14 22:55:27,215 - INFO - 1 instances updated to ./data_container/24_11_14_21_57_33/24-25_cx_s_su796.htm.csv.
2024-11-14 22:55:27,250 - INFO - Visiting: http://www.drps.ed.ac.uk/24-25/dpt/cxcnst11046.htm
2024-11-14 22:55:31,343 - INFO - 1 instances updated to ./data_container/24_11_14_21_57_33/24-25_cx_s_su796.htm.csv.
2024-11-14 22:55:31,368 - INFO - Visiting: http://www.drps.ed.ac.uk/24-25/dpt/cxcnst11014.htm
2024-11-14 22:55:35,665 - INFO - 1 instances updated to ./data_container/24_11_14_21_57_33/24-25_cx_s_su796.htm.csv.
2024-11-14 22:55:35,693 - INFO - Visiting: http://www.drps.ed.ac.uk/24-25/dpt/cxcnst11091.htm
2024-11-14 22:55:40,152 - INFO - 1 instances updated to ./data_container/24_11_14_21_57_33/24-25_cx_s_su796.htm.csv.
2024-11-14 22:55:40,166 - INFO - Visiting: http://www.drps.ed.ac.uk/24-25/dpt/cxcnst11062.htm
2024-11-14 22:55:46,316 - INFO - 1 instances updated to ./data_container/24_11_14_21_57_33/24-25_cx_s_su796.htm.csv.
2024-11-14 22:55:46,341 - INFO - Visiting: http://www.drps.ed.ac.uk/24-25/dpt/cxcnst11096.htm
2024-11-14 22:55:50,776 - INFO - 1 instances updated to ./data_container/24_11_14_21_57_33/24-25_cx_s_su796.htm.csv.
2024-11-14 22:55:50,813 - INFO - Visiting: http://www.drps.ed.ac.uk/24-25/dpt/cxcnst11093.htm
2024-11-14 22:55:55,434 - INFO - 1 instances updated to ./data_container/24_11_14_21_57_33/24-25_cx_s_su796.htm.csv.
2024-11-14 22:55:55,460 - INFO - Visiting: http://www.drps.ed.ac.uk/24-25/dpt/cxcnst11094.htm
2024-11-14 22:55:59,794 - INFO - 1 instances updated to ./data_container/24_11_14_21_57_33/24-25_cx_s_su796.htm.csv.
2024-11-14 22:55:59,824 - INFO - Visiting: http://www.drps.ed.ac.uk/24-25/dpt/cxcnst11085.htm
2024-11-14 22:56:03,626 - INFO - 1 instances updated to ./data_container/24_11_14_21_57_33/24-25_cx_s_su796.htm.csv.
2024-11-14 22:56:03,657 - INFO - Visiting: http://www.drps.ed.ac.uk/24-25/dpt/cxcnst11051.htm
2024-11-14 22:56:07,672 - INFO - 1 instances updated to ./data_container/24_11_14_21_57_33/24-25_cx_s_su796.htm.csv.
2024-11-14 22:56:07,697 - INFO - Visiting: http://www.drps.ed.ac.uk/24-25/dpt/cxcnst11082.htm
2024-11-14 22:56:12,282 - INFO - 1 instances updated to ./data_container/24_11_14_21_57_33/24-25_cx_s_su796.htm.csv.
2024-11-14 22:56:12,311 - INFO - Visiting: http://www.drps.ed.ac.uk/24-25/dpt/cxcnst11040.htm
2024-11-14 22:56:17,566 - INFO - 1 instances updated to ./data_container/24_11_14_21_57_33/24-25_cx_s_su796.htm.csv.
2024-11-14 22:56:17,596 - INFO - Visiting: http://www.drps.ed.ac.uk/24-25/dpt/cxcnst11042.htm
2024-11-14 22:56:21,146 - INFO - 1 instances updated to ./data_container/24_11_14_21_57_33/24-25_cx_s_su796.htm.csv.
2024-11-14 22:56:21,180 - INFO - Visiting: http://www.drps.ed.ac.uk/24-25/dpt/cxcnst12007.htm
2024-11-14 22:56:25,567 - INFO - 1 instances updated to ./data_container/24_11_14_21_57_33/24-25_cx_s_su796.htm.csv.
2024-11-14 22:56:25,594 - INFO - Visiting: http://www.drps.ed.ac.uk/24-25/dpt/cxcnst12013.htm
2024-11-14 22:56:29,813 - INFO - 1 instances updated to ./data_container/24_11_14_21_57_33/24-25_cx_s_su796.htm.csv.
2024-11-14 22:56:29,838 - INFO - Visiting: http://www.drps.ed.ac.uk/24-25/dpt/cxcnst12018.htm
2024-11-14 22:56:37,728 - INFO - 1 instances updated to ./data_container/24_11_14_21_57_33/24-25_cx_s_su796.htm.csv.
2024-11-14 22:56:37,761 - INFO - Visiting: http://www.drps.ed.ac.uk/24-25/dpt/cxcnst12021.htm
2024-11-14 22:56:41,732 - INFO - 1 instances updated to ./data_container/24_11_14_21_57_33/24-25_cx_s_su796.htm.csv.
2024-11-14 22:56:41,757 - INFO - Visiting: http://www.drps.ed.ac.uk/24-25/dpt/cxcnst12023.htm
2024-11-14 22:56:47,005 - INFO - 1 instances updated to ./data_container/24_11_14_21_57_33/24-25_cx_s_su796.htm.csv.
2024-11-14 22:56:47,041 - INFO - Visiting: http://www.drps.ed.ac.uk/24-25/dpt/cxcnst12017.htm
2024-11-14 22:56:50,831 - INFO - 1 instances updated to ./data_container/24_11_14_21_57_33/24-25_cx_s_su796.htm.csv.
2024-11-14 22:56:50,856 - INFO - Visiting: http://www.drps.ed.ac.uk/24-25/dpt/cxcnst12016.htm
2024-11-14 22:56:55,375 - INFO - 1 instances updated to ./data_container/24_11_14_21_57_33/24-25_cx_s_su796.htm.csv.
2024-11-14 22:56:55,402 - INFO - Visiting: http://www.drps.ed.ac.uk/24-25/dpt/cxcnst12020.htm
2024-11-14 22:56:59,688 - INFO - 1 instances updated to ./data_container/24_11_14_21_57_33/24-25_cx_s_su796.htm.csv.
2024-11-14 22:56:59,715 - INFO - Visiting: http://www.drps.ed.ac.uk/24-25/dpt/cxcnst12022.htm
2024-11-14 22:57:04,403 - INFO - 1 instances updated to ./data_container/24_11_14_21_57_33/24-25_cx_s_su796.htm.csv.
2024-11-14 22:57:04,433 - INFO - Visiting: http://www.drps.ed.ac.uk/24-25/dpt/cxcnst12024.htm
2024-11-14 22:57:12,201 - INFO - 1 instances updated to ./data_container/24_11_14_21_57_33/24-25_cx_s_su796.htm.csv.
2024-11-14 22:57:12,235 - INFO - Visiting: http://www.drps.ed.ac.uk/24-25/dpt/cxcnst12019.htm
2024-11-14 22:57:16,667 - INFO - 1 instances updated to ./data_container/24_11_14_21_57_33/24-25_cx_s_su796.htm.csv.
2024-11-14 22:57:16,693 - INFO - Visiting: http://www.drps.ed.ac.uk/24-25/dpt/cxcnst12010.htm
2024-11-14 22:57:20,780 - INFO - 1 instances updated to ./data_container/24_11_14_21_57_33/24-25_cx_s_su796.htm.csv.
2024-11-14 22:57:20,805 - INFO - Visiting: http://www.drps.ed.ac.uk/24-25/dpt/cxcnst12015.htm
2024-11-14 22:57:24,835 - INFO - 1 instances updated to ./data_container/24_11_14_21_57_33/24-25_cx_s_su796.htm.csv.
2024-11-14 22:57:24,877 - INFO - Visiting: http://www.drps.ed.ac.uk/24-25/dpt/cxcnst12014.htm
2024-11-14 22:57:28,860 - INFO - 1 instances updated to ./data_container/24_11_14_21_57_33/24-25_cx_s_su796.htm.csv.
2024-11-14 22:57:28,885 - INFO - Visiting: http://www.drps.ed.ac.uk/24-25/dpt/cxcnst12012.htm
2024-11-14 22:57:32,625 - INFO - 1 instances updated to ./data_container/24_11_14_21_57_33/24-25_cx_s_su796.htm.csv.
2024-11-14 22:57:32,626 - INFO - Mining for keywords Accessibility,Inclusive design,Disability rights,Adaptive tools is success.
2024-11-14 22:57:32,658 - INFO - Visiting: http://www.drps.ed.ac.uk/24-25/dpt/cx_sb_issh.htm
2024-11-14 22:57:32,678 - INFO - Visiting: http://www.drps.ed.ac.uk/24-25/dpt/cxissh11026.htm
2024-11-14 22:57:37,302 - INFO - 1 instances updated to ./data_container/24_11_14_21_57_33/24-25_cx_s_su796.htm.csv.
2024-11-14 22:57:37,326 - INFO - Visiting: http://www.drps.ed.ac.uk/24-25/dpt/cxissh11021.htm
2024-11-14 22:57:41,414 - INFO - 1 instances updated to ./data_container/24_11_14_21_57_33/24-25_cx_s_su796.htm.csv.
2024-11-14 22:57:41,426 - INFO - Visiting: http://www.drps.ed.ac.uk/24-25/dpt/cxissh11011.htm
2024-11-14 22:57:45,467 - INFO - 1 instances updated to ./data_container/24_11_14_21_57_33/24-25_cx_s_su796.htm.csv.
2024-11-14 22:57:45,498 - INFO - Visiting: http://www.drps.ed.ac.uk/24-25/dpt/cxissh11018.htm
2024-11-14 22:57:49,576 - INFO - 1 instances updated to ./data_container/24_11_14_21_57_33/24-25_cx_s_su796.htm.csv.
2024-11-14 22:57:49,603 - INFO - Visiting: http://www.drps.ed.ac.uk/24-25/dpt/cxissh11017.htm
2024-11-14 22:57:54,101 - INFO - 1 instances updated to ./data_container/24_11_14_21_57_33/24-25_cx_s_su796.htm.csv.
2024-11-14 22:57:54,128 - INFO - Visiting: http://www.drps.ed.ac.uk/24-25/dpt/cxissh11016.htm
2024-11-14 22:57:57,848 - INFO - 1 instances updated to ./data_container/24_11_14_21_57_33/24-25_cx_s_su796.htm.csv.
2024-11-14 22:57:57,886 - INFO - Visiting: http://www.drps.ed.ac.uk/24-25/dpt/cxissh11007.htm
2024-11-14 22:58:02,240 - INFO - 1 instances updated to ./data_container/24_11_14_21_57_33/24-25_cx_s_su796.htm.csv.
2024-11-14 22:58:02,265 - INFO - Visiting: http://www.drps.ed.ac.uk/24-25/dpt/cxissh11010.htm
2024-11-14 22:58:06,673 - INFO - 1 instances updated to ./data_container/24_11_14_21_57_33/24-25_cx_s_su796.htm.csv.
2024-11-14 22:58:06,705 - INFO - Visiting: http://www.drps.ed.ac.uk/24-25/dpt/cxissh11023.htm
2024-11-14 22:58:10,318 - INFO - 1 instances updated to ./data_container/24_11_14_21_57_33/24-25_cx_s_su796.htm.csv.
2024-11-14 22:58:10,318 - INFO - Mining for keywords Accessibility,Inclusive design,Disability rights,Adaptive tools is success.
2024-11-14 22:58:10,347 - INFO - Visiting: http://www.drps.ed.ac.uk/24-25/dpt/cx_sb_nust.htm
2024-11-14 22:58:10,536 - INFO - Visiting: http://www.drps.ed.ac.uk/24-25/dpt/cxnust08026.htm
2024-11-14 22:58:14,751 - INFO - 1 instances updated to ./data_container/24_11_14_21_57_33/24-25_cx_s_su796.htm.csv.
2024-11-14 22:58:14,775 - INFO - Visiting: http://www.drps.ed.ac.uk/24-25/dpt/cxnust08024.htm
2024-11-14 22:58:18,690 - INFO - 1 instances updated to ./data_container/24_11_14_21_57_33/24-25_cx_s_su796.htm.csv.
2024-11-14 22:58:18,716 - INFO - Visiting: http://www.drps.ed.ac.uk/24-25/dpt/cxnust08025.htm
2024-11-14 22:58:22,617 - INFO - 1 instances updated to ./data_container/24_11_14_21_57_33/24-25_cx_s_su796.htm.csv.
2024-11-14 22:58:22,646 - INFO - Visiting: http://www.drps.ed.ac.uk/24-25/dpt/cxnust08022.htm
2024-11-14 22:58:26,566 - INFO - 1 instances updated to ./data_container/24_11_14_21_57_33/24-25_cx_s_su796.htm.csv.
2024-11-14 22:58:26,577 - INFO - Visiting: http://www.drps.ed.ac.uk/24-25/dpt/cxnust08023.htm
2024-11-14 22:58:30,246 - INFO - 1 instances updated to ./data_container/24_11_14_21_57_33/24-25_cx_s_su796.htm.csv.
2024-11-14 22:58:30,261 - INFO - Visiting: http://www.drps.ed.ac.uk/24-25/dpt/cxnust08027.htm
2024-11-14 22:58:34,530 - INFO - 1 instances updated to ./data_container/24_11_14_21_57_33/24-25_cx_s_su796.htm.csv.
2024-11-14 22:58:34,543 - INFO - Visiting: http://www.drps.ed.ac.uk/24-25/dpt/cxnust08019.htm
2024-11-14 22:58:39,424 - INFO - 1 instances updated to ./data_container/24_11_14_21_57_33/24-25_cx_s_su796.htm.csv.
2024-11-14 22:58:39,465 - INFO - Visiting: http://www.drps.ed.ac.uk/24-25/dpt/cxnust08020.htm
2024-11-14 22:58:44,582 - INFO - 1 instances updated to ./data_container/24_11_14_21_57_33/24-25_cx_s_su796.htm.csv.
2024-11-14 22:58:44,614 - INFO - Visiting: http://www.drps.ed.ac.uk/24-25/dpt/cxnust08021.htm
2024-11-14 22:58:49,311 - INFO - 1 instances updated to ./data_container/24_11_14_21_57_33/24-25_cx_s_su796.htm.csv.
2024-11-14 22:58:49,340 - INFO - Visiting: http://www.drps.ed.ac.uk/24-25/dpt/cxnust10035.htm
2024-11-14 22:58:53,388 - INFO - 1 instances updated to ./data_container/24_11_14_21_57_33/24-25_cx_s_su796.htm.csv.
2024-11-14 22:58:53,412 - INFO - Visiting: http://www.drps.ed.ac.uk/24-25/dpt/cxnust10062.htm
2024-11-14 22:58:57,149 - INFO - 1 instances updated to ./data_container/24_11_14_21_57_33/24-25_cx_s_su796.htm.csv.
2024-11-14 22:58:57,165 - INFO - Visiting: http://www.drps.ed.ac.uk/24-25/dpt/cxnust10022.htm
2024-11-14 22:59:01,761 - INFO - 1 instances updated to ./data_container/24_11_14_21_57_33/24-25_cx_s_su796.htm.csv.
2024-11-14 22:59:01,786 - INFO - Visiting: http://www.drps.ed.ac.uk/24-25/dpt/cxnust10033.htm
2024-11-14 22:59:06,992 - INFO - 1 instances updated to ./data_container/24_11_14_21_57_33/24-25_cx_s_su796.htm.csv.
2024-11-14 22:59:07,020 - INFO - Visiting: http://www.drps.ed.ac.uk/24-25/dpt/cxnust10005.htm
2024-11-14 22:59:10,951 - INFO - 1 instances updated to ./data_container/24_11_14_21_57_33/24-25_cx_s_su796.htm.csv.
2024-11-14 22:59:10,980 - INFO - Visiting: http://www.drps.ed.ac.uk/24-25/dpt/cxnust10057.htm
2024-11-14 22:59:15,049 - INFO - 1 instances updated to ./data_container/24_11_14_21_57_33/24-25_cx_s_su796.htm.csv.
2024-11-14 22:59:15,076 - INFO - Visiting: http://www.drps.ed.ac.uk/24-25/dpt/cxnust10002.htm
2024-11-14 22:59:19,634 - INFO - 1 instances updated to ./data_container/24_11_14_21_57_33/24-25_cx_s_su796.htm.csv.
2024-11-14 22:59:19,646 - INFO - Visiting: http://www.drps.ed.ac.uk/24-25/dpt/cxnust10050.htm
2024-11-14 22:59:24,067 - INFO - 1 instances updated to ./data_container/24_11_14_21_57_33/24-25_cx_s_su796.htm.csv.
2024-11-14 22:59:24,094 - INFO - Visiting: http://www.drps.ed.ac.uk/24-25/dpt/cxnust10044.htm
2024-11-14 22:59:27,800 - INFO - 1 instances updated to ./data_container/24_11_14_21_57_33/24-25_cx_s_su796.htm.csv.
2024-11-14 22:59:27,822 - INFO - Visiting: http://www.drps.ed.ac.uk/24-25/dpt/cxnust10036.htm
2024-11-14 22:59:32,313 - INFO - 1 instances updated to ./data_container/24_11_14_21_57_33/24-25_cx_s_su796.htm.csv.
2024-11-14 22:59:32,339 - INFO - Visiting: http://www.drps.ed.ac.uk/24-25/dpt/cxnust10055.htm
2024-11-14 22:59:36,270 - INFO - 1 instances updated to ./data_container/24_11_14_21_57_33/24-25_cx_s_su796.htm.csv.
2024-11-14 22:59:36,284 - INFO - Visiting: http://www.drps.ed.ac.uk/24-25/dpt/cxnust10059.htm
2024-11-14 22:59:40,408 - INFO - 1 instances updated to ./data_container/24_11_14_21_57_33/24-25_cx_s_su796.htm.csv.
2024-11-14 22:59:40,430 - INFO - Visiting: http://www.drps.ed.ac.uk/24-25/dpt/cxnust10045.htm
2024-11-14 22:59:44,349 - INFO - 1 instances updated to ./data_container/24_11_14_21_57_33/24-25_cx_s_su796.htm.csv.
2024-11-14 22:59:44,361 - INFO - Visiting: http://www.drps.ed.ac.uk/24-25/dpt/cxnust10051.htm
2024-11-14 22:59:48,246 - INFO - 1 instances updated to ./data_container/24_11_14_21_57_33/24-25_cx_s_su796.htm.csv.
2024-11-14 22:59:48,270 - INFO - Visiting: http://www.drps.ed.ac.uk/24-25/dpt/cxnust10008.htm
2024-11-14 22:59:53,157 - INFO - 1 instances updated to ./data_container/24_11_14_21_57_33/24-25_cx_s_su796.htm.csv.
2024-11-14 22:59:53,194 - INFO - Visiting: http://www.drps.ed.ac.uk/24-25/dpt/cxnust10061.htm
2024-11-14 22:59:57,892 - INFO - 1 instances updated to ./data_container/24_11_14_21_57_33/24-25_cx_s_su796.htm.csv.
2024-11-14 22:59:57,922 - INFO - Visiting: http://www.drps.ed.ac.uk/24-25/dpt/cxnust10046.htm
2024-11-14 23:00:01,849 - INFO - 1 instances updated to ./data_container/24_11_14_21_57_33/24-25_cx_s_su796.htm.csv.
2024-11-14 23:00:01,886 - INFO - Visiting: http://www.drps.ed.ac.uk/24-25/dpt/cxnust10053.htm
2024-11-14 23:00:06,326 - INFO - 1 instances updated to ./data_container/24_11_14_21_57_33/24-25_cx_s_su796.htm.csv.
2024-11-14 23:00:06,341 - INFO - Visiting: http://www.drps.ed.ac.uk/24-25/dpt/cxnust10054.htm
2024-11-14 23:00:10,800 - INFO - 1 instances updated to ./data_container/24_11_14_21_57_33/24-25_cx_s_su796.htm.csv.
2024-11-14 23:00:10,825 - INFO - Visiting: http://www.drps.ed.ac.uk/24-25/dpt/cxnust10043.htm
2024-11-14 23:00:14,883 - INFO - 1 instances updated to ./data_container/24_11_14_21_57_33/24-25_cx_s_su796.htm.csv.
2024-11-14 23:00:14,911 - INFO - Visiting: http://www.drps.ed.ac.uk/24-25/dpt/cxnust10060.htm
2024-11-14 23:00:18,961 - INFO - 1 instances updated to ./data_container/24_11_14_21_57_33/24-25_cx_s_su796.htm.csv.
2024-11-14 23:00:18,985 - INFO - Visiting: http://www.drps.ed.ac.uk/24-25/dpt/cxnust10052.htm
2024-11-14 23:00:23,034 - INFO - 1 instances updated to ./data_container/24_11_14_21_57_33/24-25_cx_s_su796.htm.csv.
2024-11-14 23:00:23,069 - INFO - Visiting: http://www.drps.ed.ac.uk/24-25/dpt/cxnust10058.htm
2024-11-14 23:00:27,488 - INFO - 1 instances updated to ./data_container/24_11_14_21_57_33/24-25_cx_s_su796.htm.csv.
2024-11-14 23:00:27,517 - INFO - Visiting: http://www.drps.ed.ac.uk/24-25/dpt/cxnust10030.htm
2024-11-14 23:00:31,250 - INFO - 1 instances updated to ./data_container/24_11_14_21_57_33/24-25_cx_s_su796.htm.csv.
2024-11-14 23:00:31,263 - INFO - Visiting: http://www.drps.ed.ac.uk/24-25/dpt/cxnust10056.htm
2024-11-14 23:00:36,351 - INFO - 1 instances updated to ./data_container/24_11_14_21_57_33/24-25_cx_s_su796.htm.csv.
2024-11-14 23:00:36,376 - INFO - Visiting: http://www.drps.ed.ac.uk/24-25/dpt/cxnust11099.htm
2024-11-14 23:00:41,748 - INFO - 1 instances updated to ./data_container/24_11_14_21_57_33/24-25_cx_s_su796.htm.csv.
2024-11-14 23:00:41,776 - INFO - Visiting: http://www.drps.ed.ac.uk/24-25/dpt/cxnust11121.htm
2024-11-14 23:00:45,761 - INFO - 1 instances updated to ./data_container/24_11_14_21_57_33/24-25_cx_s_su796.htm.csv.
2024-11-14 23:00:45,787 - INFO - Visiting: http://www.drps.ed.ac.uk/24-25/dpt/cxnust11116.htm
2024-11-14 23:00:49,380 - INFO - 1 instances updated to ./data_container/24_11_14_21_57_33/24-25_cx_s_su796.htm.csv.
2024-11-14 23:00:49,406 - INFO - Visiting: http://www.drps.ed.ac.uk/24-25/dpt/cxnust11131.htm
2024-11-14 23:00:53,824 - INFO - 1 instances updated to ./data_container/24_11_14_21_57_33/24-25_cx_s_su796.htm.csv.
2024-11-14 23:00:53,850 - INFO - Visiting: http://www.drps.ed.ac.uk/24-25/dpt/cxnust11110.htm
2024-11-14 23:00:57,681 - INFO - 1 instances updated to ./data_container/24_11_14_21_57_33/24-25_cx_s_su796.htm.csv.
2024-11-14 23:00:57,731 - INFO - Visiting: http://www.drps.ed.ac.uk/24-25/dpt/cxnust11111.htm
2024-11-14 23:01:01,700 - INFO - 1 instances updated to ./data_container/24_11_14_21_57_33/24-25_cx_s_su796.htm.csv.
2024-11-14 23:01:01,730 - INFO - Visiting: http://www.drps.ed.ac.uk/24-25/dpt/cxnust11113.htm
2024-11-14 23:01:05,680 - INFO - 1 instances updated to ./data_container/24_11_14_21_57_33/24-25_cx_s_su796.htm.csv.
2024-11-14 23:01:05,713 - INFO - Visiting: http://www.drps.ed.ac.uk/24-25/dpt/cxnust11048.htm
2024-11-14 23:01:09,945 - INFO - 1 instances updated to ./data_container/24_11_14_21_57_33/24-25_cx_s_su796.htm.csv.
2024-11-14 23:01:09,971 - INFO - Visiting: http://www.drps.ed.ac.uk/24-25/dpt/cxnust11085.htm
2024-11-14 23:01:14,016 - INFO - 1 instances updated to ./data_container/24_11_14_21_57_33/24-25_cx_s_su796.htm.csv.
2024-11-14 23:01:14,043 - INFO - Visiting: http://www.drps.ed.ac.uk/24-25/dpt/cxnust11080.htm
2024-11-14 23:01:18,047 - INFO - 1 instances updated to ./data_container/24_11_14_21_57_33/24-25_cx_s_su796.htm.csv.
2024-11-14 23:01:18,081 - INFO - Visiting: http://www.drps.ed.ac.uk/24-25/dpt/cxnust11127.htm
2024-11-14 23:01:21,970 - INFO - 1 instances updated to ./data_container/24_11_14_21_57_33/24-25_cx_s_su796.htm.csv.
2024-11-14 23:01:21,999 - INFO - Visiting: http://www.drps.ed.ac.uk/24-25/dpt/cxnust11091.htm
2024-11-14 23:01:29,177 - INFO - 1 instances updated to ./data_container/24_11_14_21_57_33/24-25_cx_s_su796.htm.csv.
2024-11-14 23:01:29,203 - INFO - Visiting: http://www.drps.ed.ac.uk/24-25/dpt/cxnust11129.htm
2024-11-14 23:01:33,064 - INFO - 1 instances updated to ./data_container/24_11_14_21_57_33/24-25_cx_s_su796.htm.csv.
2024-11-14 23:01:33,092 - INFO - Visiting: http://www.drps.ed.ac.uk/24-25/dpt/cxnust11092.htm
2024-11-14 23:01:36,707 - INFO - 1 instances updated to ./data_container/24_11_14_21_57_33/24-25_cx_s_su796.htm.csv.
2024-11-14 23:01:36,739 - INFO - Visiting: http://www.drps.ed.ac.uk/24-25/dpt/cxnust11088.htm
2024-11-14 23:01:40,842 - INFO - 1 instances updated to ./data_container/24_11_14_21_57_33/24-25_cx_s_su796.htm.csv.
2024-11-14 23:01:40,860 - INFO - Visiting: http://www.drps.ed.ac.uk/24-25/dpt/cxnust11082.htm
2024-11-14 23:01:44,648 - INFO - 1 instances updated to ./data_container/24_11_14_21_57_33/24-25_cx_s_su796.htm.csv.
2024-11-14 23:01:44,665 - INFO - Visiting: http://www.drps.ed.ac.uk/24-25/dpt/cxnust11102.htm
2024-11-14 23:01:48,977 - INFO - 1 instances updated to ./data_container/24_11_14_21_57_33/24-25_cx_s_su796.htm.csv.
2024-11-14 23:01:48,994 - INFO - Visiting: http://www.drps.ed.ac.uk/24-25/dpt/cxnust11058.htm
2024-11-14 23:01:52,696 - INFO - 1 instances updated to ./data_container/24_11_14_21_57_33/24-25_cx_s_su796.htm.csv.
2024-11-14 23:01:52,729 - INFO - Visiting: http://www.drps.ed.ac.uk/24-25/dpt/cxnust11033.htm
2024-11-14 23:01:56,931 - INFO - 1 instances updated to ./data_container/24_11_14_21_57_33/24-25_cx_s_su796.htm.csv.
2024-11-14 23:01:56,969 - INFO - Visiting: http://www.drps.ed.ac.uk/24-25/dpt/cxnust11125.htm
2024-11-14 23:02:02,475 - INFO - 1 instances updated to ./data_container/24_11_14_21_57_33/24-25_cx_s_su796.htm.csv.
2024-11-14 23:02:02,501 - INFO - Visiting: http://www.drps.ed.ac.uk/24-25/dpt/cxnust11089.htm
2024-11-14 23:02:06,168 - INFO - 1 instances updated to ./data_container/24_11_14_21_57_33/24-25_cx_s_su796.htm.csv.
2024-11-14 23:02:06,197 - INFO - Visiting: http://www.drps.ed.ac.uk/24-25/dpt/cxnust11107.htm
2024-11-14 23:02:10,104 - INFO - 1 instances updated to ./data_container/24_11_14_21_57_33/24-25_cx_s_su796.htm.csv.
2024-11-14 23:02:10,129 - INFO - Visiting: http://www.drps.ed.ac.uk/24-25/dpt/cxnust11095.htm
2024-11-14 23:02:14,031 - INFO - 1 instances updated to ./data_container/24_11_14_21_57_33/24-25_cx_s_su796.htm.csv.
2024-11-14 23:02:14,056 - INFO - Visiting: http://www.drps.ed.ac.uk/24-25/dpt/cxnust11124.htm
2024-11-14 23:02:17,980 - INFO - 1 instances updated to ./data_container/24_11_14_21_57_33/24-25_cx_s_su796.htm.csv.
2024-11-14 23:02:18,006 - INFO - Visiting: http://www.drps.ed.ac.uk/24-25/dpt/cxnust11112.htm
2024-11-14 23:02:21,858 - INFO - 1 instances updated to ./data_container/24_11_14_21_57_33/24-25_cx_s_su796.htm.csv.
2024-11-14 23:02:21,896 - INFO - Visiting: http://www.drps.ed.ac.uk/24-25/dpt/cxnust11096.htm
2024-11-14 23:02:25,769 - INFO - 1 instances updated to ./data_container/24_11_14_21_57_33/24-25_cx_s_su796.htm.csv.
2024-11-14 23:02:25,796 - INFO - Visiting: http://www.drps.ed.ac.uk/24-25/dpt/cxnust11106.htm
2024-11-14 23:02:29,623 - INFO - 1 instances updated to ./data_container/24_11_14_21_57_33/24-25_cx_s_su796.htm.csv.
2024-11-14 23:02:29,672 - INFO - Visiting: http://www.drps.ed.ac.uk/24-25/dpt/cxnust11087.htm
2024-11-14 23:02:33,406 - INFO - 1 instances updated to ./data_container/24_11_14_21_57_33/24-25_cx_s_su796.htm.csv.
2024-11-14 23:02:33,434 - INFO - Visiting: http://www.drps.ed.ac.uk/24-25/dpt/cxnust11105.htm
2024-11-14 23:02:37,101 - INFO - 1 instances updated to ./data_container/24_11_14_21_57_33/24-25_cx_s_su796.htm.csv.
2024-11-14 23:02:37,130 - INFO - Visiting: http://www.drps.ed.ac.uk/24-25/dpt/cxnust11090.htm
2024-11-14 23:02:41,156 - INFO - 1 instances updated to ./data_container/24_11_14_21_57_33/24-25_cx_s_su796.htm.csv.
2024-11-14 23:02:41,184 - INFO - Visiting: http://www.drps.ed.ac.uk/24-25/dpt/cxnust11093.htm
2024-11-14 23:02:44,914 - INFO - 1 instances updated to ./data_container/24_11_14_21_57_33/24-25_cx_s_su796.htm.csv.
2024-11-14 23:02:44,930 - INFO - Visiting: http://www.drps.ed.ac.uk/24-25/dpt/cxnust11109.htm
2024-11-14 23:02:48,722 - INFO - 1 instances updated to ./data_container/24_11_14_21_57_33/24-25_cx_s_su796.htm.csv.
2024-11-14 23:02:48,746 - INFO - Visiting: http://www.drps.ed.ac.uk/24-25/dpt/cxnust11123.htm
2024-11-14 23:02:52,436 - INFO - 1 instances updated to ./data_container/24_11_14_21_57_33/24-25_cx_s_su796.htm.csv.
2024-11-14 23:02:52,454 - INFO - Visiting: http://www.drps.ed.ac.uk/24-25/dpt/cxnust11115.htm
2024-11-14 23:02:56,645 - INFO - 1 instances updated to ./data_container/24_11_14_21_57_33/24-25_cx_s_su796.htm.csv.
2024-11-14 23:02:56,773 - INFO - Visiting: http://www.drps.ed.ac.uk/24-25/dpt/cxnust11046.htm
2024-11-14 23:03:01,127 - INFO - 1 instances updated to ./data_container/24_11_14_21_57_33/24-25_cx_s_su796.htm.csv.
2024-11-14 23:03:01,180 - INFO - Visiting: http://www.drps.ed.ac.uk/24-25/dpt/cxnust11101.htm
2024-11-14 23:03:05,146 - INFO - 1 instances updated to ./data_container/24_11_14_21_57_33/24-25_cx_s_su796.htm.csv.
2024-11-14 23:03:05,188 - INFO - Visiting: http://www.drps.ed.ac.uk/24-25/dpt/cxnust11126.htm
2024-11-14 23:03:09,128 - INFO - 1 instances updated to ./data_container/24_11_14_21_57_33/24-25_cx_s_su796.htm.csv.
2024-11-14 23:03:09,154 - INFO - Visiting: http://www.drps.ed.ac.uk/24-25/dpt/cxnust11103.htm
2024-11-14 23:03:13,408 - INFO - 1 instances updated to ./data_container/24_11_14_21_57_33/24-25_cx_s_su796.htm.csv.
2024-11-14 23:03:13,437 - INFO - Visiting: http://www.drps.ed.ac.uk/24-25/dpt/cxnust11100.htm
2024-11-14 23:03:17,150 - INFO - 1 instances updated to ./data_container/24_11_14_21_57_33/24-25_cx_s_su796.htm.csv.
2024-11-14 23:03:17,179 - INFO - Visiting: http://www.drps.ed.ac.uk/24-25/dpt/cxnust11119.htm
2024-11-14 23:03:20,965 - INFO - 1 instances updated to ./data_container/24_11_14_21_57_33/24-25_cx_s_su796.htm.csv.
2024-11-14 23:03:21,003 - INFO - Visiting: http://www.drps.ed.ac.uk/24-25/dpt/cxnust11081.htm
2024-11-14 23:03:24,921 - INFO - 1 instances updated to ./data_container/24_11_14_21_57_33/24-25_cx_s_su796.htm.csv.
2024-11-14 23:03:24,949 - INFO - Visiting: http://www.drps.ed.ac.uk/24-25/dpt/cxnust11097.htm
2024-11-14 23:03:29,056 - INFO - 1 instances updated to ./data_container/24_11_14_21_57_33/24-25_cx_s_su796.htm.csv.
2024-11-14 23:03:29,087 - INFO - Visiting: http://www.drps.ed.ac.uk/24-25/dpt/cxnust11104.htm
2024-11-14 23:03:36,226 - INFO - 1 instances updated to ./data_container/24_11_14_21_57_33/24-25_cx_s_su796.htm.csv.
2024-11-14 23:03:36,314 - INFO - Visiting: http://www.drps.ed.ac.uk/24-25/dpt/cxnust11130.htm
2024-11-14 23:03:40,474 - INFO - 1 instances updated to ./data_container/24_11_14_21_57_33/24-25_cx_s_su796.htm.csv.
2024-11-14 23:03:40,506 - INFO - Visiting: http://www.drps.ed.ac.uk/24-25/dpt/cxnust11114.htm
2024-11-14 23:03:44,481 - INFO - 1 instances updated to ./data_container/24_11_14_21_57_33/24-25_cx_s_su796.htm.csv.
2024-11-14 23:03:44,532 - INFO - Visiting: http://www.drps.ed.ac.uk/24-25/dpt/cxnust11083.htm
2024-11-14 23:03:48,571 - INFO - 1 instances updated to ./data_container/24_11_14_21_57_33/24-25_cx_s_su796.htm.csv.
2024-11-14 23:03:48,601 - INFO - Visiting: http://www.drps.ed.ac.uk/24-25/dpt/cxnust11120.htm
2024-11-14 23:03:53,119 - INFO - 1 instances updated to ./data_container/24_11_14_21_57_33/24-25_cx_s_su796.htm.csv.
2024-11-14 23:03:53,147 - INFO - Visiting: http://www.drps.ed.ac.uk/24-25/dpt/cxnust11117.htm
2024-11-14 23:03:58,788 - INFO - 1 instances updated to ./data_container/24_11_14_21_57_33/24-25_cx_s_su796.htm.csv.
2024-11-14 23:03:58,818 - INFO - Visiting: http://www.drps.ed.ac.uk/24-25/dpt/cxnust11059.htm
2024-11-14 23:04:02,958 - INFO - 1 instances updated to ./data_container/24_11_14_21_57_33/24-25_cx_s_su796.htm.csv.
2024-11-14 23:04:02,989 - INFO - Visiting: http://www.drps.ed.ac.uk/24-25/dpt/cxnust11060.htm
2024-11-14 23:04:07,068 - INFO - 1 instances updated to ./data_container/24_11_14_21_57_33/24-25_cx_s_su796.htm.csv.
2024-11-14 23:04:07,097 - INFO - Visiting: http://www.drps.ed.ac.uk/24-25/dpt/cxnust11118.htm
2024-11-14 23:04:11,380 - INFO - 1 instances updated to ./data_container/24_11_14_21_57_33/24-25_cx_s_su796.htm.csv.
2024-11-14 23:04:11,392 - INFO - Visiting: http://www.drps.ed.ac.uk/24-25/dpt/cxnust11078.htm
2024-11-14 23:04:16,085 - INFO - 1 instances updated to ./data_container/24_11_14_21_57_33/24-25_cx_s_su796.htm.csv.
2024-11-14 23:04:16,103 - INFO - Visiting: http://www.drps.ed.ac.uk/24-25/dpt/cxnust11077.htm
2024-11-14 23:04:20,004 - INFO - 1 instances updated to ./data_container/24_11_14_21_57_33/24-25_cx_s_su796.htm.csv.
2024-11-14 23:04:20,023 - INFO - Visiting: http://www.drps.ed.ac.uk/24-25/dpt/cxnust11052.htm
2024-11-14 23:04:23,826 - INFO - 1 instances updated to ./data_container/24_11_14_21_57_33/24-25_cx_s_su796.htm.csv.
2024-11-14 23:04:23,858 - INFO - Visiting: http://www.drps.ed.ac.uk/24-25/dpt/cxnust11098.htm
2024-11-14 23:04:27,320 - INFO - 1 instances updated to ./data_container/24_11_14_21_57_33/24-25_cx_s_su796.htm.csv.
2024-11-14 23:04:27,350 - INFO - Visiting: http://www.drps.ed.ac.uk/24-25/dpt/cxnust11075.htm
2024-11-14 23:04:31,977 - INFO - 1 instances updated to ./data_container/24_11_14_21_57_33/24-25_cx_s_su796.htm.csv.
2024-11-14 23:04:31,989 - INFO - Visiting: http://www.drps.ed.ac.uk/24-25/dpt/cxnust11108.htm
2024-11-14 23:04:35,623 - INFO - 1 instances updated to ./data_container/24_11_14_21_57_33/24-25_cx_s_su796.htm.csv.
2024-11-14 23:04:35,651 - INFO - Visiting: http://www.drps.ed.ac.uk/24-25/dpt/cxnust11108.htm
2024-11-14 23:04:39,579 - INFO - 1 instances updated to ./data_container/24_11_14_21_57_33/24-25_cx_s_su796.htm.csv.
2024-11-14 23:04:39,608 - INFO - Visiting: http://www.drps.ed.ac.uk/24-25/dpt/cxnust11013.htm
2024-11-14 23:04:44,143 - INFO - 1 instances updated to ./data_container/24_11_14_21_57_33/24-25_cx_s_su796.htm.csv.
2024-11-14 23:04:44,182 - INFO - Visiting: http://www.drps.ed.ac.uk/24-25/dpt/cxnust11094.htm
2024-11-14 23:04:47,820 - INFO - 1 instances updated to ./data_container/24_11_14_21_57_33/24-25_cx_s_su796.htm.csv.
2024-11-14 23:04:47,849 - INFO - Visiting: http://www.drps.ed.ac.uk/24-25/dpt/cxnust11084.htm
2024-11-14 23:04:53,978 - INFO - 1 instances updated to ./data_container/24_11_14_21_57_33/24-25_cx_s_su796.htm.csv.
2024-11-14 23:04:53,978 - INFO - Mining for keywords Accessibility,Inclusive design,Disability rights,Adaptive tools is success.
2024-11-14 23:04:54,008 - INFO - Visiting: http://www.drps.ed.ac.uk/24-25/dpt/cx_sb_shss.htm
2024-11-14 23:04:54,043 - INFO - Visiting: http://www.drps.ed.ac.uk/24-25/dpt/cxshss08004.htm
2024-11-14 23:04:57,901 - INFO - 1 instances updated to ./data_container/24_11_14_21_57_33/24-25_cx_s_su796.htm.csv.
2024-11-14 23:04:57,926 - INFO - Visiting: http://www.drps.ed.ac.uk/24-25/dpt/cxshss08008.htm
2024-11-14 23:05:01,963 - INFO - 1 instances updated to ./data_container/24_11_14_21_57_33/24-25_cx_s_su796.htm.csv.
2024-11-14 23:05:01,975 - INFO - Visiting: http://www.drps.ed.ac.uk/24-25/dpt/cxshss08002.htm
2024-11-14 23:05:06,109 - INFO - 1 instances updated to ./data_container/24_11_14_21_57_33/24-25_cx_s_su796.htm.csv.
2024-11-14 23:05:06,135 - INFO - Visiting: http://www.drps.ed.ac.uk/24-25/dpt/cxshss08006.htm
2024-11-14 23:05:09,781 - INFO - 1 instances updated to ./data_container/24_11_14_21_57_33/24-25_cx_s_su796.htm.csv.
2024-11-14 23:05:09,793 - INFO - Visiting: http://www.drps.ed.ac.uk/24-25/dpt/cxshss08005.htm
2024-11-14 23:05:13,801 - INFO - 1 instances updated to ./data_container/24_11_14_21_57_33/24-25_cx_s_su796.htm.csv.
2024-11-14 23:05:13,823 - INFO - Visiting: http://www.drps.ed.ac.uk/24-25/dpt/cxshss08003.htm
2024-11-14 23:05:18,116 - INFO - 1 instances updated to ./data_container/24_11_14_21_57_33/24-25_cx_s_su796.htm.csv.
2024-11-14 23:05:18,150 - INFO - Visiting: http://www.drps.ed.ac.uk/24-25/dpt/cxshss08001.htm
2024-11-14 23:05:22,780 - INFO - 1 instances updated to ./data_container/24_11_14_21_57_33/24-25_cx_s_su796.htm.csv.
2024-11-14 23:05:22,808 - INFO - Visiting: http://www.drps.ed.ac.uk/24-25/dpt/cxshss08007.htm
2024-11-14 23:05:27,360 - INFO - 1 instances updated to ./data_container/24_11_14_21_57_33/24-25_cx_s_su796.htm.csv.
2024-11-14 23:05:27,377 - INFO - Visiting: http://www.drps.ed.ac.uk/24-25/dpt/cxshss10008.htm
2024-11-14 23:05:31,750 - INFO - 1 instances updated to ./data_container/24_11_14_21_57_33/24-25_cx_s_su796.htm.csv.
2024-11-14 23:05:31,774 - INFO - Visiting: http://www.drps.ed.ac.uk/24-25/dpt/cxshss10011.htm
2024-11-14 23:05:35,785 - INFO - 1 instances updated to ./data_container/24_11_14_21_57_33/24-25_cx_s_su796.htm.csv.
2024-11-14 23:05:35,820 - INFO - Visiting: http://www.drps.ed.ac.uk/24-25/dpt/cxshss10003.htm
2024-11-14 23:05:39,511 - INFO - 1 instances updated to ./data_container/24_11_14_21_57_33/24-25_cx_s_su796.htm.csv.
2024-11-14 23:05:39,536 - INFO - Visiting: http://www.drps.ed.ac.uk/24-25/dpt/cxshss10007.htm
2024-11-14 23:05:43,650 - INFO - 1 instances updated to ./data_container/24_11_14_21_57_33/24-25_cx_s_su796.htm.csv.
2024-11-14 23:05:43,675 - INFO - Visiting: http://www.drps.ed.ac.uk/24-25/dpt/cxshss10009.htm
2024-11-14 23:05:47,538 - INFO - 1 instances updated to ./data_container/24_11_14_21_57_33/24-25_cx_s_su796.htm.csv.
2024-11-14 23:05:47,565 - INFO - Visiting: http://www.drps.ed.ac.uk/24-25/dpt/cxshss10012.htm
2024-11-14 23:05:54,844 - INFO - 1 instances updated to ./data_container/24_11_14_21_57_33/24-25_cx_s_su796.htm.csv.
2024-11-14 23:05:54,873 - INFO - Visiting: http://www.drps.ed.ac.uk/24-25/dpt/cxshss10010.htm
2024-11-14 23:05:58,986 - INFO - 1 instances updated to ./data_container/24_11_14_21_57_33/24-25_cx_s_su796.htm.csv.
2024-11-14 23:05:59,015 - INFO - Visiting: http://www.drps.ed.ac.uk/24-25/dpt/cxshss10006.htm
2024-11-14 23:06:02,837 - INFO - 1 instances updated to ./data_container/24_11_14_21_57_33/24-25_cx_s_su796.htm.csv.
2024-11-14 23:06:02,865 - INFO - Visiting: http://www.drps.ed.ac.uk/24-25/dpt/cxshss10005.htm
2024-11-14 23:06:07,009 - INFO - 1 instances updated to ./data_container/24_11_14_21_57_33/24-25_cx_s_su796.htm.csv.
2024-11-14 23:06:07,044 - INFO - Visiting: http://www.drps.ed.ac.uk/24-25/dpt/cxshss10004.htm
2024-11-14 23:06:11,174 - INFO - 1 instances updated to ./data_container/24_11_14_21_57_33/24-25_cx_s_su796.htm.csv.
2024-11-14 23:06:11,205 - INFO - Visiting: http://www.drps.ed.ac.uk/24-25/dpt/cxshss10001.htm
2024-11-14 23:06:15,183 - INFO - 1 instances updated to ./data_container/24_11_14_21_57_33/24-25_cx_s_su796.htm.csv.
2024-11-14 23:06:15,207 - INFO - Visiting: http://www.drps.ed.ac.uk/24-25/dpt/cxshss10002.htm
2024-11-14 23:06:18,854 - INFO - 1 instances updated to ./data_container/24_11_14_21_57_33/24-25_cx_s_su796.htm.csv.
2024-11-14 23:06:18,881 - INFO - Visiting: http://www.drps.ed.ac.uk/24-25/dpt/cxshss11006.htm
2024-11-14 23:06:22,825 - INFO - 1 instances updated to ./data_container/24_11_14_21_57_33/24-25_cx_s_su796.htm.csv.
2024-11-14 23:06:22,851 - INFO - Visiting: http://www.drps.ed.ac.uk/24-25/dpt/cxshss11008.htm
2024-11-14 23:06:26,800 - INFO - 1 instances updated to ./data_container/24_11_14_21_57_33/24-25_cx_s_su796.htm.csv.
2024-11-14 23:06:26,820 - INFO - Visiting: http://www.drps.ed.ac.uk/24-25/dpt/cxshss11009.htm
2024-11-14 23:06:32,150 - INFO - 1 instances updated to ./data_container/24_11_14_21_57_33/24-25_cx_s_su796.htm.csv.
2024-11-14 23:06:32,168 - INFO - Visiting: http://www.drps.ed.ac.uk/24-25/dpt/cxshss11010.htm
2024-11-14 23:06:36,804 - INFO - 1 instances updated to ./data_container/24_11_14_21_57_33/24-25_cx_s_su796.htm.csv.
2024-11-14 23:06:36,834 - INFO - Visiting: http://www.drps.ed.ac.uk/24-25/dpt/cxshss11011.htm
2024-11-14 23:06:40,477 - INFO - 1 instances updated to ./data_container/24_11_14_21_57_33/24-25_cx_s_su796.htm.csv.
2024-11-14 23:06:40,508 - INFO - Visiting: http://www.drps.ed.ac.uk/24-25/dpt/cxshss11005.htm
2024-11-14 23:06:44,511 - INFO - 1 instances updated to ./data_container/24_11_14_21_57_33/24-25_cx_s_su796.htm.csv.
2024-11-14 23:06:44,536 - INFO - Visiting: http://www.drps.ed.ac.uk/24-25/dpt/cxshss11004.htm
2024-11-14 23:06:48,984 - INFO - 1 instances updated to ./data_container/24_11_14_21_57_33/24-25_cx_s_su796.htm.csv.
2024-11-14 23:06:49,009 - INFO - Visiting: http://www.drps.ed.ac.uk/24-25/dpt/cxshss11003.htm
2024-11-14 23:06:52,826 - INFO - 1 instances updated to ./data_container/24_11_14_21_57_33/24-25_cx_s_su796.htm.csv.
2024-11-14 23:06:52,837 - INFO - Visiting: http://www.drps.ed.ac.uk/24-25/dpt/cxshss11001.htm
2024-11-14 23:06:57,199 - INFO - 1 instances updated to ./data_container/24_11_14_21_57_33/24-25_cx_s_su796.htm.csv.
2024-11-14 23:06:57,228 - INFO - Visiting: http://www.drps.ed.ac.uk/24-25/dpt/cxshss11002.htm
2024-11-14 23:07:01,327 - INFO - 1 instances updated to ./data_container/24_11_14_21_57_33/24-25_cx_s_su796.htm.csv.
2024-11-14 23:07:01,328 - INFO - Mining for keywords Accessibility,Inclusive design,Disability rights,Adaptive tools is success.
