2024-11-27 19:20:50,754 - INFO - Logger configured. Record to mine sites relevant to keywords semantic space.
2024-11-27 19:20:50,754 - INFO - ./data_container/24_11_27_19_20_30/24-25_cx_s_su819.htm.csv created.
2024-11-27 19:20:50,771 - INFO - Visiting: http://www.drps.ed.ac.uk/24-25/dpt/cx_sb_edua.htm
2024-11-27 19:20:50,877 - INFO - Visiting: http://www.drps.ed.ac.uk/24-25/dpt/cxedua07002.htm
2024-11-27 19:20:50,899 - INFO - 1 instances updated to ./data_container/24_11_27_19_20_30/24-25_cx_s_su819.htm.csv.
2024-11-27 19:20:50,914 - INFO - Visiting: http://www.drps.ed.ac.uk/24-25/dpt/cxedua07007.htm
2024-11-27 19:20:50,935 - INFO - 1 instances updated to ./data_container/24_11_27_19_20_30/24-25_cx_s_su819.htm.csv.
2024-11-27 19:20:50,947 - INFO - Visiting: http://www.drps.ed.ac.uk/24-25/dpt/cxedua07004.htm
2024-11-27 19:20:50,964 - INFO - 1 instances updated to ./data_container/24_11_27_19_20_30/24-25_cx_s_su819.htm.csv.
2024-11-27 19:20:50,975 - INFO - Visiting: http://www.drps.ed.ac.uk/24-25/dpt/cxedua07005.htm
2024-11-27 19:20:50,994 - INFO - 1 instances updated to ./data_container/24_11_27_19_20_30/24-25_cx_s_su819.htm.csv.
2024-11-27 19:20:51,008 - INFO - Visiting: http://www.drps.ed.ac.uk/24-25/dpt/cxedua07008.htm
2024-11-27 19:20:51,028 - INFO - 1 instances updated to ./data_container/24_11_27_19_20_30/24-25_cx_s_su819.htm.csv.
2024-11-27 19:20:51,039 - INFO - Visiting: http://www.drps.ed.ac.uk/24-25/dpt/cxedua07009.htm
2024-11-27 19:20:51,052 - INFO - 1 instances updated to ./data_container/24_11_27_19_20_30/24-25_cx_s_su819.htm.csv.
2024-11-27 19:20:51,085 - INFO - Visiting: http://www.drps.ed.ac.uk/24-25/dpt/cxedua08045.htm
2024-11-27 19:20:51,106 - INFO - 1 instances updated to ./data_container/24_11_27_19_20_30/24-25_cx_s_su819.htm.csv.
2024-11-27 19:20:51,117 - INFO - Visiting: http://www.drps.ed.ac.uk/24-25/dpt/cxedua08090.htm
2024-11-27 19:20:51,187 - INFO - 1 instances updated to ./data_container/24_11_27_19_20_30/24-25_cx_s_su819.htm.csv.
2024-11-27 19:20:51,199 - INFO - Visiting: http://www.drps.ed.ac.uk/24-25/dpt/cxedua08091.htm
2024-11-27 19:20:51,214 - INFO - 1 instances updated to ./data_container/24_11_27_19_20_30/24-25_cx_s_su819.htm.csv.
2024-11-27 19:20:51,226 - INFO - Visiting: http://www.drps.ed.ac.uk/24-25/dpt/cxedua08093.htm
2024-11-27 19:20:51,249 - INFO - 1 instances updated to ./data_container/24_11_27_19_20_30/24-25_cx_s_su819.htm.csv.
2024-11-27 19:20:51,261 - INFO - Visiting: http://www.drps.ed.ac.uk/24-25/dpt/cxedua08092.htm
2024-11-27 19:20:51,278 - INFO - 1 instances updated to ./data_container/24_11_27_19_20_30/24-25_cx_s_su819.htm.csv.
2024-11-27 19:20:51,290 - INFO - Visiting: http://www.drps.ed.ac.uk/24-25/dpt/cxedua08063.htm
2024-11-27 19:20:51,308 - INFO - 1 instances updated to ./data_container/24_11_27_19_20_30/24-25_cx_s_su819.htm.csv.
2024-11-27 19:20:51,320 - INFO - Visiting: http://www.drps.ed.ac.uk/24-25/dpt/cxedua08122.htm
2024-11-27 19:20:51,342 - INFO - 1 instances updated to ./data_container/24_11_27_19_20_30/24-25_cx_s_su819.htm.csv.
2024-11-27 19:20:51,354 - INFO - Visiting: http://www.drps.ed.ac.uk/24-25/dpt/cxedua08124.htm
2024-11-27 19:20:51,369 - INFO - 1 instances updated to ./data_container/24_11_27_19_20_30/24-25_cx_s_su819.htm.csv.
2024-11-27 19:20:51,381 - INFO - Visiting: http://www.drps.ed.ac.uk/24-25/dpt/cxedua08070.htm
2024-11-27 19:20:51,400 - INFO - 1 instances updated to ./data_container/24_11_27_19_20_30/24-25_cx_s_su819.htm.csv.
2024-11-27 19:20:51,414 - INFO - Visiting: http://www.drps.ed.ac.uk/24-25/dpt/cxedua08123.htm
2024-11-27 19:20:51,433 - INFO - 1 instances updated to ./data_container/24_11_27_19_20_30/24-25_cx_s_su819.htm.csv.
2024-11-27 19:20:51,446 - INFO - Visiting: http://www.drps.ed.ac.uk/24-25/dpt/cxedua08105.htm
2024-11-27 19:20:51,461 - INFO - 1 instances updated to ./data_container/24_11_27_19_20_30/24-25_cx_s_su819.htm.csv.
2024-11-27 19:20:51,478 - INFO - Visiting: http://www.drps.ed.ac.uk/24-25/dpt/cxedua08100.htm
2024-11-27 19:20:51,500 - INFO - 1 instances updated to ./data_container/24_11_27_19_20_30/24-25_cx_s_su819.htm.csv.
2024-11-27 19:20:51,518 - INFO - Visiting: http://www.drps.ed.ac.uk/24-25/dpt/cxedua08099.htm
2024-11-27 19:20:51,545 - INFO - 1 instances updated to ./data_container/24_11_27_19_20_30/24-25_cx_s_su819.htm.csv.
2024-11-27 19:20:51,556 - INFO - Visiting: http://www.drps.ed.ac.uk/24-25/dpt/cxedua08098.htm
2024-11-27 19:20:51,572 - INFO - 1 instances updated to ./data_container/24_11_27_19_20_30/24-25_cx_s_su819.htm.csv.
2024-11-27 19:20:51,584 - INFO - Visiting: http://www.drps.ed.ac.uk/24-25/dpt/cxedua08117.htm
2024-11-27 19:20:51,604 - INFO - 1 instances updated to ./data_container/24_11_27_19_20_30/24-25_cx_s_su819.htm.csv.
2024-11-27 19:20:51,618 - INFO - Visiting: http://www.drps.ed.ac.uk/24-25/dpt/cxedua08118.htm
2024-11-27 19:20:51,640 - INFO - 1 instances updated to ./data_container/24_11_27_19_20_30/24-25_cx_s_su819.htm.csv.
2024-11-27 19:20:51,651 - INFO - Visiting: http://www.drps.ed.ac.uk/24-25/dpt/cxedua08125.htm
2024-11-27 19:20:51,669 - INFO - 1 instances updated to ./data_container/24_11_27_19_20_30/24-25_cx_s_su819.htm.csv.
2024-11-27 19:20:51,680 - INFO - Visiting: http://www.drps.ed.ac.uk/24-25/dpt/cxedua08096.htm
2024-11-27 19:20:51,699 - INFO - 1 instances updated to ./data_container/24_11_27_19_20_30/24-25_cx_s_su819.htm.csv.
2024-11-27 19:20:51,721 - INFO - Visiting: http://www.drps.ed.ac.uk/24-25/dpt/cxedua08114.htm
2024-11-27 19:20:51,742 - INFO - 1 instances updated to ./data_container/24_11_27_19_20_30/24-25_cx_s_su819.htm.csv.
2024-11-27 19:20:51,758 - INFO - Visiting: http://www.drps.ed.ac.uk/24-25/dpt/cxedua08120.htm
2024-11-27 19:20:51,785 - INFO - 1 instances updated to ./data_container/24_11_27_19_20_30/24-25_cx_s_su819.htm.csv.
2024-11-27 19:20:51,798 - INFO - Visiting: http://www.drps.ed.ac.uk/24-25/dpt/cxedua08119.htm
2024-11-27 19:20:51,815 - INFO - 1 instances updated to ./data_container/24_11_27_19_20_30/24-25_cx_s_su819.htm.csv.
2024-11-27 19:20:51,827 - INFO - Visiting: http://www.drps.ed.ac.uk/24-25/dpt/cxedua08107.htm
2024-11-27 19:20:51,849 - INFO - 1 instances updated to ./data_container/24_11_27_19_20_30/24-25_cx_s_su819.htm.csv.
2024-11-27 19:20:51,861 - INFO - Visiting: http://www.drps.ed.ac.uk/24-25/dpt/cxedua08104.htm
2024-11-27 19:20:51,882 - INFO - 1 instances updated to ./data_container/24_11_27_19_20_30/24-25_cx_s_su819.htm.csv.
2024-11-27 19:20:51,895 - INFO - Visiting: http://www.drps.ed.ac.uk/24-25/dpt/cxedua08097.htm
2024-11-27 19:20:51,915 - INFO - 1 instances updated to ./data_container/24_11_27_19_20_30/24-25_cx_s_su819.htm.csv.
2024-11-27 19:20:51,927 - INFO - Visiting: http://www.drps.ed.ac.uk/24-25/dpt/cxedua08106.htm
2024-11-27 19:20:51,950 - INFO - 1 instances updated to ./data_container/24_11_27_19_20_30/24-25_cx_s_su819.htm.csv.
2024-11-27 19:20:51,961 - INFO - Visiting: http://www.drps.ed.ac.uk/24-25/dpt/cxedua08111.htm
2024-11-27 19:20:51,981 - INFO - 1 instances updated to ./data_container/24_11_27_19_20_30/24-25_cx_s_su819.htm.csv.
2024-11-27 19:20:51,997 - INFO - Visiting: http://www.drps.ed.ac.uk/24-25/dpt/cxedua08121.htm
2024-11-27 19:20:52,019 - INFO - 1 instances updated to ./data_container/24_11_27_19_20_30/24-25_cx_s_su819.htm.csv.
2024-11-27 19:20:52,051 - INFO - Visiting: http://www.drps.ed.ac.uk/24-25/dpt/cxedua08108.htm
2024-11-27 19:20:52,076 - INFO - 1 instances updated to ./data_container/24_11_27_19_20_30/24-25_cx_s_su819.htm.csv.
2024-11-27 19:20:52,088 - INFO - Visiting: http://www.drps.ed.ac.uk/24-25/dpt/cxedua08113.htm
2024-11-27 19:20:52,114 - INFO - 1 instances updated to ./data_container/24_11_27_19_20_30/24-25_cx_s_su819.htm.csv.
2024-11-27 19:20:52,127 - INFO - Visiting: http://www.drps.ed.ac.uk/24-25/dpt/cxedua08112.htm
2024-11-27 19:20:52,147 - INFO - 1 instances updated to ./data_container/24_11_27_19_20_30/24-25_cx_s_su819.htm.csv.
2024-11-27 19:20:52,165 - INFO - Visiting: http://www.drps.ed.ac.uk/24-25/dpt/cxedua08116.htm
2024-11-27 19:20:52,193 - INFO - 1 instances updated to ./data_container/24_11_27_19_20_30/24-25_cx_s_su819.htm.csv.
2024-11-27 19:20:52,205 - INFO - Visiting: http://www.drps.ed.ac.uk/24-25/dpt/cxedua08103.htm
2024-11-27 19:20:52,224 - INFO - 1 instances updated to ./data_container/24_11_27_19_20_30/24-25_cx_s_su819.htm.csv.
2024-11-27 19:20:52,258 - INFO - Visiting: http://www.drps.ed.ac.uk/24-25/dpt/cxedua09003.htm
2024-11-27 19:20:52,286 - INFO - 1 instances updated to ./data_container/24_11_27_19_20_30/24-25_cx_s_su819.htm.csv.
2024-11-27 19:20:52,299 - INFO - Visiting: http://www.drps.ed.ac.uk/24-25/dpt/cxedua09004.htm
2024-11-27 19:20:52,327 - INFO - 1 instances updated to ./data_container/24_11_27_19_20_30/24-25_cx_s_su819.htm.csv.
2024-11-27 19:20:52,339 - INFO - Visiting: http://www.drps.ed.ac.uk/24-25/dpt/cxedua09005.htm
2024-11-27 19:20:52,362 - INFO - 1 instances updated to ./data_container/24_11_27_19_20_30/24-25_cx_s_su819.htm.csv.
2024-11-27 19:20:52,374 - INFO - Visiting: http://www.drps.ed.ac.uk/24-25/dpt/cxedua09006.htm
2024-11-27 19:20:52,399 - INFO - 1 instances updated to ./data_container/24_11_27_19_20_30/24-25_cx_s_su819.htm.csv.
2024-11-27 19:20:52,410 - INFO - Visiting: http://www.drps.ed.ac.uk/24-25/dpt/cxedua10082.htm
2024-11-27 19:20:52,430 - INFO - 1 instances updated to ./data_container/24_11_27_19_20_30/24-25_cx_s_su819.htm.csv.
2024-11-27 19:20:52,453 - INFO - Visiting: http://www.drps.ed.ac.uk/24-25/dpt/cxedua10120.htm
2024-11-27 19:20:52,479 - INFO - 1 instances updated to ./data_container/24_11_27_19_20_30/24-25_cx_s_su819.htm.csv.
2024-11-27 19:20:52,495 - INFO - Visiting: http://www.drps.ed.ac.uk/24-25/dpt/cxedua10209.htm
2024-11-27 19:20:52,516 - INFO - 1 instances updated to ./data_container/24_11_27_19_20_30/24-25_cx_s_su819.htm.csv.
2024-11-27 19:20:52,534 - INFO - Visiting: http://www.drps.ed.ac.uk/24-25/dpt/cxedua10156.htm
2024-11-27 19:20:52,561 - INFO - 1 instances updated to ./data_container/24_11_27_19_20_30/24-25_cx_s_su819.htm.csv.
2024-11-27 19:20:52,581 - INFO - Visiting: http://www.drps.ed.ac.uk/24-25/dpt/cxedua10157.htm
2024-11-27 19:20:52,607 - INFO - 1 instances updated to ./data_container/24_11_27_19_20_30/24-25_cx_s_su819.htm.csv.
2024-11-27 19:20:52,618 - INFO - Visiting: http://www.drps.ed.ac.uk/24-25/dpt/cxedua10052.htm
2024-11-27 19:20:52,694 - INFO - 1 instances updated to ./data_container/24_11_27_19_20_30/24-25_cx_s_su819.htm.csv.
2024-11-27 19:20:52,707 - INFO - Visiting: http://www.drps.ed.ac.uk/24-25/dpt/cxedua10204.htm
2024-11-27 19:20:52,735 - INFO - 1 instances updated to ./data_container/24_11_27_19_20_30/24-25_cx_s_su819.htm.csv.
2024-11-27 19:20:52,749 - INFO - Visiting: http://www.drps.ed.ac.uk/24-25/dpt/cxedua10150.htm
2024-11-27 19:20:52,777 - INFO - 1 instances updated to ./data_container/24_11_27_19_20_30/24-25_cx_s_su819.htm.csv.
2024-11-27 19:20:52,793 - INFO - Visiting: http://www.drps.ed.ac.uk/24-25/dpt/cxedua10126.htm
2024-11-27 19:20:52,812 - INFO - 1 instances updated to ./data_container/24_11_27_19_20_30/24-25_cx_s_su819.htm.csv.
2024-11-27 19:20:52,824 - INFO - Visiting: http://www.drps.ed.ac.uk/24-25/dpt/cxedua10124.htm
2024-11-27 19:20:52,846 - INFO - 1 instances updated to ./data_container/24_11_27_19_20_30/24-25_cx_s_su819.htm.csv.
2024-11-27 19:20:52,859 - INFO - Visiting: http://www.drps.ed.ac.uk/24-25/dpt/cxedua10118.htm
2024-11-27 19:20:52,886 - INFO - 1 instances updated to ./data_container/24_11_27_19_20_30/24-25_cx_s_su819.htm.csv.
2024-11-27 19:20:52,902 - INFO - Visiting: http://www.drps.ed.ac.uk/24-25/dpt/cxedua10123.htm
2024-11-27 19:20:52,980 - INFO - 1 instances updated to ./data_container/24_11_27_19_20_30/24-25_cx_s_su819.htm.csv.
2024-11-27 19:20:52,994 - INFO - Visiting: http://www.drps.ed.ac.uk/24-25/dpt/cxedua10125.htm
2024-11-27 19:20:53,021 - INFO - 1 instances updated to ./data_container/24_11_27_19_20_30/24-25_cx_s_su819.htm.csv.
2024-11-27 19:20:53,034 - INFO - Visiting: http://www.drps.ed.ac.uk/24-25/dpt/cxedua10121.htm
2024-11-27 19:20:53,060 - INFO - 1 instances updated to ./data_container/24_11_27_19_20_30/24-25_cx_s_su819.htm.csv.
2024-11-27 19:20:53,075 - INFO - Visiting: http://www.drps.ed.ac.uk/24-25/dpt/cxedua10210.htm
2024-11-27 19:20:53,101 - INFO - 1 instances updated to ./data_container/24_11_27_19_20_30/24-25_cx_s_su819.htm.csv.
2024-11-27 19:20:53,114 - INFO - Visiting: http://www.drps.ed.ac.uk/24-25/dpt/cxedua10206.htm
2024-11-27 19:20:53,141 - INFO - 1 instances updated to ./data_container/24_11_27_19_20_30/24-25_cx_s_su819.htm.csv.
2024-11-27 19:20:53,153 - INFO - Visiting: http://www.drps.ed.ac.uk/24-25/dpt/cxedua10167.htm
2024-11-27 19:20:53,179 - INFO - 1 instances updated to ./data_container/24_11_27_19_20_30/24-25_cx_s_su819.htm.csv.
2024-11-27 19:20:53,192 - INFO - Visiting: http://www.drps.ed.ac.uk/24-25/dpt/cxedua10187.htm
2024-11-27 19:20:53,222 - INFO - 1 instances updated to ./data_container/24_11_27_19_20_30/24-25_cx_s_su819.htm.csv.
2024-11-27 19:20:53,234 - INFO - Visiting: http://www.drps.ed.ac.uk/24-25/dpt/cxedua10193.htm
2024-11-27 19:20:53,260 - INFO - 1 instances updated to ./data_container/24_11_27_19_20_30/24-25_cx_s_su819.htm.csv.
2024-11-27 19:20:53,273 - INFO - Visiting: http://www.drps.ed.ac.uk/24-25/dpt/cxedua10172.htm
2024-11-27 19:20:53,298 - INFO - 1 instances updated to ./data_container/24_11_27_19_20_30/24-25_cx_s_su819.htm.csv.
2024-11-27 19:20:53,310 - INFO - Visiting: http://www.drps.ed.ac.uk/24-25/dpt/cxedua10093.htm
2024-11-27 19:20:53,333 - INFO - 1 instances updated to ./data_container/24_11_27_19_20_30/24-25_cx_s_su819.htm.csv.
2024-11-27 19:20:53,354 - INFO - Visiting: http://www.drps.ed.ac.uk/24-25/dpt/cxedua10208.htm
2024-11-27 19:20:53,384 - INFO - 1 instances updated to ./data_container/24_11_27_19_20_30/24-25_cx_s_su819.htm.csv.
2024-11-27 19:20:53,406 - INFO - Visiting: http://www.drps.ed.ac.uk/24-25/dpt/cxedua10207.htm
2024-11-27 19:20:53,435 - INFO - 1 instances updated to ./data_container/24_11_27_19_20_30/24-25_cx_s_su819.htm.csv.
2024-11-27 19:20:53,447 - INFO - Visiting: http://www.drps.ed.ac.uk/24-25/dpt/cxedua10211.htm
2024-11-27 19:20:53,475 - INFO - 1 instances updated to ./data_container/24_11_27_19_20_30/24-25_cx_s_su819.htm.csv.
2024-11-27 19:20:53,488 - INFO - Visiting: http://www.drps.ed.ac.uk/24-25/dpt/cxedua10212.htm
2024-11-27 19:20:53,517 - INFO - 1 instances updated to ./data_container/24_11_27_19_20_30/24-25_cx_s_su819.htm.csv.
2024-11-27 19:20:53,539 - INFO - Visiting: http://www.drps.ed.ac.uk/24-25/dpt/cxedua10154.htm
2024-11-27 19:20:53,570 - INFO - 1 instances updated to ./data_container/24_11_27_19_20_30/24-25_cx_s_su819.htm.csv.
2024-11-27 19:20:53,582 - INFO - Visiting: http://www.drps.ed.ac.uk/24-25/dpt/cxedua10203.htm
2024-11-27 19:20:53,601 - INFO - 1 instances updated to ./data_container/24_11_27_19_20_30/24-25_cx_s_su819.htm.csv.
2024-11-27 19:20:53,613 - INFO - Visiting: http://www.drps.ed.ac.uk/24-25/dpt/cxedua10035.htm
2024-11-27 19:20:53,637 - INFO - 1 instances updated to ./data_container/24_11_27_19_20_30/24-25_cx_s_su819.htm.csv.
2024-11-27 19:20:53,650 - INFO - Visiting: http://www.drps.ed.ac.uk/24-25/dpt/cxedua10142.htm
2024-11-27 19:20:53,679 - INFO - 1 instances updated to ./data_container/24_11_27_19_20_30/24-25_cx_s_su819.htm.csv.
2024-11-27 19:20:53,696 - INFO - Visiting: http://www.drps.ed.ac.uk/24-25/dpt/cxedua10163.htm
2024-11-27 19:20:53,725 - INFO - 1 instances updated to ./data_container/24_11_27_19_20_30/24-25_cx_s_su819.htm.csv.
2024-11-27 19:20:53,737 - INFO - Visiting: http://www.drps.ed.ac.uk/24-25/dpt/cxedua10162.htm
2024-11-27 19:20:53,761 - INFO - 1 instances updated to ./data_container/24_11_27_19_20_30/24-25_cx_s_su819.htm.csv.
2024-11-27 19:20:53,773 - INFO - Visiting: http://www.drps.ed.ac.uk/24-25/dpt/cxedua10164.htm
2024-11-27 19:20:53,800 - INFO - 1 instances updated to ./data_container/24_11_27_19_20_30/24-25_cx_s_su819.htm.csv.
2024-11-27 19:20:53,814 - INFO - Visiting: http://www.drps.ed.ac.uk/24-25/dpt/cxedua10214.htm
2024-11-27 19:20:53,842 - INFO - 1 instances updated to ./data_container/24_11_27_19_20_30/24-25_cx_s_su819.htm.csv.
2024-11-27 19:20:53,854 - INFO - Visiting: http://www.drps.ed.ac.uk/24-25/dpt/cxedua10178.htm
2024-11-27 19:20:53,878 - INFO - 1 instances updated to ./data_container/24_11_27_19_20_30/24-25_cx_s_su819.htm.csv.
2024-11-27 19:20:53,889 - INFO - Visiting: http://www.drps.ed.ac.uk/24-25/dpt/cxedua10175.htm
2024-11-27 19:20:53,912 - INFO - 1 instances updated to ./data_container/24_11_27_19_20_30/24-25_cx_s_su819.htm.csv.
2024-11-27 19:20:53,924 - INFO - Visiting: http://www.drps.ed.ac.uk/24-25/dpt/cxedua10180.htm
2024-11-27 19:20:53,947 - INFO - 1 instances updated to ./data_container/24_11_27_19_20_30/24-25_cx_s_su819.htm.csv.
2024-11-27 19:20:53,964 - INFO - Visiting: http://www.drps.ed.ac.uk/24-25/dpt/cxedua10177.htm
2024-11-27 19:20:53,994 - INFO - 1 instances updated to ./data_container/24_11_27_19_20_30/24-25_cx_s_su819.htm.csv.
2024-11-27 19:20:54,009 - INFO - Visiting: http://www.drps.ed.ac.uk/24-25/dpt/cxedua10117.htm
2024-11-27 19:20:54,030 - INFO - 1 instances updated to ./data_container/24_11_27_19_20_30/24-25_cx_s_su819.htm.csv.
2024-11-27 19:20:54,047 - INFO - Visiting: http://www.drps.ed.ac.uk/24-25/dpt/cxedua10168.htm
2024-11-27 19:20:54,078 - INFO - 1 instances updated to ./data_container/24_11_27_19_20_30/24-25_cx_s_su819.htm.csv.
2024-11-27 19:20:54,096 - INFO - Visiting: http://www.drps.ed.ac.uk/24-25/dpt/cxedua10189.htm
2024-11-27 19:20:54,127 - INFO - 1 instances updated to ./data_container/24_11_27_19_20_30/24-25_cx_s_su819.htm.csv.
2024-11-27 19:20:54,139 - INFO - Visiting: http://www.drps.ed.ac.uk/24-25/dpt/cxedua10194.htm
2024-11-27 19:20:54,159 - INFO - 1 instances updated to ./data_container/24_11_27_19_20_30/24-25_cx_s_su819.htm.csv.
2024-11-27 19:20:54,171 - INFO - Visiting: http://www.drps.ed.ac.uk/24-25/dpt/cxedua10152.htm
2024-11-27 19:20:54,193 - INFO - 1 instances updated to ./data_container/24_11_27_19_20_30/24-25_cx_s_su819.htm.csv.
2024-11-27 19:20:54,206 - INFO - Visiting: http://www.drps.ed.ac.uk/24-25/dpt/cxedua10179.htm
2024-11-27 19:20:54,230 - INFO - 1 instances updated to ./data_container/24_11_27_19_20_30/24-25_cx_s_su819.htm.csv.
2024-11-27 19:20:54,246 - INFO - Visiting: http://www.drps.ed.ac.uk/24-25/dpt/cxedua10176.htm
2024-11-27 19:20:54,277 - INFO - 1 instances updated to ./data_container/24_11_27_19_20_30/24-25_cx_s_su819.htm.csv.
2024-11-27 19:20:54,290 - INFO - Visiting: http://www.drps.ed.ac.uk/24-25/dpt/cxedua10202.htm
2024-11-27 19:20:54,312 - INFO - 1 instances updated to ./data_container/24_11_27_19_20_30/24-25_cx_s_su819.htm.csv.
2024-11-27 19:20:54,324 - INFO - Visiting: http://www.drps.ed.ac.uk/24-25/dpt/cxedua10169.htm
2024-11-27 19:20:54,349 - INFO - 1 instances updated to ./data_container/24_11_27_19_20_30/24-25_cx_s_su819.htm.csv.
2024-11-27 19:20:54,362 - INFO - Visiting: http://www.drps.ed.ac.uk/24-25/dpt/cxedua10186.htm
2024-11-27 19:20:54,385 - INFO - 1 instances updated to ./data_container/24_11_27_19_20_30/24-25_cx_s_su819.htm.csv.
2024-11-27 19:20:54,396 - INFO - Visiting: http://www.drps.ed.ac.uk/24-25/dpt/cxedua10216.htm
2024-11-27 19:20:54,475 - INFO - 1 instances updated to ./data_container/24_11_27_19_20_30/24-25_cx_s_su819.htm.csv.
2024-11-27 19:20:54,487 - INFO - Visiting: http://www.drps.ed.ac.uk/24-25/dpt/cxedua10213.htm
2024-11-27 19:20:54,512 - INFO - 1 instances updated to ./data_container/24_11_27_19_20_30/24-25_cx_s_su819.htm.csv.
2024-11-27 19:20:54,525 - INFO - Visiting: http://www.drps.ed.ac.uk/24-25/dpt/cxedua10200.htm
2024-11-27 19:20:54,550 - INFO - 1 instances updated to ./data_container/24_11_27_19_20_30/24-25_cx_s_su819.htm.csv.
2024-11-27 19:20:54,562 - INFO - Visiting: http://www.drps.ed.ac.uk/24-25/dpt/cxedua10217.htm
2024-11-27 19:20:54,586 - INFO - 1 instances updated to ./data_container/24_11_27_19_20_30/24-25_cx_s_su819.htm.csv.
2024-11-27 19:20:54,598 - INFO - Visiting: http://www.drps.ed.ac.uk/24-25/dpt/cxedua10143.htm
2024-11-27 19:20:54,624 - INFO - 1 instances updated to ./data_container/24_11_27_19_20_30/24-25_cx_s_su819.htm.csv.
2024-11-27 19:20:54,636 - INFO - Visiting: http://www.drps.ed.ac.uk/24-25/dpt/cxedua10215.htm
2024-11-27 19:20:54,663 - INFO - 1 instances updated to ./data_container/24_11_27_19_20_30/24-25_cx_s_su819.htm.csv.
2024-11-27 19:20:54,676 - INFO - Visiting: http://www.drps.ed.ac.uk/24-25/dpt/cxedua10159.htm
2024-11-27 19:20:54,697 - INFO - 1 instances updated to ./data_container/24_11_27_19_20_30/24-25_cx_s_su819.htm.csv.
2024-11-27 19:20:54,719 - INFO - Visiting: http://www.drps.ed.ac.uk/24-25/dpt/cxedua10160.htm
2024-11-27 19:20:54,750 - INFO - 1 instances updated to ./data_container/24_11_27_19_20_30/24-25_cx_s_su819.htm.csv.
2024-11-27 19:20:54,764 - INFO - Visiting: http://www.drps.ed.ac.uk/24-25/dpt/cxedua10161.htm
2024-11-27 19:20:54,797 - INFO - 1 instances updated to ./data_container/24_11_27_19_20_30/24-25_cx_s_su819.htm.csv.
2024-11-27 19:20:54,810 - INFO - Visiting: http://www.drps.ed.ac.uk/24-25/dpt/cxedua10198.htm
2024-11-27 19:20:54,843 - INFO - 1 instances updated to ./data_container/24_11_27_19_20_30/24-25_cx_s_su819.htm.csv.
2024-11-27 19:20:54,856 - INFO - Visiting: http://www.drps.ed.ac.uk/24-25/dpt/cxedua10205.htm
2024-11-27 19:20:54,888 - INFO - 1 instances updated to ./data_container/24_11_27_19_20_30/24-25_cx_s_su819.htm.csv.
2024-11-27 19:20:54,900 - INFO - Visiting: http://www.drps.ed.ac.uk/24-25/dpt/cxedua10122.htm
2024-11-27 19:20:54,927 - INFO - 1 instances updated to ./data_container/24_11_27_19_20_30/24-25_cx_s_su819.htm.csv.
2024-11-27 19:20:54,938 - INFO - Visiting: http://www.drps.ed.ac.uk/24-25/dpt/cxedua10182.htm
2024-11-27 19:20:54,960 - INFO - 1 instances updated to ./data_container/24_11_27_19_20_30/24-25_cx_s_su819.htm.csv.
2024-11-27 19:20:54,979 - INFO - Visiting: http://www.drps.ed.ac.uk/24-25/dpt/cxedua11395.htm
2024-11-27 19:20:55,011 - INFO - 1 instances updated to ./data_container/24_11_27_19_20_30/24-25_cx_s_su819.htm.csv.
2024-11-27 19:20:55,023 - INFO - Visiting: http://www.drps.ed.ac.uk/24-25/dpt/cxedua11393.htm
2024-11-27 19:20:55,049 - INFO - 1 instances updated to ./data_container/24_11_27_19_20_30/24-25_cx_s_su819.htm.csv.
2024-11-27 19:20:55,061 - INFO - Visiting: http://www.drps.ed.ac.uk/24-25/dpt/cxedua11222.htm
2024-11-27 19:20:55,113 - INFO - 1 instances updated to ./data_container/24_11_27_19_20_30/24-25_cx_s_su819.htm.csv.
2024-11-27 19:20:55,127 - INFO - Visiting: http://www.drps.ed.ac.uk/24-25/dpt/cxedua11245.htm
2024-11-27 19:20:55,156 - INFO - 1 instances updated to ./data_container/24_11_27_19_20_30/24-25_cx_s_su819.htm.csv.
2024-11-27 19:20:55,168 - INFO - Visiting: http://www.drps.ed.ac.uk/24-25/dpt/cxedua11371.htm
2024-11-27 19:20:55,195 - INFO - 1 instances updated to ./data_container/24_11_27_19_20_30/24-25_cx_s_su819.htm.csv.
2024-11-27 19:20:55,206 - INFO - Visiting: http://www.drps.ed.ac.uk/24-25/dpt/cxedua11370.htm
2024-11-27 19:20:55,230 - INFO - 1 instances updated to ./data_container/24_11_27_19_20_30/24-25_cx_s_su819.htm.csv.
2024-11-27 19:20:55,249 - INFO - Visiting: http://www.drps.ed.ac.uk/24-25/dpt/cxedua11420.htm
2024-11-27 19:20:55,283 - INFO - 1 instances updated to ./data_container/24_11_27_19_20_30/24-25_cx_s_su819.htm.csv.
2024-11-27 19:20:55,295 - INFO - Visiting: http://www.drps.ed.ac.uk/24-25/dpt/cxedua11319.htm
2024-11-27 19:20:55,325 - INFO - 1 instances updated to ./data_container/24_11_27_19_20_30/24-25_cx_s_su819.htm.csv.
2024-11-27 19:20:55,336 - INFO - Visiting: http://www.drps.ed.ac.uk/24-25/dpt/cxedua11238.htm
2024-11-27 19:20:55,360 - INFO - 1 instances updated to ./data_container/24_11_27_19_20_30/24-25_cx_s_su819.htm.csv.
2024-11-27 19:20:55,372 - INFO - Visiting: http://www.drps.ed.ac.uk/24-25/dpt/cxedua11433.htm
2024-11-27 19:20:55,406 - INFO - 1 instances updated to ./data_container/24_11_27_19_20_30/24-25_cx_s_su819.htm.csv.
2024-11-27 19:20:55,418 - INFO - Visiting: http://www.drps.ed.ac.uk/24-25/dpt/cxedua11405.htm
2024-11-27 19:20:55,449 - INFO - 1 instances updated to ./data_container/24_11_27_19_20_30/24-25_cx_s_su819.htm.csv.
2024-11-27 19:20:55,475 - INFO - Visiting: http://www.drps.ed.ac.uk/24-25/dpt/cxedua11430.htm
2024-11-27 19:20:55,507 - INFO - 1 instances updated to ./data_container/24_11_27_19_20_30/24-25_cx_s_su819.htm.csv.
2024-11-27 19:20:55,519 - INFO - Visiting: http://www.drps.ed.ac.uk/24-25/dpt/cxedua11454.htm
2024-11-27 19:20:55,548 - INFO - 1 instances updated to ./data_container/24_11_27_19_20_30/24-25_cx_s_su819.htm.csv.
2024-11-27 19:20:55,560 - INFO - Visiting: http://www.drps.ed.ac.uk/24-25/dpt/cxedua11412.htm
2024-11-27 19:20:55,590 - INFO - 1 instances updated to ./data_container/24_11_27_19_20_30/24-25_cx_s_su819.htm.csv.
2024-11-27 19:20:55,602 - INFO - Visiting: http://www.drps.ed.ac.uk/24-25/dpt/cxedua11396.htm
2024-11-27 19:20:55,630 - INFO - 1 instances updated to ./data_container/24_11_27_19_20_30/24-25_cx_s_su819.htm.csv.
2024-11-27 19:20:55,655 - INFO - Visiting: http://www.drps.ed.ac.uk/24-25/dpt/cxedua11397.htm
2024-11-27 19:20:55,689 - INFO - 1 instances updated to ./data_container/24_11_27_19_20_30/24-25_cx_s_su819.htm.csv.
2024-11-27 19:20:55,707 - INFO - Visiting: http://www.drps.ed.ac.uk/24-25/dpt/cxedua11432.htm
2024-11-27 19:20:55,741 - INFO - 1 instances updated to ./data_container/24_11_27_19_20_30/24-25_cx_s_su819.htm.csv.
2024-11-27 19:20:55,757 - INFO - Visiting: http://www.drps.ed.ac.uk/24-25/dpt/cxedua11341.htm
2024-11-27 19:20:55,790 - INFO - 1 instances updated to ./data_container/24_11_27_19_20_30/24-25_cx_s_su819.htm.csv.
2024-11-27 19:20:55,802 - INFO - Visiting: http://www.drps.ed.ac.uk/24-25/dpt/cxedua11034.htm
2024-11-27 19:20:55,834 - INFO - 1 instances updated to ./data_container/24_11_27_19_20_30/24-25_cx_s_su819.htm.csv.
2024-11-27 19:20:55,847 - INFO - Visiting: http://www.drps.ed.ac.uk/24-25/dpt/cxedua11426.htm
2024-11-27 19:20:55,878 - INFO - 1 instances updated to ./data_container/24_11_27_19_20_30/24-25_cx_s_su819.htm.csv.
2024-11-27 19:20:55,892 - INFO - Visiting: http://www.drps.ed.ac.uk/24-25/dpt/cxedua11337.htm
2024-11-27 19:20:55,927 - INFO - 1 instances updated to ./data_container/24_11_27_19_20_30/24-25_cx_s_su819.htm.csv.
2024-11-27 19:20:55,939 - INFO - Visiting: http://www.drps.ed.ac.uk/24-25/dpt/cxedua11374.htm
2024-11-27 19:20:55,966 - INFO - 1 instances updated to ./data_container/24_11_27_19_20_30/24-25_cx_s_su819.htm.csv.
2024-11-27 19:20:55,977 - INFO - Visiting: http://www.drps.ed.ac.uk/24-25/dpt/cxedua11372.htm
2024-11-27 19:20:56,007 - INFO - 1 instances updated to ./data_container/24_11_27_19_20_30/24-25_cx_s_su819.htm.csv.
2024-11-27 19:20:56,018 - INFO - Visiting: http://www.drps.ed.ac.uk/24-25/dpt/cxedua11310.htm
2024-11-27 19:20:56,046 - INFO - 1 instances updated to ./data_container/24_11_27_19_20_30/24-25_cx_s_su819.htm.csv.
2024-11-27 19:20:56,057 - INFO - Visiting: http://www.drps.ed.ac.uk/24-25/dpt/cxedua11455.htm
2024-11-27 19:20:56,085 - INFO - 1 instances updated to ./data_container/24_11_27_19_20_30/24-25_cx_s_su819.htm.csv.
2024-11-27 19:20:56,096 - INFO - Visiting: http://www.drps.ed.ac.uk/24-25/dpt/cxedua11431.htm
2024-11-27 19:20:56,120 - INFO - 1 instances updated to ./data_container/24_11_27_19_20_30/24-25_cx_s_su819.htm.csv.
2024-11-27 19:20:56,132 - INFO - Visiting: http://www.drps.ed.ac.uk/24-25/dpt/cxedua11249.htm
2024-11-27 19:20:56,162 - INFO - 1 instances updated to ./data_container/24_11_27_19_20_30/24-25_cx_s_su819.htm.csv.
2024-11-27 19:20:56,174 - INFO - Visiting: http://www.drps.ed.ac.uk/24-25/dpt/cxedua11325.htm
2024-11-27 19:20:56,202 - INFO - 1 instances updated to ./data_container/24_11_27_19_20_30/24-25_cx_s_su819.htm.csv.
2024-11-27 19:20:56,214 - INFO - Visiting: http://www.drps.ed.ac.uk/24-25/dpt/cxedua11358.htm
2024-11-27 19:20:56,250 - INFO - 1 instances updated to ./data_container/24_11_27_19_20_30/24-25_cx_s_su819.htm.csv.
2024-11-27 19:20:56,266 - INFO - Visiting: http://www.drps.ed.ac.uk/24-25/dpt/cxedua11336.htm
2024-11-27 19:20:56,304 - INFO - 1 instances updated to ./data_container/24_11_27_19_20_30/24-25_cx_s_su819.htm.csv.
2024-11-27 19:20:56,315 - INFO - Visiting: http://www.drps.ed.ac.uk/24-25/dpt/cxedua11174.htm
2024-11-27 19:20:56,398 - INFO - 1 instances updated to ./data_container/24_11_27_19_20_30/24-25_cx_s_su819.htm.csv.
2024-11-27 19:20:56,409 - INFO - Visiting: http://www.drps.ed.ac.uk/24-25/dpt/cxedua11364.htm
2024-11-27 19:20:56,435 - INFO - 1 instances updated to ./data_container/24_11_27_19_20_30/24-25_cx_s_su819.htm.csv.
2024-11-27 19:20:56,447 - INFO - Visiting: http://www.drps.ed.ac.uk/24-25/dpt/cxedua11053.htm
2024-11-27 19:20:56,483 - INFO - 1 instances updated to ./data_container/24_11_27_19_20_30/24-25_cx_s_su819.htm.csv.
2024-11-27 19:20:56,500 - INFO - Visiting: http://www.drps.ed.ac.uk/24-25/dpt/cxedua11296.htm
2024-11-27 19:20:56,531 - INFO - 1 instances updated to ./data_container/24_11_27_19_20_30/24-25_cx_s_su819.htm.csv.
2024-11-27 19:20:56,577 - INFO - Visiting: http://www.drps.ed.ac.uk/24-25/dpt/cxedua11223.htm
2024-11-27 19:20:56,615 - INFO - 1 instances updated to ./data_container/24_11_27_19_20_30/24-25_cx_s_su819.htm.csv.
2024-11-27 19:20:56,630 - INFO - Visiting: http://www.drps.ed.ac.uk/24-25/dpt/cxedua11224.htm
2024-11-27 19:20:56,682 - INFO - 1 instances updated to ./data_container/24_11_27_19_20_30/24-25_cx_s_su819.htm.csv.
2024-11-27 19:20:56,694 - INFO - Visiting: http://www.drps.ed.ac.uk/24-25/dpt/cxedua11323.htm
2024-11-27 19:20:56,726 - INFO - 1 instances updated to ./data_container/24_11_27_19_20_30/24-25_cx_s_su819.htm.csv.
2024-11-27 19:20:56,739 - INFO - Visiting: http://www.drps.ed.ac.uk/24-25/dpt/cxedua11444.htm
2024-11-27 19:20:56,772 - INFO - 1 instances updated to ./data_container/24_11_27_19_20_30/24-25_cx_s_su819.htm.csv.
2024-11-27 19:20:56,784 - INFO - Visiting: http://www.drps.ed.ac.uk/24-25/dpt/cxedua11444.htm
2024-11-27 19:20:56,816 - INFO - 1 instances updated to ./data_container/24_11_27_19_20_30/24-25_cx_s_su819.htm.csv.
2024-11-27 19:20:56,828 - INFO - Visiting: http://www.drps.ed.ac.uk/24-25/dpt/cxedua11417.htm
2024-11-27 19:20:56,854 - INFO - 1 instances updated to ./data_container/24_11_27_19_20_30/24-25_cx_s_su819.htm.csv.
2024-11-27 19:20:56,865 - INFO - Visiting: http://www.drps.ed.ac.uk/24-25/dpt/cxedua11440.htm
2024-11-27 19:20:56,894 - INFO - 1 instances updated to ./data_container/24_11_27_19_20_30/24-25_cx_s_su819.htm.csv.
2024-11-27 19:20:56,908 - INFO - Visiting: http://www.drps.ed.ac.uk/24-25/dpt/cxedua11309.htm
2024-11-27 19:20:56,946 - INFO - 1 instances updated to ./data_container/24_11_27_19_20_30/24-25_cx_s_su819.htm.csv.
2024-11-27 19:20:56,958 - INFO - Visiting: http://www.drps.ed.ac.uk/24-25/dpt/cxedua11292.htm
2024-11-27 19:20:56,988 - INFO - 1 instances updated to ./data_container/24_11_27_19_20_30/24-25_cx_s_su819.htm.csv.
2024-11-27 19:20:57,000 - INFO - Visiting: http://www.drps.ed.ac.uk/24-25/dpt/cxedua11291.htm
2024-11-27 19:20:57,037 - INFO - 1 instances updated to ./data_container/24_11_27_19_20_30/24-25_cx_s_su819.htm.csv.
2024-11-27 19:20:57,055 - INFO - Visiting: http://www.drps.ed.ac.uk/24-25/dpt/cxedua11293.htm
2024-11-27 19:20:57,095 - INFO - 1 instances updated to ./data_container/24_11_27_19_20_30/24-25_cx_s_su819.htm.csv.
2024-11-27 19:20:57,106 - INFO - Visiting: http://www.drps.ed.ac.uk/24-25/dpt/cxedua11209.htm
2024-11-27 19:20:57,138 - INFO - 1 instances updated to ./data_container/24_11_27_19_20_30/24-25_cx_s_su819.htm.csv.
2024-11-27 19:20:57,154 - INFO - Visiting: http://www.drps.ed.ac.uk/24-25/dpt/cxedua11239.htm
2024-11-27 19:20:57,184 - INFO - 1 instances updated to ./data_container/24_11_27_19_20_30/24-25_cx_s_su819.htm.csv.
2024-11-27 19:20:57,208 - INFO - Visiting: http://www.drps.ed.ac.uk/24-25/dpt/cxedua11451.htm
2024-11-27 19:20:57,247 - INFO - 1 instances updated to ./data_container/24_11_27_19_20_30/24-25_cx_s_su819.htm.csv.
2024-11-27 19:20:57,258 - INFO - Visiting: http://www.drps.ed.ac.uk/24-25/dpt/cxedua11386.htm
2024-11-27 19:20:57,290 - INFO - 1 instances updated to ./data_container/24_11_27_19_20_30/24-25_cx_s_su819.htm.csv.
2024-11-27 19:20:57,307 - INFO - Visiting: http://www.drps.ed.ac.uk/24-25/dpt/cxedua11375.htm
2024-11-27 19:20:57,337 - INFO - 1 instances updated to ./data_container/24_11_27_19_20_30/24-25_cx_s_su819.htm.csv.
2024-11-27 19:20:57,349 - INFO - Visiting: http://www.drps.ed.ac.uk/24-25/dpt/cxedua11384.htm
2024-11-27 19:20:57,389 - INFO - 1 instances updated to ./data_container/24_11_27_19_20_30/24-25_cx_s_su819.htm.csv.
2024-11-27 19:20:57,401 - INFO - Visiting: http://www.drps.ed.ac.uk/24-25/dpt/cxedua11352.htm
2024-11-27 19:20:57,432 - INFO - 1 instances updated to ./data_container/24_11_27_19_20_30/24-25_cx_s_su819.htm.csv.
2024-11-27 19:20:57,447 - INFO - Visiting: http://www.drps.ed.ac.uk/24-25/dpt/cxedua11345.htm
2024-11-27 19:20:57,477 - INFO - 1 instances updated to ./data_container/24_11_27_19_20_30/24-25_cx_s_su819.htm.csv.
2024-11-27 19:20:57,489 - INFO - Visiting: http://www.drps.ed.ac.uk/24-25/dpt/cxedua11343.htm
2024-11-27 19:20:57,522 - INFO - 1 instances updated to ./data_container/24_11_27_19_20_30/24-25_cx_s_su819.htm.csv.
2024-11-27 19:20:57,540 - INFO - Visiting: http://www.drps.ed.ac.uk/24-25/dpt/cxedua11186.htm
2024-11-27 19:20:57,578 - INFO - 1 instances updated to ./data_container/24_11_27_19_20_30/24-25_cx_s_su819.htm.csv.
2024-11-27 19:20:57,589 - INFO - Visiting: http://www.drps.ed.ac.uk/24-25/dpt/cxedua11389.htm
2024-11-27 19:20:57,621 - INFO - 1 instances updated to ./data_container/24_11_27_19_20_30/24-25_cx_s_su819.htm.csv.
2024-11-27 19:20:57,632 - INFO - Visiting: http://www.drps.ed.ac.uk/24-25/dpt/cxedua11294.htm
2024-11-27 19:20:57,662 - INFO - 1 instances updated to ./data_container/24_11_27_19_20_30/24-25_cx_s_su819.htm.csv.
2024-11-27 19:20:57,684 - INFO - Visiting: http://www.drps.ed.ac.uk/24-25/dpt/cxedua11320.htm
2024-11-27 19:20:57,722 - INFO - 1 instances updated to ./data_container/24_11_27_19_20_30/24-25_cx_s_su819.htm.csv.
2024-11-27 19:20:57,734 - INFO - Visiting: http://www.drps.ed.ac.uk/24-25/dpt/cxedua11448.htm
2024-11-27 19:20:57,764 - INFO - 1 instances updated to ./data_container/24_11_27_19_20_30/24-25_cx_s_su819.htm.csv.
2024-11-27 19:20:57,776 - INFO - Visiting: http://www.drps.ed.ac.uk/24-25/dpt/cxedua11321.htm
2024-11-27 19:20:57,810 - INFO - 1 instances updated to ./data_container/24_11_27_19_20_30/24-25_cx_s_su819.htm.csv.
2024-11-27 19:20:57,835 - INFO - Visiting: http://www.drps.ed.ac.uk/24-25/dpt/cxedua11214.htm
2024-11-27 19:20:57,874 - INFO - 1 instances updated to ./data_container/24_11_27_19_20_30/24-25_cx_s_su819.htm.csv.
2024-11-27 19:20:57,885 - INFO - Visiting: http://www.drps.ed.ac.uk/24-25/dpt/cxedua11427.htm
2024-11-27 19:20:57,916 - INFO - 1 instances updated to ./data_container/24_11_27_19_20_30/24-25_cx_s_su819.htm.csv.
2024-11-27 19:20:57,928 - INFO - Visiting: http://www.drps.ed.ac.uk/24-25/dpt/cxedua11441.htm
2024-11-27 19:20:57,961 - INFO - 1 instances updated to ./data_container/24_11_27_19_20_30/24-25_cx_s_su819.htm.csv.
2024-11-27 19:20:57,983 - INFO - Visiting: http://www.drps.ed.ac.uk/24-25/dpt/cxedua11302.htm
2024-11-27 19:20:58,020 - INFO - 1 instances updated to ./data_container/24_11_27_19_20_30/24-25_cx_s_su819.htm.csv.
2024-11-27 19:20:58,031 - INFO - Visiting: http://www.drps.ed.ac.uk/24-25/dpt/cxedua11039.htm
2024-11-27 19:20:58,065 - INFO - 1 instances updated to ./data_container/24_11_27_19_20_30/24-25_cx_s_su819.htm.csv.
2024-11-27 19:20:58,085 - INFO - Visiting: http://www.drps.ed.ac.uk/24-25/dpt/cxedua11120.htm
2024-11-27 19:20:58,118 - INFO - 1 instances updated to ./data_container/24_11_27_19_20_30/24-25_cx_s_su819.htm.csv.
2024-11-27 19:20:58,131 - INFO - Visiting: http://www.drps.ed.ac.uk/24-25/dpt/cxedua11318.htm
2024-11-27 19:20:58,166 - INFO - 1 instances updated to ./data_container/24_11_27_19_20_30/24-25_cx_s_su819.htm.csv.
2024-11-27 19:20:58,177 - INFO - Visiting: http://www.drps.ed.ac.uk/24-25/dpt/cxedua11400.htm
2024-11-27 19:20:58,211 - INFO - 1 instances updated to ./data_container/24_11_27_19_20_30/24-25_cx_s_su819.htm.csv.
2024-11-27 19:20:58,223 - INFO - Visiting: http://www.drps.ed.ac.uk/24-25/dpt/cxedua11187.htm
2024-11-27 19:20:58,255 - INFO - 1 instances updated to ./data_container/24_11_27_19_20_30/24-25_cx_s_su819.htm.csv.
2024-11-27 19:20:58,270 - INFO - Visiting: http://www.drps.ed.ac.uk/24-25/dpt/cxedua11425.htm
2024-11-27 19:20:58,306 - INFO - 1 instances updated to ./data_container/24_11_27_19_20_30/24-25_cx_s_su819.htm.csv.
2024-11-27 19:20:58,318 - INFO - Visiting: http://www.drps.ed.ac.uk/24-25/dpt/cxedua11322.htm
2024-11-27 19:20:58,353 - INFO - 1 instances updated to ./data_container/24_11_27_19_20_30/24-25_cx_s_su819.htm.csv.
2024-11-27 19:20:58,365 - INFO - Visiting: http://www.drps.ed.ac.uk/24-25/dpt/cxedua11236.htm
2024-11-27 19:20:58,460 - INFO - 1 instances updated to ./data_container/24_11_27_19_20_30/24-25_cx_s_su819.htm.csv.
2024-11-27 19:20:58,473 - INFO - Visiting: http://www.drps.ed.ac.uk/24-25/dpt/cxedua11215.htm
2024-11-27 19:20:58,510 - INFO - 1 instances updated to ./data_container/24_11_27_19_20_30/24-25_cx_s_su819.htm.csv.
2024-11-27 19:20:58,525 - INFO - Visiting: http://www.drps.ed.ac.uk/24-25/dpt/cxedua11450.htm
2024-11-27 19:20:58,555 - INFO - 1 instances updated to ./data_container/24_11_27_19_20_30/24-25_cx_s_su819.htm.csv.
2024-11-27 19:20:58,567 - INFO - Visiting: http://www.drps.ed.ac.uk/24-25/dpt/cxedua11456.htm
2024-11-27 19:20:58,600 - INFO - 1 instances updated to ./data_container/24_11_27_19_20_30/24-25_cx_s_su819.htm.csv.
2024-11-27 19:20:58,616 - INFO - Visiting: http://www.drps.ed.ac.uk/24-25/dpt/cxedua11333.htm
2024-11-27 19:20:58,656 - INFO - 1 instances updated to ./data_container/24_11_27_19_20_30/24-25_cx_s_su819.htm.csv.
2024-11-27 19:20:58,667 - INFO - Visiting: http://www.drps.ed.ac.uk/24-25/dpt/cxedua11317.htm
2024-11-27 19:20:58,702 - INFO - 1 instances updated to ./data_container/24_11_27_19_20_30/24-25_cx_s_su819.htm.csv.
2024-11-27 19:20:58,715 - INFO - Visiting: http://www.drps.ed.ac.uk/24-25/dpt/cxedua11414.htm
2024-11-27 19:20:58,752 - INFO - 1 instances updated to ./data_container/24_11_27_19_20_30/24-25_cx_s_su819.htm.csv.
2024-11-27 19:20:58,766 - INFO - Visiting: http://www.drps.ed.ac.uk/24-25/dpt/cxedua11255.htm
2024-11-27 19:20:58,804 - INFO - 1 instances updated to ./data_container/24_11_27_19_20_30/24-25_cx_s_su819.htm.csv.
2024-11-27 19:20:58,816 - INFO - Visiting: http://www.drps.ed.ac.uk/24-25/dpt/cxedua11303.htm
2024-11-27 19:20:58,852 - INFO - 1 instances updated to ./data_container/24_11_27_19_20_30/24-25_cx_s_su819.htm.csv.
2024-11-27 19:20:58,864 - INFO - Visiting: http://www.drps.ed.ac.uk/24-25/dpt/cxedua11353.htm
2024-11-27 19:20:58,903 - INFO - 1 instances updated to ./data_container/24_11_27_19_20_30/24-25_cx_s_su819.htm.csv.
2024-11-27 19:20:58,914 - INFO - Visiting: http://www.drps.ed.ac.uk/24-25/dpt/cxedua11446.htm
2024-11-27 19:20:58,946 - INFO - 1 instances updated to ./data_container/24_11_27_19_20_30/24-25_cx_s_su819.htm.csv.
2024-11-27 19:20:58,962 - INFO - Visiting: http://www.drps.ed.ac.uk/24-25/dpt/cxedua11388.htm
2024-11-27 19:20:59,001 - INFO - 1 instances updated to ./data_container/24_11_27_19_20_30/24-25_cx_s_su819.htm.csv.
2024-11-27 19:20:59,014 - INFO - Visiting: http://www.drps.ed.ac.uk/24-25/dpt/cxedua11314.htm
2024-11-27 19:20:59,054 - INFO - 1 instances updated to ./data_container/24_11_27_19_20_30/24-25_cx_s_su819.htm.csv.
2024-11-27 19:20:59,066 - INFO - Visiting: http://www.drps.ed.ac.uk/24-25/dpt/cxedua11404.htm
2024-11-27 19:20:59,100 - INFO - 1 instances updated to ./data_container/24_11_27_19_20_30/24-25_cx_s_su819.htm.csv.
2024-11-27 19:20:59,111 - INFO - Visiting: http://www.drps.ed.ac.uk/24-25/dpt/cxedua11259.htm
2024-11-27 19:20:59,159 - INFO - 1 instances updated to ./data_container/24_11_27_19_20_30/24-25_cx_s_su819.htm.csv.
2024-11-27 19:20:59,179 - INFO - Visiting: http://www.drps.ed.ac.uk/24-25/dpt/cxedua11408.htm
2024-11-27 19:20:59,226 - INFO - 1 instances updated to ./data_container/24_11_27_19_20_30/24-25_cx_s_su819.htm.csv.
2024-11-27 19:20:59,237 - INFO - Visiting: http://www.drps.ed.ac.uk/24-25/dpt/cxedua11305.htm
2024-11-27 19:20:59,289 - INFO - 1 instances updated to ./data_container/24_11_27_19_20_30/24-25_cx_s_su819.htm.csv.
2024-11-27 19:20:59,306 - INFO - Visiting: http://www.drps.ed.ac.uk/24-25/dpt/cxedua11434.htm
2024-11-27 19:20:59,339 - INFO - 1 instances updated to ./data_container/24_11_27_19_20_30/24-25_cx_s_su819.htm.csv.
2024-11-27 19:20:59,349 - INFO - Visiting: http://www.drps.ed.ac.uk/24-25/dpt/cxedua11418.htm
2024-11-27 19:20:59,381 - INFO - 1 instances updated to ./data_container/24_11_27_19_20_30/24-25_cx_s_su819.htm.csv.
2024-11-27 19:20:59,392 - INFO - Visiting: http://www.drps.ed.ac.uk/24-25/dpt/cxedua11169.htm
2024-11-27 19:20:59,424 - INFO - 1 instances updated to ./data_container/24_11_27_19_20_30/24-25_cx_s_su819.htm.csv.
2024-11-27 19:20:59,448 - INFO - Visiting: http://www.drps.ed.ac.uk/24-25/dpt/cxedua11244.htm
2024-11-27 19:20:59,489 - INFO - 1 instances updated to ./data_container/24_11_27_19_20_30/24-25_cx_s_su819.htm.csv.
2024-11-27 19:20:59,510 - INFO - Visiting: http://www.drps.ed.ac.uk/24-25/dpt/cxedua11399.htm
2024-11-27 19:20:59,551 - INFO - 1 instances updated to ./data_container/24_11_27_19_20_30/24-25_cx_s_su819.htm.csv.
2024-11-27 19:20:59,563 - INFO - Visiting: http://www.drps.ed.ac.uk/24-25/dpt/cxedua11342.htm
2024-11-27 19:20:59,605 - INFO - 1 instances updated to ./data_container/24_11_27_19_20_30/24-25_cx_s_su819.htm.csv.
2024-11-27 19:20:59,616 - INFO - Visiting: http://www.drps.ed.ac.uk/24-25/dpt/cxedua11410.htm
2024-11-27 19:20:59,656 - INFO - 1 instances updated to ./data_container/24_11_27_19_20_30/24-25_cx_s_su819.htm.csv.
2024-11-27 19:20:59,669 - INFO - Visiting: http://www.drps.ed.ac.uk/24-25/dpt/cxedua11152.htm
2024-11-27 19:20:59,705 - INFO - 1 instances updated to ./data_container/24_11_27_19_20_30/24-25_cx_s_su819.htm.csv.
2024-11-27 19:20:59,723 - INFO - Visiting: http://www.drps.ed.ac.uk/24-25/dpt/cxedua11428.htm
2024-11-27 19:20:59,764 - INFO - 1 instances updated to ./data_container/24_11_27_19_20_30/24-25_cx_s_su819.htm.csv.
2024-11-27 19:20:59,785 - INFO - Visiting: http://www.drps.ed.ac.uk/24-25/dpt/cxedua11445.htm
2024-11-27 19:20:59,821 - INFO - 1 instances updated to ./data_container/24_11_27_19_20_30/24-25_cx_s_su819.htm.csv.
2024-11-27 19:20:59,833 - INFO - Visiting: http://www.drps.ed.ac.uk/24-25/dpt/cxedua11011.htm
2024-11-27 19:20:59,882 - INFO - 1 instances updated to ./data_container/24_11_27_19_20_30/24-25_cx_s_su819.htm.csv.
2024-11-27 19:20:59,896 - INFO - Visiting: http://www.drps.ed.ac.uk/24-25/dpt/cxedua11119.htm
2024-11-27 19:20:59,947 - INFO - 1 instances updated to ./data_container/24_11_27_19_20_30/24-25_cx_s_su819.htm.csv.
2024-11-27 19:20:59,959 - INFO - Visiting: http://www.drps.ed.ac.uk/24-25/dpt/cxedua11437.htm
2024-11-27 19:21:00,002 - INFO - 1 instances updated to ./data_container/24_11_27_19_20_30/24-25_cx_s_su819.htm.csv.
2024-11-27 19:21:00,014 - INFO - Visiting: http://www.drps.ed.ac.uk/24-25/dpt/cxedua11436.htm
2024-11-27 19:21:00,053 - INFO - 1 instances updated to ./data_container/24_11_27_19_20_30/24-25_cx_s_su819.htm.csv.
2024-11-27 19:21:00,065 - INFO - Visiting: http://www.drps.ed.ac.uk/24-25/dpt/cxedua11316.htm
2024-11-27 19:21:00,102 - INFO - 1 instances updated to ./data_container/24_11_27_19_20_30/24-25_cx_s_su819.htm.csv.
2024-11-27 19:21:00,114 - INFO - Visiting: http://www.drps.ed.ac.uk/24-25/dpt/cxedua11282.htm
2024-11-27 19:21:00,154 - INFO - 1 instances updated to ./data_container/24_11_27_19_20_30/24-25_cx_s_su819.htm.csv.
2024-11-27 19:21:00,174 - INFO - Visiting: http://www.drps.ed.ac.uk/24-25/dpt/cxedua11407.htm
2024-11-27 19:21:00,217 - INFO - 1 instances updated to ./data_container/24_11_27_19_20_30/24-25_cx_s_su819.htm.csv.
2024-11-27 19:21:00,228 - INFO - Visiting: http://www.drps.ed.ac.uk/24-25/dpt/cxedua11247.htm
2024-11-27 19:21:00,266 - INFO - 1 instances updated to ./data_container/24_11_27_19_20_30/24-25_cx_s_su819.htm.csv.
2024-11-27 19:21:00,289 - INFO - Visiting: http://www.drps.ed.ac.uk/24-25/dpt/cxedua11283.htm
2024-11-27 19:21:00,331 - INFO - 1 instances updated to ./data_container/24_11_27_19_20_30/24-25_cx_s_su819.htm.csv.
2024-11-27 19:21:00,343 - INFO - Visiting: http://www.drps.ed.ac.uk/24-25/dpt/cxedua11415.htm
2024-11-27 19:21:00,380 - INFO - 1 instances updated to ./data_container/24_11_27_19_20_30/24-25_cx_s_su819.htm.csv.
2024-11-27 19:21:00,391 - INFO - Visiting: http://www.drps.ed.ac.uk/24-25/dpt/cxedua11045.htm
2024-11-27 19:21:00,427 - INFO - 1 instances updated to ./data_container/24_11_27_19_20_30/24-25_cx_s_su819.htm.csv.
2024-11-27 19:21:00,438 - INFO - Visiting: http://www.drps.ed.ac.uk/24-25/dpt/cxedua11240.htm
2024-11-27 19:21:00,476 - INFO - 1 instances updated to ./data_container/24_11_27_19_20_30/24-25_cx_s_su819.htm.csv.
2024-11-27 19:21:00,488 - INFO - Visiting: http://www.drps.ed.ac.uk/24-25/dpt/cxedua11413.htm
2024-11-27 19:21:00,528 - INFO - 1 instances updated to ./data_container/24_11_27_19_20_30/24-25_cx_s_su819.htm.csv.
2024-11-27 19:21:00,540 - INFO - Visiting: http://www.drps.ed.ac.uk/24-25/dpt/cxedua11248.htm
2024-11-27 19:21:00,597 - INFO - 1 instances updated to ./data_container/24_11_27_19_20_30/24-25_cx_s_su819.htm.csv.
2024-11-27 19:21:00,609 - INFO - Visiting: http://www.drps.ed.ac.uk/24-25/dpt/cxedua11201.htm
2024-11-27 19:21:00,659 - INFO - 1 instances updated to ./data_container/24_11_27_19_20_30/24-25_cx_s_su819.htm.csv.
2024-11-27 19:21:00,670 - INFO - Visiting: http://www.drps.ed.ac.uk/24-25/dpt/cxedua11419.htm
2024-11-27 19:21:00,768 - INFO - 1 instances updated to ./data_container/24_11_27_19_20_30/24-25_cx_s_su819.htm.csv.
2024-11-27 19:21:00,781 - INFO - Visiting: http://www.drps.ed.ac.uk/24-25/dpt/cxedua11392.htm
2024-11-27 19:21:00,824 - INFO - 1 instances updated to ./data_container/24_11_27_19_20_30/24-25_cx_s_su819.htm.csv.
2024-11-27 19:21:00,839 - INFO - Visiting: http://www.drps.ed.ac.uk/24-25/dpt/cxedua11346.htm
2024-11-27 19:21:00,874 - INFO - 1 instances updated to ./data_container/24_11_27_19_20_30/24-25_cx_s_su819.htm.csv.
2024-11-27 19:21:00,887 - INFO - Visiting: http://www.drps.ed.ac.uk/24-25/dpt/cxedua11125.htm
2024-11-27 19:21:00,925 - INFO - 1 instances updated to ./data_container/24_11_27_19_20_30/24-25_cx_s_su819.htm.csv.
2024-11-27 19:21:00,937 - INFO - Visiting: http://www.drps.ed.ac.uk/24-25/dpt/cxedua11344.htm
2024-11-27 19:21:00,976 - INFO - 1 instances updated to ./data_container/24_11_27_19_20_30/24-25_cx_s_su819.htm.csv.
2024-11-27 19:21:00,987 - INFO - Visiting: http://www.drps.ed.ac.uk/24-25/dpt/cxedua11252.htm
2024-11-27 19:21:01,023 - INFO - 1 instances updated to ./data_container/24_11_27_19_20_30/24-25_cx_s_su819.htm.csv.
2024-11-27 19:21:01,036 - INFO - Visiting: http://www.drps.ed.ac.uk/24-25/dpt/cxedua11443.htm
2024-11-27 19:21:01,076 - INFO - 1 instances updated to ./data_container/24_11_27_19_20_30/24-25_cx_s_su819.htm.csv.
2024-11-27 19:21:01,089 - INFO - Visiting: http://www.drps.ed.ac.uk/24-25/dpt/cxedua11327.htm
2024-11-27 19:21:01,124 - INFO - 1 instances updated to ./data_container/24_11_27_19_20_30/24-25_cx_s_su819.htm.csv.
2024-11-27 19:21:01,148 - INFO - Visiting: http://www.drps.ed.ac.uk/24-25/dpt/cxedua11094.htm
2024-11-27 19:21:01,192 - INFO - 1 instances updated to ./data_container/24_11_27_19_20_30/24-25_cx_s_su819.htm.csv.
2024-11-27 19:21:01,203 - INFO - Visiting: http://www.drps.ed.ac.uk/24-25/dpt/cxedua11383.htm
2024-11-27 19:21:01,239 - INFO - 1 instances updated to ./data_container/24_11_27_19_20_30/24-25_cx_s_su819.htm.csv.
2024-11-27 19:21:01,252 - INFO - Visiting: http://www.drps.ed.ac.uk/24-25/dpt/cxedua11442.htm
2024-11-27 19:21:01,287 - INFO - 1 instances updated to ./data_container/24_11_27_19_20_30/24-25_cx_s_su819.htm.csv.
2024-11-27 19:21:01,299 - INFO - Visiting: http://www.drps.ed.ac.uk/24-25/dpt/cxedua11460.htm
2024-11-27 19:21:01,340 - INFO - 1 instances updated to ./data_container/24_11_27_19_20_30/24-25_cx_s_su819.htm.csv.
2024-11-27 19:21:01,355 - INFO - Visiting: http://www.drps.ed.ac.uk/24-25/dpt/cxedua11459.htm
2024-11-27 19:21:01,391 - INFO - 1 instances updated to ./data_container/24_11_27_19_20_30/24-25_cx_s_su819.htm.csv.
2024-11-27 19:21:01,409 - INFO - Visiting: http://www.drps.ed.ac.uk/24-25/dpt/cxedua11373.htm
2024-11-27 19:21:01,452 - INFO - 1 instances updated to ./data_container/24_11_27_19_20_30/24-25_cx_s_su819.htm.csv.
2024-11-27 19:21:01,469 - INFO - Visiting: http://www.drps.ed.ac.uk/24-25/dpt/cxedua11212.htm
2024-11-27 19:21:01,509 - INFO - 1 instances updated to ./data_container/24_11_27_19_20_30/24-25_cx_s_su819.htm.csv.
2024-11-27 19:21:01,526 - INFO - Visiting: http://www.drps.ed.ac.uk/24-25/dpt/cxedua11328.htm
2024-11-27 19:21:01,560 - INFO - 1 instances updated to ./data_container/24_11_27_19_20_30/24-25_cx_s_su819.htm.csv.
2024-11-27 19:21:01,575 - INFO - Visiting: http://www.drps.ed.ac.uk/24-25/dpt/cxedua11423.htm
2024-11-27 19:21:01,617 - INFO - 1 instances updated to ./data_container/24_11_27_19_20_30/24-25_cx_s_su819.htm.csv.
2024-11-27 19:21:01,633 - INFO - Visiting: http://www.drps.ed.ac.uk/24-25/dpt/cxedua11117.htm
2024-11-27 19:21:01,679 - INFO - 1 instances updated to ./data_container/24_11_27_19_20_30/24-25_cx_s_su819.htm.csv.
2024-11-27 19:21:01,693 - INFO - Visiting: http://www.drps.ed.ac.uk/24-25/dpt/cxedua11452.htm
2024-11-27 19:21:01,736 - INFO - 1 instances updated to ./data_container/24_11_27_19_20_30/24-25_cx_s_su819.htm.csv.
2024-11-27 19:21:01,751 - INFO - Visiting: http://www.drps.ed.ac.uk/24-25/dpt/cxedua11290.htm
2024-11-27 19:21:01,791 - INFO - 1 instances updated to ./data_container/24_11_27_19_20_30/24-25_cx_s_su819.htm.csv.
2024-11-27 19:21:01,804 - INFO - Visiting: http://www.drps.ed.ac.uk/24-25/dpt/cxedua11289.htm
2024-11-27 19:21:01,844 - INFO - 1 instances updated to ./data_container/24_11_27_19_20_30/24-25_cx_s_su819.htm.csv.
2024-11-27 19:21:01,857 - INFO - Visiting: http://www.drps.ed.ac.uk/24-25/dpt/cxedua11288.htm
2024-11-27 19:21:01,901 - INFO - 1 instances updated to ./data_container/24_11_27_19_20_30/24-25_cx_s_su819.htm.csv.
2024-11-27 19:21:01,912 - INFO - Visiting: http://www.drps.ed.ac.uk/24-25/dpt/cxedua11332.htm
2024-11-27 19:21:01,954 - INFO - 1 instances updated to ./data_container/24_11_27_19_20_30/24-25_cx_s_su819.htm.csv.
2024-11-27 19:21:01,967 - INFO - Visiting: http://www.drps.ed.ac.uk/24-25/dpt/cxedua11041.htm
2024-11-27 19:21:02,015 - INFO - 1 instances updated to ./data_container/24_11_27_19_20_30/24-25_cx_s_su819.htm.csv.
2024-11-27 19:21:02,031 - INFO - Visiting: http://www.drps.ed.ac.uk/24-25/dpt/cxedua11449.htm
2024-11-27 19:21:02,089 - INFO - 1 instances updated to ./data_container/24_11_27_19_20_30/24-25_cx_s_su819.htm.csv.
2024-11-27 19:21:02,123 - INFO - Visiting: http://www.drps.ed.ac.uk/24-25/dpt/cxedua11403.htm
2024-11-27 19:21:02,168 - INFO - 1 instances updated to ./data_container/24_11_27_19_20_30/24-25_cx_s_su819.htm.csv.
2024-11-27 19:21:02,183 - INFO - Visiting: http://www.drps.ed.ac.uk/24-25/dpt/cxedua11116.htm
2024-11-27 19:21:02,228 - INFO - 1 instances updated to ./data_container/24_11_27_19_20_30/24-25_cx_s_su819.htm.csv.
2024-11-27 19:21:02,245 - INFO - Visiting: http://www.drps.ed.ac.uk/24-25/dpt/cxedua11105.htm
2024-11-27 19:21:02,297 - INFO - 1 instances updated to ./data_container/24_11_27_19_20_30/24-25_cx_s_su819.htm.csv.
2024-11-27 19:21:02,309 - INFO - Visiting: http://www.drps.ed.ac.uk/24-25/dpt/cxedua11453.htm
2024-11-27 19:21:02,348 - INFO - 1 instances updated to ./data_container/24_11_27_19_20_30/24-25_cx_s_su819.htm.csv.
2024-11-27 19:21:02,361 - INFO - Visiting: http://www.drps.ed.ac.uk/24-25/dpt/cxedua11421.htm
2024-11-27 19:21:02,402 - INFO - 1 instances updated to ./data_container/24_11_27_19_20_30/24-25_cx_s_su819.htm.csv.
2024-11-27 19:21:02,414 - INFO - Visiting: http://www.drps.ed.ac.uk/24-25/dpt/cxedua11409.htm
2024-11-27 19:21:02,457 - INFO - 1 instances updated to ./data_container/24_11_27_19_20_30/24-25_cx_s_su819.htm.csv.
2024-11-27 19:21:02,472 - INFO - Visiting: http://www.drps.ed.ac.uk/24-25/dpt/cxedua11258.htm
2024-11-27 19:21:02,513 - INFO - 1 instances updated to ./data_container/24_11_27_19_20_30/24-25_cx_s_su819.htm.csv.
2024-11-27 19:21:02,524 - INFO - Visiting: http://www.drps.ed.ac.uk/24-25/dpt/cxedua11040.htm
2024-11-27 19:21:02,582 - INFO - 1 instances updated to ./data_container/24_11_27_19_20_30/24-25_cx_s_su819.htm.csv.
2024-11-27 19:21:02,594 - INFO - Visiting: http://www.drps.ed.ac.uk/24-25/dpt/cxedua11326.htm
2024-11-27 19:21:02,640 - INFO - 1 instances updated to ./data_container/24_11_27_19_20_30/24-25_cx_s_su819.htm.csv.
2024-11-27 19:21:02,651 - INFO - Visiting: http://www.drps.ed.ac.uk/24-25/dpt/cxedua11350.htm
2024-11-27 19:21:02,689 - INFO - 1 instances updated to ./data_container/24_11_27_19_20_30/24-25_cx_s_su819.htm.csv.
2024-11-27 19:21:02,703 - INFO - Visiting: http://www.drps.ed.ac.uk/24-25/dpt/cxedua11287.htm
2024-11-27 19:21:02,745 - INFO - 1 instances updated to ./data_container/24_11_27_19_20_30/24-25_cx_s_su819.htm.csv.
2024-11-27 19:21:02,758 - INFO - Visiting: http://www.drps.ed.ac.uk/24-25/dpt/cxedua11285.htm
2024-11-27 19:21:02,801 - INFO - 1 instances updated to ./data_container/24_11_27_19_20_30/24-25_cx_s_su819.htm.csv.
2024-11-27 19:21:02,817 - INFO - Visiting: http://www.drps.ed.ac.uk/24-25/dpt/cxedua11286.htm
2024-11-27 19:21:02,863 - INFO - 1 instances updated to ./data_container/24_11_27_19_20_30/24-25_cx_s_su819.htm.csv.
2024-11-27 19:21:02,875 - INFO - Visiting: http://www.drps.ed.ac.uk/24-25/dpt/cxedua11210.htm
2024-11-27 19:21:02,917 - INFO - 1 instances updated to ./data_container/24_11_27_19_20_30/24-25_cx_s_su819.htm.csv.
2024-11-27 19:21:02,932 - INFO - Visiting: http://www.drps.ed.ac.uk/24-25/dpt/cxedua11194.htm
2024-11-27 19:21:02,979 - INFO - 1 instances updated to ./data_container/24_11_27_19_20_30/24-25_cx_s_su819.htm.csv.
2024-11-27 19:21:02,991 - INFO - Visiting: http://www.drps.ed.ac.uk/24-25/dpt/cxedua11334.htm
2024-11-27 19:21:03,095 - INFO - 1 instances updated to ./data_container/24_11_27_19_20_30/24-25_cx_s_su819.htm.csv.
2024-11-27 19:21:03,107 - INFO - Visiting: http://www.drps.ed.ac.uk/24-25/dpt/cxedua11461.htm
2024-11-27 19:21:03,145 - INFO - 1 instances updated to ./data_container/24_11_27_19_20_30/24-25_cx_s_su819.htm.csv.
2024-11-27 19:21:03,157 - INFO - Visiting: http://www.drps.ed.ac.uk/24-25/dpt/cxedua11048.htm
2024-11-27 19:21:03,196 - INFO - 1 instances updated to ./data_container/24_11_27_19_20_30/24-25_cx_s_su819.htm.csv.
2024-11-27 19:21:03,218 - INFO - Visiting: http://www.drps.ed.ac.uk/24-25/dpt/cxedua11042.htm
2024-11-27 19:21:03,317 - INFO - 1 instances updated to ./data_container/24_11_27_19_20_30/24-25_cx_s_su819.htm.csv.
2024-11-27 19:21:03,330 - INFO - Visiting: http://www.drps.ed.ac.uk/24-25/dpt/cxedua11439.htm
2024-11-27 19:21:03,367 - INFO - 1 instances updated to ./data_container/24_11_27_19_20_30/24-25_cx_s_su819.htm.csv.
2024-11-27 19:21:03,378 - INFO - Visiting: http://www.drps.ed.ac.uk/24-25/dpt/cxedua11354.htm
2024-11-27 19:21:03,416 - INFO - 1 instances updated to ./data_container/24_11_27_19_20_30/24-25_cx_s_su819.htm.csv.
2024-11-27 19:21:03,429 - INFO - Visiting: http://www.drps.ed.ac.uk/24-25/dpt/cxedua11391.htm
2024-11-27 19:21:03,471 - INFO - 1 instances updated to ./data_container/24_11_27_19_20_30/24-25_cx_s_su819.htm.csv.
2024-11-27 19:21:03,484 - INFO - Visiting: http://www.drps.ed.ac.uk/24-25/dpt/cxedua11284.htm
2024-11-27 19:21:03,535 - INFO - 1 instances updated to ./data_container/24_11_27_19_20_30/24-25_cx_s_su819.htm.csv.
2024-11-27 19:21:03,548 - INFO - Visiting: http://www.drps.ed.ac.uk/24-25/dpt/cxedua11124.htm
2024-11-27 19:21:03,585 - INFO - 1 instances updated to ./data_container/24_11_27_19_20_30/24-25_cx_s_su819.htm.csv.
2024-11-27 19:21:03,597 - INFO - Visiting: http://www.drps.ed.ac.uk/24-25/dpt/cxedua11257.htm
2024-11-27 19:21:03,638 - INFO - 1 instances updated to ./data_container/24_11_27_19_20_30/24-25_cx_s_su819.htm.csv.
2024-11-27 19:21:03,664 - INFO - Visiting: http://www.drps.ed.ac.uk/24-25/dpt/cxedua11351.htm
2024-11-27 19:21:03,711 - INFO - 1 instances updated to ./data_container/24_11_27_19_20_30/24-25_cx_s_su819.htm.csv.
2024-11-27 19:21:03,723 - INFO - Visiting: http://www.drps.ed.ac.uk/24-25/dpt/cxedua11462.htm
2024-11-27 19:21:03,766 - INFO - 1 instances updated to ./data_container/24_11_27_19_20_30/24-25_cx_s_su819.htm.csv.
2024-11-27 19:21:03,779 - INFO - Visiting: http://www.drps.ed.ac.uk/24-25/dpt/cxedua11416.htm
2024-11-27 19:21:03,822 - INFO - 1 instances updated to ./data_container/24_11_27_19_20_30/24-25_cx_s_su819.htm.csv.
2024-11-27 19:21:03,837 - INFO - Visiting: http://www.drps.ed.ac.uk/24-25/dpt/cxedua11304.htm
2024-11-27 19:21:03,882 - INFO - 1 instances updated to ./data_container/24_11_27_19_20_30/24-25_cx_s_su819.htm.csv.
2024-11-27 19:21:03,899 - INFO - Visiting: http://www.drps.ed.ac.uk/24-25/dpt/cxedua11235.htm
2024-11-27 19:21:03,948 - INFO - 1 instances updated to ./data_container/24_11_27_19_20_30/24-25_cx_s_su819.htm.csv.
2024-11-27 19:21:03,963 - INFO - Visiting: http://www.drps.ed.ac.uk/24-25/dpt/cxedua11300.htm
2024-11-27 19:21:04,011 - INFO - 1 instances updated to ./data_container/24_11_27_19_20_30/24-25_cx_s_su819.htm.csv.
2024-11-27 19:21:04,035 - INFO - Visiting: http://www.drps.ed.ac.uk/24-25/dpt/cxedua11301.htm
2024-11-27 19:21:04,082 - INFO - 1 instances updated to ./data_container/24_11_27_19_20_30/24-25_cx_s_su819.htm.csv.
2024-11-27 19:21:04,102 - INFO - Visiting: http://www.drps.ed.ac.uk/24-25/dpt/cxedua11297.htm
2024-11-27 19:21:04,147 - INFO - 1 instances updated to ./data_container/24_11_27_19_20_30/24-25_cx_s_su819.htm.csv.
2024-11-27 19:21:04,160 - INFO - Visiting: http://www.drps.ed.ac.uk/24-25/dpt/cxedua11457.htm
2024-11-27 19:21:04,204 - INFO - 1 instances updated to ./data_container/24_11_27_19_20_30/24-25_cx_s_su819.htm.csv.
2024-11-27 19:21:04,216 - INFO - Visiting: http://www.drps.ed.ac.uk/24-25/dpt/cxedua11298.htm
2024-11-27 19:21:04,264 - INFO - 1 instances updated to ./data_container/24_11_27_19_20_30/24-25_cx_s_su819.htm.csv.
2024-11-27 19:21:04,278 - INFO - Visiting: http://www.drps.ed.ac.uk/24-25/dpt/cxedua11299.htm
2024-11-27 19:21:04,325 - INFO - 1 instances updated to ./data_container/24_11_27_19_20_30/24-25_cx_s_su819.htm.csv.
2024-11-27 19:21:04,341 - INFO - Visiting: http://www.drps.ed.ac.uk/24-25/dpt/cxedua11038.htm
2024-11-27 19:21:04,383 - INFO - 1 instances updated to ./data_container/24_11_27_19_20_30/24-25_cx_s_su819.htm.csv.
2024-11-27 19:21:04,399 - INFO - Visiting: http://www.drps.ed.ac.uk/24-25/dpt/cxedua11463.htm
2024-11-27 19:21:04,446 - INFO - 1 instances updated to ./data_container/24_11_27_19_20_30/24-25_cx_s_su819.htm.csv.
2024-11-27 19:21:04,458 - INFO - Visiting: http://www.drps.ed.ac.uk/24-25/dpt/cxedua11368.htm
2024-11-27 19:21:04,505 - INFO - 1 instances updated to ./data_container/24_11_27_19_20_30/24-25_cx_s_su819.htm.csv.
2024-11-27 19:21:04,517 - INFO - Visiting: http://www.drps.ed.ac.uk/24-25/dpt/cxedua11377.htm
2024-11-27 19:21:04,557 - INFO - 1 instances updated to ./data_container/24_11_27_19_20_30/24-25_cx_s_su819.htm.csv.
2024-11-27 19:21:04,568 - INFO - Visiting: http://www.drps.ed.ac.uk/24-25/dpt/cxedua11369.htm
2024-11-27 19:21:04,613 - INFO - 1 instances updated to ./data_container/24_11_27_19_20_30/24-25_cx_s_su819.htm.csv.
2024-11-27 19:21:04,625 - INFO - Visiting: http://www.drps.ed.ac.uk/24-25/dpt/cxedua11382.htm
2024-11-27 19:21:04,670 - INFO - 1 instances updated to ./data_container/24_11_27_19_20_30/24-25_cx_s_su819.htm.csv.
2024-11-27 19:21:04,682 - INFO - Visiting: http://www.drps.ed.ac.uk/24-25/dpt/cxedua11402.htm
2024-11-27 19:21:04,722 - INFO - 1 instances updated to ./data_container/24_11_27_19_20_30/24-25_cx_s_su819.htm.csv.
2024-11-27 19:21:04,735 - INFO - Visiting: http://www.drps.ed.ac.uk/24-25/dpt/cxedua11365.htm
2024-11-27 19:21:04,783 - INFO - 1 instances updated to ./data_container/24_11_27_19_20_30/24-25_cx_s_su819.htm.csv.
2024-11-27 19:21:04,796 - INFO - Visiting: http://www.drps.ed.ac.uk/24-25/dpt/cxedua11366.htm
2024-11-27 19:21:04,845 - INFO - 1 instances updated to ./data_container/24_11_27_19_20_30/24-25_cx_s_su819.htm.csv.
2024-11-27 19:21:04,864 - INFO - Visiting: http://www.drps.ed.ac.uk/24-25/dpt/cxedua11401.htm
2024-11-27 19:21:04,914 - INFO - 1 instances updated to ./data_container/24_11_27_19_20_30/24-25_cx_s_su819.htm.csv.
2024-11-27 19:21:04,925 - INFO - Visiting: http://www.drps.ed.ac.uk/24-25/dpt/cxedua11381.htm
2024-11-27 19:21:04,968 - INFO - 1 instances updated to ./data_container/24_11_27_19_20_30/24-25_cx_s_su819.htm.csv.
2024-11-27 19:21:04,980 - INFO - Visiting: http://www.drps.ed.ac.uk/24-25/dpt/cxedua11380.htm
2024-11-27 19:21:05,028 - INFO - 1 instances updated to ./data_container/24_11_27_19_20_30/24-25_cx_s_su819.htm.csv.
2024-11-27 19:21:05,051 - INFO - Visiting: http://www.drps.ed.ac.uk/24-25/dpt/cxedua11424.htm
2024-11-27 19:21:05,101 - INFO - 1 instances updated to ./data_container/24_11_27_19_20_30/24-25_cx_s_su819.htm.csv.
2024-11-27 19:21:05,117 - INFO - Visiting: http://www.drps.ed.ac.uk/24-25/dpt/cxedua11329.htm
2024-11-27 19:21:05,166 - INFO - 1 instances updated to ./data_container/24_11_27_19_20_30/24-25_cx_s_su819.htm.csv.
2024-11-27 19:21:05,178 - INFO - Visiting: http://www.drps.ed.ac.uk/24-25/dpt/cxedua11367.htm
2024-11-27 19:21:05,225 - INFO - 1 instances updated to ./data_container/24_11_27_19_20_30/24-25_cx_s_su819.htm.csv.
2024-11-27 19:21:05,238 - INFO - Visiting: http://www.drps.ed.ac.uk/24-25/dpt/cxedua11340.htm
2024-11-27 19:21:05,283 - INFO - 1 instances updated to ./data_container/24_11_27_19_20_30/24-25_cx_s_su819.htm.csv.
2024-11-27 19:21:05,296 - INFO - Visiting: http://www.drps.ed.ac.uk/24-25/dpt/cxedua11347.htm
2024-11-27 19:21:05,345 - INFO - 1 instances updated to ./data_container/24_11_27_19_20_30/24-25_cx_s_su819.htm.csv.
2024-11-27 19:21:05,359 - INFO - Visiting: http://www.drps.ed.ac.uk/24-25/dpt/cxedua11206.htm
2024-11-27 19:21:05,403 - INFO - 1 instances updated to ./data_container/24_11_27_19_20_30/24-25_cx_s_su819.htm.csv.
2024-11-27 19:21:05,415 - INFO - Visiting: http://www.drps.ed.ac.uk/24-25/dpt/cxedua11233.htm
2024-11-27 19:21:05,480 - INFO - 1 instances updated to ./data_container/24_11_27_19_20_30/24-25_cx_s_su819.htm.csv.
2024-11-27 19:21:05,498 - INFO - Visiting: http://www.drps.ed.ac.uk/24-25/dpt/cxedua11385.htm
2024-11-27 19:21:05,549 - INFO - 1 instances updated to ./data_container/24_11_27_19_20_30/24-25_cx_s_su819.htm.csv.
2024-11-27 19:21:05,561 - INFO - Visiting: http://www.drps.ed.ac.uk/24-25/dpt/cxedua11338.htm
2024-11-27 19:21:05,609 - INFO - 1 instances updated to ./data_container/24_11_27_19_20_30/24-25_cx_s_su819.htm.csv.
2024-11-27 19:21:05,622 - INFO - Visiting: http://www.drps.ed.ac.uk/24-25/dpt/cxedua11250.htm
2024-11-27 19:21:05,669 - INFO - 1 instances updated to ./data_container/24_11_27_19_20_30/24-25_cx_s_su819.htm.csv.
2024-11-27 19:21:05,683 - INFO - Visiting: http://www.drps.ed.ac.uk/24-25/dpt/cxedua11458.htm
2024-11-27 19:21:05,725 - INFO - 1 instances updated to ./data_container/24_11_27_19_20_30/24-25_cx_s_su819.htm.csv.
2024-11-27 19:21:05,739 - INFO - Visiting: http://www.drps.ed.ac.uk/24-25/dpt/cxedua11363.htm
2024-11-27 19:21:05,842 - INFO - 1 instances updated to ./data_container/24_11_27_19_20_30/24-25_cx_s_su819.htm.csv.
2024-11-27 19:21:05,855 - INFO - Visiting: http://www.drps.ed.ac.uk/24-25/dpt/cxedua11324.htm
2024-11-27 19:21:05,906 - INFO - 1 instances updated to ./data_container/24_11_27_19_20_30/24-25_cx_s_su819.htm.csv.
2024-11-27 19:21:05,918 - INFO - Visiting: http://www.drps.ed.ac.uk/24-25/dpt/cxedua11376.htm
2024-11-27 19:21:05,960 - INFO - 1 instances updated to ./data_container/24_11_27_19_20_30/24-25_cx_s_su819.htm.csv.
2024-11-27 19:21:05,974 - INFO - Visiting: http://www.drps.ed.ac.uk/24-25/dpt/cxedua11335.htm
2024-11-27 19:21:06,024 - INFO - 1 instances updated to ./data_container/24_11_27_19_20_30/24-25_cx_s_su819.htm.csv.
2024-11-27 19:21:06,037 - INFO - Visiting: http://www.drps.ed.ac.uk/24-25/dpt/cxedua11179.htm
2024-11-27 19:21:06,124 - INFO - 1 instances updated to ./data_container/24_11_27_19_20_30/24-25_cx_s_su819.htm.csv.
2024-11-27 19:21:06,138 - INFO - Visiting: http://www.drps.ed.ac.uk/24-25/dpt/cxedua11438.htm
2024-11-27 19:21:06,250 - INFO - 1 instances updated to ./data_container/24_11_27_19_20_30/24-25_cx_s_su819.htm.csv.
2024-11-27 19:21:06,264 - INFO - Visiting: http://www.drps.ed.ac.uk/24-25/dpt/cxedua11348.htm
2024-11-27 19:21:06,307 - INFO - 1 instances updated to ./data_container/24_11_27_19_20_30/24-25_cx_s_su819.htm.csv.
2024-11-27 19:21:06,321 - INFO - Visiting: http://www.drps.ed.ac.uk/24-25/dpt/cxedua12001.htm
2024-11-27 19:21:06,371 - INFO - 1 instances updated to ./data_container/24_11_27_19_20_30/24-25_cx_s_su819.htm.csv.
2024-11-27 19:21:06,371 - INFO - Mining for keywords Accessibility,Inclusive design,Disability rights,Adaptive tools is success.
2024-11-27 19:21:06,416 - INFO - Visiting: http://www.drps.ed.ac.uk/24-25/dpt/cx_sb_redu.htm
2024-11-27 19:21:06,452 - INFO - Visiting: http://www.drps.ed.ac.uk/24-25/dpt/cxredu11074.htm
2024-11-27 19:21:06,474 - INFO - 1 instances updated to ./data_container/24_11_27_19_20_30/24-25_cx_s_su819.htm.csv.
2024-11-27 19:21:06,485 - INFO - Visiting: http://www.drps.ed.ac.uk/24-25/dpt/cxredu11079.htm
2024-11-27 19:21:06,501 - INFO - 1 instances updated to ./data_container/24_11_27_19_20_30/24-25_cx_s_su819.htm.csv.
2024-11-27 19:21:06,513 - INFO - Visiting: http://www.drps.ed.ac.uk/24-25/dpt/cxredu11076.htm
2024-11-27 19:21:06,526 - INFO - 1 instances updated to ./data_container/24_11_27_19_20_30/24-25_cx_s_su819.htm.csv.
2024-11-27 19:21:06,537 - INFO - Visiting: http://www.drps.ed.ac.uk/24-25/dpt/cxredu11045.htm
2024-11-27 19:21:06,550 - INFO - 1 instances updated to ./data_container/24_11_27_19_20_30/24-25_cx_s_su819.htm.csv.
2024-11-27 19:21:06,563 - INFO - Visiting: http://www.drps.ed.ac.uk/24-25/dpt/cxredu11091.htm
2024-11-27 19:21:06,584 - INFO - 1 instances updated to ./data_container/24_11_27_19_20_30/24-25_cx_s_su819.htm.csv.
2024-11-27 19:21:06,598 - INFO - Visiting: http://www.drps.ed.ac.uk/24-25/dpt/cxredu11073.htm
2024-11-27 19:21:06,617 - INFO - 1 instances updated to ./data_container/24_11_27_19_20_30/24-25_cx_s_su819.htm.csv.
2024-11-27 19:21:06,630 - INFO - Visiting: http://www.drps.ed.ac.uk/24-25/dpt/cxredu11089.htm
2024-11-27 19:21:06,646 - INFO - 1 instances updated to ./data_container/24_11_27_19_20_30/24-25_cx_s_su819.htm.csv.
2024-11-27 19:21:06,659 - INFO - Visiting: http://www.drps.ed.ac.uk/24-25/dpt/cxredu11060.htm
2024-11-27 19:21:06,671 - INFO - 1 instances updated to ./data_container/24_11_27_19_20_30/24-25_cx_s_su819.htm.csv.
2024-11-27 19:21:06,683 - INFO - Visiting: http://www.drps.ed.ac.uk/24-25/dpt/cxredu11087.htm
2024-11-27 19:21:06,706 - INFO - 1 instances updated to ./data_container/24_11_27_19_20_30/24-25_cx_s_su819.htm.csv.
2024-11-27 19:21:06,717 - INFO - Visiting: http://www.drps.ed.ac.uk/24-25/dpt/cxredu11082.htm
2024-11-27 19:21:06,736 - INFO - 1 instances updated to ./data_container/24_11_27_19_20_30/24-25_cx_s_su819.htm.csv.
2024-11-27 19:21:06,748 - INFO - Visiting: http://www.drps.ed.ac.uk/24-25/dpt/cxredu11083.htm
2024-11-27 19:21:06,767 - INFO - 1 instances updated to ./data_container/24_11_27_19_20_30/24-25_cx_s_su819.htm.csv.
2024-11-27 19:21:06,778 - INFO - Visiting: http://www.drps.ed.ac.uk/24-25/dpt/cxredu11052.htm
2024-11-27 19:21:06,796 - INFO - 1 instances updated to ./data_container/24_11_27_19_20_30/24-25_cx_s_su819.htm.csv.
2024-11-27 19:21:06,808 - INFO - Visiting: http://www.drps.ed.ac.uk/24-25/dpt/cxredu11088.htm
2024-11-27 19:21:06,829 - INFO - 1 instances updated to ./data_container/24_11_27_19_20_30/24-25_cx_s_su819.htm.csv.
2024-11-27 19:21:06,842 - INFO - Visiting: http://www.drps.ed.ac.uk/24-25/dpt/cxredu11092.htm
2024-11-27 19:21:06,857 - INFO - 1 instances updated to ./data_container/24_11_27_19_20_30/24-25_cx_s_su819.htm.csv.
2024-11-27 19:21:06,871 - INFO - Visiting: http://www.drps.ed.ac.uk/24-25/dpt/cxredu11086.htm
2024-11-27 19:21:06,892 - INFO - 1 instances updated to ./data_container/24_11_27_19_20_30/24-25_cx_s_su819.htm.csv.
2024-11-27 19:21:06,905 - INFO - Visiting: http://www.drps.ed.ac.uk/24-25/dpt/cxredu11085.htm
2024-11-27 19:21:06,924 - INFO - 1 instances updated to ./data_container/24_11_27_19_20_30/24-25_cx_s_su819.htm.csv.
2024-11-27 19:21:06,940 - INFO - Visiting: http://www.drps.ed.ac.uk/24-25/dpt/cxredu11080.htm
2024-11-27 19:21:06,962 - INFO - 1 instances updated to ./data_container/24_11_27_19_20_30/24-25_cx_s_su819.htm.csv.
2024-11-27 19:21:06,975 - INFO - Visiting: http://www.drps.ed.ac.uk/24-25/dpt/cxredu11077.htm
2024-11-27 19:21:06,998 - INFO - 1 instances updated to ./data_container/24_11_27_19_20_30/24-25_cx_s_su819.htm.csv.
2024-11-27 19:21:07,014 - INFO - Visiting: http://www.drps.ed.ac.uk/24-25/dpt/cxredu11081.htm
2024-11-27 19:21:07,037 - INFO - 1 instances updated to ./data_container/24_11_27_19_20_30/24-25_cx_s_su819.htm.csv.
2024-11-27 19:21:07,051 - INFO - Visiting: http://www.drps.ed.ac.uk/24-25/dpt/cxredu11084.htm
2024-11-27 19:21:07,075 - INFO - 1 instances updated to ./data_container/24_11_27_19_20_30/24-25_cx_s_su819.htm.csv.
2024-11-27 19:21:07,088 - INFO - Visiting: http://www.drps.ed.ac.uk/24-25/dpt/cxredu11064.htm
2024-11-27 19:21:07,108 - INFO - 1 instances updated to ./data_container/24_11_27_19_20_30/24-25_cx_s_su819.htm.csv.
2024-11-27 19:21:07,121 - INFO - Visiting: http://www.drps.ed.ac.uk/24-25/dpt/cxredu11050.htm
2024-11-27 19:21:07,145 - INFO - 1 instances updated to ./data_container/24_11_27_19_20_30/24-25_cx_s_su819.htm.csv.
2024-11-27 19:21:07,157 - INFO - Visiting: http://www.drps.ed.ac.uk/24-25/dpt/cxredu11051.htm
2024-11-27 19:21:07,175 - INFO - 1 instances updated to ./data_container/24_11_27_19_20_30/24-25_cx_s_su819.htm.csv.
2024-11-27 19:21:07,187 - INFO - Visiting: http://www.drps.ed.ac.uk/24-25/dpt/cxredu11024.htm
2024-11-27 19:21:07,208 - INFO - 1 instances updated to ./data_container/24_11_27_19_20_30/24-25_cx_s_su819.htm.csv.
2024-11-27 19:21:07,220 - INFO - Visiting: http://www.drps.ed.ac.uk/24-25/dpt/cxredu11075.htm
2024-11-27 19:21:07,240 - INFO - 1 instances updated to ./data_container/24_11_27_19_20_30/24-25_cx_s_su819.htm.csv.
2024-11-27 19:21:07,253 - INFO - Visiting: http://www.drps.ed.ac.uk/24-25/dpt/cxredu11026.htm
2024-11-27 19:21:07,276 - INFO - 1 instances updated to ./data_container/24_11_27_19_20_30/24-25_cx_s_su819.htm.csv.
2024-11-27 19:21:07,288 - INFO - Visiting: http://www.drps.ed.ac.uk/24-25/dpt/cxredu11056.htm
2024-11-27 19:21:07,302 - INFO - 1 instances updated to ./data_container/24_11_27_19_20_30/24-25_cx_s_su819.htm.csv.
2024-11-27 19:21:07,315 - INFO - Visiting: http://www.drps.ed.ac.uk/24-25/dpt/cxredu11059.htm
2024-11-27 19:21:07,336 - INFO - 1 instances updated to ./data_container/24_11_27_19_20_30/24-25_cx_s_su819.htm.csv.
2024-11-27 19:21:07,348 - INFO - Visiting: http://www.drps.ed.ac.uk/24-25/dpt/cxredu11093.htm
2024-11-27 19:21:07,368 - INFO - 1 instances updated to ./data_container/24_11_27_19_20_30/24-25_cx_s_su819.htm.csv.
2024-11-27 19:21:07,381 - INFO - Visiting: http://www.drps.ed.ac.uk/24-25/dpt/cxredu11048.htm
2024-11-27 19:21:07,398 - INFO - 1 instances updated to ./data_container/24_11_27_19_20_30/24-25_cx_s_su819.htm.csv.
2024-11-27 19:21:07,410 - INFO - Visiting: http://www.drps.ed.ac.uk/24-25/dpt/cxredu11078.htm
2024-11-27 19:21:07,426 - INFO - 1 instances updated to ./data_container/24_11_27_19_20_30/24-25_cx_s_su819.htm.csv.
2024-11-27 19:21:07,439 - INFO - Visiting: http://www.drps.ed.ac.uk/24-25/dpt/cxredu11028.htm
2024-11-27 19:21:07,460 - INFO - 1 instances updated to ./data_container/24_11_27_19_20_30/24-25_cx_s_su819.htm.csv.
2024-11-27 19:21:07,473 - INFO - Visiting: http://www.drps.ed.ac.uk/24-25/dpt/cxredu11029.htm
2024-11-27 19:21:07,490 - INFO - 1 instances updated to ./data_container/24_11_27_19_20_30/24-25_cx_s_su819.htm.csv.
2024-11-27 19:21:07,512 - INFO - Visiting: http://www.drps.ed.ac.uk/24-25/dpt/cxredu11063.htm
2024-11-27 19:21:07,588 - INFO - 1 instances updated to ./data_container/24_11_27_19_20_30/24-25_cx_s_su819.htm.csv.
2024-11-27 19:21:07,600 - INFO - Visiting: http://www.drps.ed.ac.uk/24-25/dpt/cxredu11011.htm
2024-11-27 19:21:07,616 - INFO - 1 instances updated to ./data_container/24_11_27_19_20_30/24-25_cx_s_su819.htm.csv.
2024-11-27 19:21:07,628 - INFO - Visiting: http://www.drps.ed.ac.uk/24-25/dpt/cxredu11002.htm
2024-11-27 19:21:07,646 - INFO - 1 instances updated to ./data_container/24_11_27_19_20_30/24-25_cx_s_su819.htm.csv.
2024-11-27 19:21:07,657 - INFO - Visiting: http://www.drps.ed.ac.uk/24-25/dpt/cxredu11046.htm
2024-11-27 19:21:07,677 - INFO - 1 instances updated to ./data_container/24_11_27_19_20_30/24-25_cx_s_su819.htm.csv.
2024-11-27 19:21:07,688 - INFO - Visiting: http://www.drps.ed.ac.uk/24-25/dpt/cxredu11010.htm
2024-11-27 19:21:07,705 - INFO - 1 instances updated to ./data_container/24_11_27_19_20_30/24-25_cx_s_su819.htm.csv.
2024-11-27 19:21:07,717 - INFO - Visiting: http://www.drps.ed.ac.uk/24-25/dpt/cxredu12004.htm
2024-11-27 19:21:07,735 - INFO - 1 instances updated to ./data_container/24_11_27_19_20_30/24-25_cx_s_su819.htm.csv.
2024-11-27 19:21:07,747 - INFO - Visiting: http://www.drps.ed.ac.uk/24-25/dpt/cxredu12006.htm
2024-11-27 19:21:07,764 - INFO - 1 instances updated to ./data_container/24_11_27_19_20_30/24-25_cx_s_su819.htm.csv.
2024-11-27 19:21:07,776 - INFO - Visiting: http://www.drps.ed.ac.uk/24-25/dpt/cxredu12001.htm
2024-11-27 19:21:07,790 - INFO - 1 instances updated to ./data_container/24_11_27_19_20_30/24-25_cx_s_su819.htm.csv.
2024-11-27 19:21:07,805 - INFO - Visiting: http://www.drps.ed.ac.uk/24-25/dpt/cxredu12005.htm
2024-11-27 19:21:07,830 - INFO - 1 instances updated to ./data_container/24_11_27_19_20_30/24-25_cx_s_su819.htm.csv.
2024-11-27 19:21:07,843 - INFO - Visiting: http://www.drps.ed.ac.uk/24-25/dpt/cxredu12002.htm
2024-11-27 19:21:07,865 - INFO - 1 instances updated to ./data_container/24_11_27_19_20_30/24-25_cx_s_su819.htm.csv.
2024-11-27 19:21:07,865 - INFO - Mining for keywords Accessibility,Inclusive design,Disability rights,Adaptive tools is success.
2024-11-27 19:21:07,883 - INFO - Visiting: http://www.drps.ed.ac.uk/24-25/dpt/cx_sb_sprt.htm
2024-11-27 19:21:07,922 - INFO - Visiting: http://www.drps.ed.ac.uk/24-25/dpt/cxsprt08026.htm
2024-11-27 19:21:07,936 - INFO - 1 instances updated to ./data_container/24_11_27_19_20_30/24-25_cx_s_su819.htm.csv.
2024-11-27 19:21:07,954 - INFO - Visiting: http://www.drps.ed.ac.uk/24-25/dpt/cxsprt08032.htm
2024-11-27 19:21:07,976 - INFO - 1 instances updated to ./data_container/24_11_27_19_20_30/24-25_cx_s_su819.htm.csv.
2024-11-27 19:21:07,989 - INFO - Visiting: http://www.drps.ed.ac.uk/24-25/dpt/cxsprt08018.htm
2024-11-27 19:21:08,009 - INFO - 1 instances updated to ./data_container/24_11_27_19_20_30/24-25_cx_s_su819.htm.csv.
2024-11-27 19:21:08,020 - INFO - Visiting: http://www.drps.ed.ac.uk/24-25/dpt/cxsprt08030.htm
2024-11-27 19:21:08,038 - INFO - 1 instances updated to ./data_container/24_11_27_19_20_30/24-25_cx_s_su819.htm.csv.
2024-11-27 19:21:08,052 - INFO - Visiting: http://www.drps.ed.ac.uk/24-25/dpt/cxsprt08031.htm
2024-11-27 19:21:08,071 - INFO - 1 instances updated to ./data_container/24_11_27_19_20_30/24-25_cx_s_su819.htm.csv.
2024-11-27 19:21:08,084 - INFO - Visiting: http://www.drps.ed.ac.uk/24-25/dpt/cxsprt08029.htm
2024-11-27 19:21:08,102 - INFO - 1 instances updated to ./data_container/24_11_27_19_20_30/24-25_cx_s_su819.htm.csv.
2024-11-27 19:21:08,114 - INFO - Visiting: http://www.drps.ed.ac.uk/24-25/dpt/cxsprt08033.htm
2024-11-27 19:21:08,127 - INFO - 1 instances updated to ./data_container/24_11_27_19_20_30/24-25_cx_s_su819.htm.csv.
2024-11-27 19:21:08,144 - INFO - Visiting: http://www.drps.ed.ac.uk/24-25/dpt/cxsprt08021.htm
2024-11-27 19:21:08,169 - INFO - 1 instances updated to ./data_container/24_11_27_19_20_30/24-25_cx_s_su819.htm.csv.
2024-11-27 19:21:08,182 - INFO - Visiting: http://www.drps.ed.ac.uk/24-25/dpt/cxsprt08022.htm
2024-11-27 19:21:08,199 - INFO - 1 instances updated to ./data_container/24_11_27_19_20_30/24-25_cx_s_su819.htm.csv.
2024-11-27 19:21:08,212 - INFO - Visiting: http://www.drps.ed.ac.uk/24-25/dpt/cxsprt08019.htm
2024-11-27 19:21:08,235 - INFO - 1 instances updated to ./data_container/24_11_27_19_20_30/24-25_cx_s_su819.htm.csv.
2024-11-27 19:21:08,250 - INFO - Visiting: http://www.drps.ed.ac.uk/24-25/dpt/cxsprt08024.htm
2024-11-27 19:21:08,275 - INFO - 1 instances updated to ./data_container/24_11_27_19_20_30/24-25_cx_s_su819.htm.csv.
2024-11-27 19:21:08,294 - INFO - Visiting: http://www.drps.ed.ac.uk/24-25/dpt/cxsprt08020.htm
2024-11-27 19:21:08,311 - INFO - 1 instances updated to ./data_container/24_11_27_19_20_30/24-25_cx_s_su819.htm.csv.
2024-11-27 19:21:08,322 - INFO - Visiting: http://www.drps.ed.ac.uk/24-25/dpt/cxsprt08023.htm
2024-11-27 19:21:08,339 - INFO - 1 instances updated to ./data_container/24_11_27_19_20_30/24-25_cx_s_su819.htm.csv.
2024-11-27 19:21:08,363 - INFO - Visiting: http://www.drps.ed.ac.uk/24-25/dpt/cxsprt08001.htm
2024-11-27 19:21:08,387 - INFO - 1 instances updated to ./data_container/24_11_27_19_20_30/24-25_cx_s_su819.htm.csv.
2024-11-27 19:21:08,400 - INFO - Visiting: http://www.drps.ed.ac.uk/24-25/dpt/cxsprt08016.htm
2024-11-27 19:21:08,425 - INFO - 1 instances updated to ./data_container/24_11_27_19_20_30/24-25_cx_s_su819.htm.csv.
2024-11-27 19:21:08,437 - INFO - Visiting: http://www.drps.ed.ac.uk/24-25/dpt/cxsprt08014.htm
2024-11-27 19:21:08,454 - INFO - 1 instances updated to ./data_container/24_11_27_19_20_30/24-25_cx_s_su819.htm.csv.
2024-11-27 19:21:08,467 - INFO - Visiting: http://www.drps.ed.ac.uk/24-25/dpt/cxsprt08012.htm
2024-11-27 19:21:08,486 - INFO - 1 instances updated to ./data_container/24_11_27_19_20_30/24-25_cx_s_su819.htm.csv.
2024-11-27 19:21:08,498 - INFO - Visiting: http://www.drps.ed.ac.uk/24-25/dpt/cxsprt08028.htm
2024-11-27 19:21:08,517 - INFO - 1 instances updated to ./data_container/24_11_27_19_20_30/24-25_cx_s_su819.htm.csv.
2024-11-27 19:21:08,528 - INFO - Visiting: http://www.drps.ed.ac.uk/24-25/dpt/cxsprt08017.htm
2024-11-27 19:21:08,546 - INFO - 1 instances updated to ./data_container/24_11_27_19_20_30/24-25_cx_s_su819.htm.csv.
2024-11-27 19:21:08,557 - INFO - Visiting: http://www.drps.ed.ac.uk/24-25/dpt/cxsprt08027.htm
2024-11-27 19:21:08,572 - INFO - 1 instances updated to ./data_container/24_11_27_19_20_30/24-25_cx_s_su819.htm.csv.
2024-11-27 19:21:08,584 - INFO - Visiting: http://www.drps.ed.ac.uk/24-25/dpt/cxsprt08025.htm
2024-11-27 19:21:08,600 - INFO - 1 instances updated to ./data_container/24_11_27_19_20_30/24-25_cx_s_su819.htm.csv.
2024-11-27 19:21:08,613 - INFO - Visiting: http://www.drps.ed.ac.uk/24-25/dpt/cxsprt10037.htm
2024-11-27 19:21:08,634 - INFO - 1 instances updated to ./data_container/24_11_27_19_20_30/24-25_cx_s_su819.htm.csv.
2024-11-27 19:21:08,647 - INFO - Visiting: http://www.drps.ed.ac.uk/24-25/dpt/cxsprt10064.htm
2024-11-27 19:21:08,662 - INFO - 1 instances updated to ./data_container/24_11_27_19_20_30/24-25_cx_s_su819.htm.csv.
2024-11-27 19:21:08,674 - INFO - Visiting: http://www.drps.ed.ac.uk/24-25/dpt/cxsprt10059.htm
2024-11-27 19:21:08,692 - INFO - 1 instances updated to ./data_container/24_11_27_19_20_30/24-25_cx_s_su819.htm.csv.
2024-11-27 19:21:08,703 - INFO - Visiting: http://www.drps.ed.ac.uk/24-25/dpt/cxsprt10024.htm
2024-11-27 19:21:08,722 - INFO - 1 instances updated to ./data_container/24_11_27_19_20_30/24-25_cx_s_su819.htm.csv.
2024-11-27 19:21:08,734 - INFO - Visiting: http://www.drps.ed.ac.uk/24-25/dpt/cxsprt10025.htm
2024-11-27 19:21:08,756 - INFO - 1 instances updated to ./data_container/24_11_27_19_20_30/24-25_cx_s_su819.htm.csv.
2024-11-27 19:21:08,769 - INFO - Visiting: http://www.drps.ed.ac.uk/24-25/dpt/cxsprt10048.htm
2024-11-27 19:21:08,793 - INFO - 1 instances updated to ./data_container/24_11_27_19_20_30/24-25_cx_s_su819.htm.csv.
2024-11-27 19:21:08,807 - INFO - Visiting: http://www.drps.ed.ac.uk/24-25/dpt/cxsprt10029.htm
2024-11-27 19:21:08,828 - INFO - 1 instances updated to ./data_container/24_11_27_19_20_30/24-25_cx_s_su819.htm.csv.
2024-11-27 19:21:08,840 - INFO - Visiting: http://www.drps.ed.ac.uk/24-25/dpt/cxsprt10054.htm
2024-11-27 19:21:08,859 - INFO - 1 instances updated to ./data_container/24_11_27_19_20_30/24-25_cx_s_su819.htm.csv.
2024-11-27 19:21:08,872 - INFO - Visiting: http://www.drps.ed.ac.uk/24-25/dpt/cxsprt10053.htm
2024-11-27 19:21:08,948 - INFO - 1 instances updated to ./data_container/24_11_27_19_20_30/24-25_cx_s_su819.htm.csv.
2024-11-27 19:21:08,980 - INFO - Visiting: http://www.drps.ed.ac.uk/24-25/dpt/cxsprt10003.htm
2024-11-27 19:21:09,009 - INFO - 1 instances updated to ./data_container/24_11_27_19_20_30/24-25_cx_s_su819.htm.csv.
2024-11-27 19:21:09,021 - INFO - Visiting: http://www.drps.ed.ac.uk/24-25/dpt/cxsprt10004.htm
2024-11-27 19:21:09,046 - INFO - 1 instances updated to ./data_container/24_11_27_19_20_30/24-25_cx_s_su819.htm.csv.
2024-11-27 19:21:09,062 - INFO - Visiting: http://www.drps.ed.ac.uk/24-25/dpt/cxsprt10046.htm
2024-11-27 19:21:09,081 - INFO - 1 instances updated to ./data_container/24_11_27_19_20_30/24-25_cx_s_su819.htm.csv.
2024-11-27 19:21:09,092 - INFO - Visiting: http://www.drps.ed.ac.uk/24-25/dpt/cxsprt10020.htm
2024-11-27 19:21:09,113 - INFO - 1 instances updated to ./data_container/24_11_27_19_20_30/24-25_cx_s_su819.htm.csv.
2024-11-27 19:21:09,126 - INFO - Visiting: http://www.drps.ed.ac.uk/24-25/dpt/cxsprt10056.htm
2024-11-27 19:21:09,151 - INFO - 1 instances updated to ./data_container/24_11_27_19_20_30/24-25_cx_s_su819.htm.csv.
2024-11-27 19:21:09,165 - INFO - Visiting: http://www.drps.ed.ac.uk/24-25/dpt/cxsprt10062.htm
2024-11-27 19:21:09,190 - INFO - 1 instances updated to ./data_container/24_11_27_19_20_30/24-25_cx_s_su819.htm.csv.
2024-11-27 19:21:09,200 - INFO - Visiting: http://www.drps.ed.ac.uk/24-25/dpt/cxsprt10065.htm
2024-11-27 19:21:09,218 - INFO - 1 instances updated to ./data_container/24_11_27_19_20_30/24-25_cx_s_su819.htm.csv.
2024-11-27 19:21:09,231 - INFO - Visiting: http://www.drps.ed.ac.uk/24-25/dpt/cxsprt10033.htm
2024-11-27 19:21:09,253 - INFO - 1 instances updated to ./data_container/24_11_27_19_20_30/24-25_cx_s_su819.htm.csv.
2024-11-27 19:21:09,265 - INFO - Visiting: http://www.drps.ed.ac.uk/24-25/dpt/cxsprt10032.htm
2024-11-27 19:21:09,284 - INFO - 1 instances updated to ./data_container/24_11_27_19_20_30/24-25_cx_s_su819.htm.csv.
2024-11-27 19:21:09,297 - INFO - Visiting: http://www.drps.ed.ac.uk/24-25/dpt/cxsprt10052.htm
2024-11-27 19:21:09,317 - INFO - 1 instances updated to ./data_container/24_11_27_19_20_30/24-25_cx_s_su819.htm.csv.
2024-11-27 19:21:09,330 - INFO - Visiting: http://www.drps.ed.ac.uk/24-25/dpt/cxsprt10050.htm
2024-11-27 19:21:09,350 - INFO - 1 instances updated to ./data_container/24_11_27_19_20_30/24-25_cx_s_su819.htm.csv.
2024-11-27 19:21:09,383 - INFO - Visiting: http://www.drps.ed.ac.uk/24-25/dpt/cxsprt10049.htm
2024-11-27 19:21:09,411 - INFO - 1 instances updated to ./data_container/24_11_27_19_20_30/24-25_cx_s_su819.htm.csv.
2024-11-27 19:21:09,423 - INFO - Visiting: http://www.drps.ed.ac.uk/24-25/dpt/cxsprt10051.htm
2024-11-27 19:21:09,441 - INFO - 1 instances updated to ./data_container/24_11_27_19_20_30/24-25_cx_s_su819.htm.csv.
2024-11-27 19:21:09,454 - INFO - Visiting: http://www.drps.ed.ac.uk/24-25/dpt/cxsprt10047.htm
2024-11-27 19:21:09,477 - INFO - 1 instances updated to ./data_container/24_11_27_19_20_30/24-25_cx_s_su819.htm.csv.
2024-11-27 19:21:09,502 - INFO - Visiting: http://www.drps.ed.ac.uk/24-25/dpt/cxsprt10027.htm
2024-11-27 19:21:09,530 - INFO - 1 instances updated to ./data_container/24_11_27_19_20_30/24-25_cx_s_su819.htm.csv.
2024-11-27 19:21:09,542 - INFO - Visiting: http://www.drps.ed.ac.uk/24-25/dpt/cxsprt10005.htm
2024-11-27 19:21:09,566 - INFO - 1 instances updated to ./data_container/24_11_27_19_20_30/24-25_cx_s_su819.htm.csv.
2024-11-27 19:21:09,577 - INFO - Visiting: http://www.drps.ed.ac.uk/24-25/dpt/cxsprt10006.htm
2024-11-27 19:21:09,598 - INFO - 1 instances updated to ./data_container/24_11_27_19_20_30/24-25_cx_s_su819.htm.csv.
2024-11-27 19:21:09,610 - INFO - Visiting: http://www.drps.ed.ac.uk/24-25/dpt/cxsprt10038.htm
2024-11-27 19:21:09,632 - INFO - 1 instances updated to ./data_container/24_11_27_19_20_30/24-25_cx_s_su819.htm.csv.
2024-11-27 19:21:09,643 - INFO - Visiting: http://www.drps.ed.ac.uk/24-25/dpt/cxsprt10060.htm
2024-11-27 19:21:09,666 - INFO - 1 instances updated to ./data_container/24_11_27_19_20_30/24-25_cx_s_su819.htm.csv.
2024-11-27 19:21:09,679 - INFO - Visiting: http://www.drps.ed.ac.uk/24-25/dpt/cxsprt10057.htm
2024-11-27 19:21:09,701 - INFO - 1 instances updated to ./data_container/24_11_27_19_20_30/24-25_cx_s_su819.htm.csv.
2024-11-27 19:21:09,722 - INFO - Visiting: http://www.drps.ed.ac.uk/24-25/dpt/cxsprt10058.htm
2024-11-27 19:21:09,748 - INFO - 1 instances updated to ./data_container/24_11_27_19_20_30/24-25_cx_s_su819.htm.csv.
2024-11-27 19:21:09,761 - INFO - Visiting: http://www.drps.ed.ac.uk/24-25/dpt/cxsprt10061.htm
2024-11-27 19:21:09,788 - INFO - 1 instances updated to ./data_container/24_11_27_19_20_30/24-25_cx_s_su819.htm.csv.
2024-11-27 19:21:09,801 - INFO - Visiting: http://www.drps.ed.ac.uk/24-25/dpt/cxsprt10021.htm
2024-11-27 19:21:09,823 - INFO - 1 instances updated to ./data_container/24_11_27_19_20_30/24-25_cx_s_su819.htm.csv.
2024-11-27 19:21:09,834 - INFO - Visiting: http://www.drps.ed.ac.uk/24-25/dpt/cxsprt10067.htm
2024-11-27 19:21:09,860 - INFO - 1 instances updated to ./data_container/24_11_27_19_20_30/24-25_cx_s_su819.htm.csv.
2024-11-27 19:21:09,873 - INFO - Visiting: http://www.drps.ed.ac.uk/24-25/dpt/cxsprt10055.htm
2024-11-27 19:21:09,896 - INFO - 1 instances updated to ./data_container/24_11_27_19_20_30/24-25_cx_s_su819.htm.csv.
2024-11-27 19:21:09,915 - INFO - Visiting: http://www.drps.ed.ac.uk/24-25/dpt/cxsprt10030.htm
2024-11-27 19:21:09,948 - INFO - 1 instances updated to ./data_container/24_11_27_19_20_30/24-25_cx_s_su819.htm.csv.
2024-11-27 19:21:09,960 - INFO - Visiting: http://www.drps.ed.ac.uk/24-25/dpt/cxsprt10012.htm
2024-11-27 19:21:09,985 - INFO - 1 instances updated to ./data_container/24_11_27_19_20_30/24-25_cx_s_su819.htm.csv.
2024-11-27 19:21:10,020 - INFO - Visiting: http://www.drps.ed.ac.uk/24-25/dpt/cxsprt10034.htm
2024-11-27 19:21:10,054 - INFO - 1 instances updated to ./data_container/24_11_27_19_20_30/24-25_cx_s_su819.htm.csv.
2024-11-27 19:21:10,066 - INFO - Visiting: http://www.drps.ed.ac.uk/24-25/dpt/cxsprt10034.htm
2024-11-27 19:21:10,095 - INFO - 1 instances updated to ./data_container/24_11_27_19_20_30/24-25_cx_s_su819.htm.csv.
2024-11-27 19:21:10,118 - INFO - Visiting: http://www.drps.ed.ac.uk/24-25/dpt/cxsprt10034.htm
2024-11-27 19:21:10,152 - INFO - 1 instances updated to ./data_container/24_11_27_19_20_30/24-25_cx_s_su819.htm.csv.
2024-11-27 19:21:10,166 - INFO - Visiting: http://www.drps.ed.ac.uk/24-25/dpt/cxsprt10031.htm
2024-11-27 19:21:10,426 - INFO - 1 instances updated to ./data_container/24_11_27_19_20_30/24-25_cx_s_su819.htm.csv.
2024-11-27 19:21:10,440 - INFO - Visiting: http://www.drps.ed.ac.uk/24-25/dpt/cxsprt10063.htm
2024-11-27 19:21:10,467 - INFO - 1 instances updated to ./data_container/24_11_27_19_20_30/24-25_cx_s_su819.htm.csv.
2024-11-27 19:21:10,480 - INFO - Visiting: http://www.drps.ed.ac.uk/24-25/dpt/cxsprt10035.htm
2024-11-27 19:21:10,501 - INFO - 1 instances updated to ./data_container/24_11_27_19_20_30/24-25_cx_s_su819.htm.csv.
2024-11-27 19:21:10,513 - INFO - Visiting: http://www.drps.ed.ac.uk/24-25/dpt/cxsprt10066.htm
2024-11-27 19:21:10,537 - INFO - 1 instances updated to ./data_container/24_11_27_19_20_30/24-25_cx_s_su819.htm.csv.
2024-11-27 19:21:10,552 - INFO - Visiting: http://www.drps.ed.ac.uk/24-25/dpt/cxsprt11014.htm
2024-11-27 19:21:10,576 - INFO - 1 instances updated to ./data_container/24_11_27_19_20_30/24-25_cx_s_su819.htm.csv.
2024-11-27 19:21:10,588 - INFO - Visiting: http://www.drps.ed.ac.uk/24-25/dpt/cxsprt11017.htm
2024-11-27 19:21:10,614 - INFO - 1 instances updated to ./data_container/24_11_27_19_20_30/24-25_cx_s_su819.htm.csv.
2024-11-27 19:21:10,626 - INFO - Visiting: http://www.drps.ed.ac.uk/24-25/dpt/cxsprt11015.htm
2024-11-27 19:21:10,654 - INFO - 1 instances updated to ./data_container/24_11_27_19_20_30/24-25_cx_s_su819.htm.csv.
2024-11-27 19:21:10,672 - INFO - Visiting: http://www.drps.ed.ac.uk/24-25/dpt/cxsprt11006.htm
2024-11-27 19:21:10,699 - INFO - 1 instances updated to ./data_container/24_11_27_19_20_30/24-25_cx_s_su819.htm.csv.
2024-11-27 19:21:10,712 - INFO - Visiting: http://www.drps.ed.ac.uk/24-25/dpt/cxsprt11011.htm
2024-11-27 19:21:10,737 - INFO - 1 instances updated to ./data_container/24_11_27_19_20_30/24-25_cx_s_su819.htm.csv.
2024-11-27 19:21:10,755 - INFO - Visiting: http://www.drps.ed.ac.uk/24-25/dpt/cxsprt11012.htm
2024-11-27 19:21:10,840 - INFO - 1 instances updated to ./data_container/24_11_27_19_20_30/24-25_cx_s_su819.htm.csv.
2024-11-27 19:21:10,853 - INFO - Visiting: http://www.drps.ed.ac.uk/24-25/dpt/cxsprt11016.htm
2024-11-27 19:21:10,872 - INFO - 1 instances updated to ./data_container/24_11_27_19_20_30/24-25_cx_s_su819.htm.csv.
2024-11-27 19:21:10,884 - INFO - Visiting: http://www.drps.ed.ac.uk/24-25/dpt/cxsprt11013.htm
2024-11-27 19:21:10,904 - INFO - 1 instances updated to ./data_container/24_11_27_19_20_30/24-25_cx_s_su819.htm.csv.
2024-11-27 19:21:10,904 - INFO - Mining for keywords Accessibility,Inclusive design,Disability rights,Adaptive tools is success.
9:20:58,656 - INFO - 1 instances updated to ./data_container/24_11_27_19_20_30/24-25_cx_s_su819.htm.csv.
2024-11-27 19:20:58,667 - INFO - Visiting: http://www.drps.ed.ac.uk/24-25/dpt/cxedua11317.htm
2024-11-27 19:20:58,702 - INFO - 1 instances updated to ./data_container/24_11_27_19_20_30/24-25_cx_s_su819.htm.csv.
2024-11-27 19:20:58,715 - INFO - Visiting: http://www.drps.ed.ac.uk/24-25/dpt/cxedua11414.htm
2024-11-27 19:20:58,752 - INFO - 1 instances updated to ./data_container/24_11_27_19_20_30/24-25_cx_s_su819.htm.csv.
2024-11-27 19:20:58,766 - INFO - Visiting: http://www.drps.ed.ac.uk/24-25/dpt/cxedua11255.htm
2024-11-27 19:20:58,804 - INFO - 1 instances updated to ./data_container/24_11_27_19_20_30/24-25_cx_s_su819.htm.csv.
2024-11-27 19:20:58,816 - INFO - Visiting: http://www.drps.ed.ac.uk/24-25/dpt/cxedua11303.htm
2024-11-27 19:20:58,852 - INFO - 1 instances updated to ./data_container/24_11_27_19_20_30/24-25_cx_s_su819.htm.csv.
2024-11-27 19:20:58,864 - INFO - Visiting: http://www.drps.ed.ac.uk/24-25/dpt/cxedua11353.htm
2024-11-27 19:20:58,903 - INFO - 1 instances updated to ./data_container/24_11_27_19_20_30/24-25_cx_s_su819.htm.csv.
2024-11-27 19:20:58,914 - INFO - Visiting: http://www.drps.ed.ac.uk/24-25/dpt/cxedua11446.htm
2024-11-27 19:20:58,946 - INFO - 1 instances updated to ./data_container/24_11_27_19_20_30/24-25_cx_s_su819.htm.csv.
2024-11-27 19:20:58,962 - INFO - Visiting: http://www.drps.ed.ac.uk/24-25/dpt/cxedua11388.htm
2024-11-27 19:20:59,001 - INFO - 1 instances updated to ./data_container/24_11_27_19_20_30/24-25_cx_s_su819.htm.csv.
2024-11-27 19:20:59,014 - INFO - Visiting: http://www.drps.ed.ac.uk/24-25/dpt/cxedua11314.htm
2024-11-27 19:20:59,054 - INFO - 1 instances updated to ./data_container/24_11_27_19_20_30/24-25_cx_s_su819.htm.csv.
2024-11-27 19:20:59,066 - INFO - Visiting: http://www.drps.ed.ac.uk/24-25/dpt/cxedua11404.htm
2024-11-27 19:20:59,100 - INFO - 1 instances updated to ./data_container/24_11_27_19_20_30/24-25_cx_s_su819.htm.csv.
2024-11-27 19:20:59,111 - INFO - Visiting: http://www.drps.ed.ac.uk/24-25/dpt/cxedua11259.htm
2024-11-27 19:20:59,159 - INFO - 1 instances updated to ./data_container/24_11_27_19_20_30/24-25_cx_s_su819.htm.csv.
2024-11-27 19:20:59,179 - INFO - Visiting: http://www.drps.ed.ac.uk/24-25/dpt/cxedua11408.htm
2024-11-27 19:20:59,226 - INFO - 1 instances updated to ./data_container/24_11_27_19_20_30/24-25_cx_s_su819.htm.csv.
2024-11-27 19:20:59,237 - INFO - Visiting: http://www.drps.ed.ac.uk/24-25/dpt/cxedua11305.htm
2024-11-27 19:20:59,289 - INFO - 1 instances updated to ./data_container/24_11_27_19_20_30/24-25_cx_s_su819.htm.csv.
2024-11-27 19:20:59,306 - INFO - Visiting: http://www.drps.ed.ac.uk/24-25/dpt/cxedua11434.htm
2024-11-27 19:20:59,339 - INFO - 1 instances updated to ./data_container/24_11_27_19_20_30/24-25_cx_s_su819.htm.csv.
2024-11-27 19:20:59,349 - INFO - Visiting: http://www.drps.ed.ac.uk/24-25/dpt/cxedua11418.htm
2024-11-27 19:20:59,381 - INFO - 1 instances updated to ./data_container/24_11_27_19_20_30/24-25_cx_s_su819.htm.csv.
2024-11-27 19:20:59,392 - INFO - Visiting: http://www.drps.ed.ac.uk/24-25/dpt/cxedua11169.htm
2024-11-27 19:20:59,424 - INFO - 1 instances updated to ./data_container/24_11_27_19_20_30/24-25_cx_s_su819.htm.csv.
2024-11-27 19:20:59,448 - INFO - Visiting: http://www.drps.ed.ac.uk/24-25/dpt/cxedua11244.htm
2024-11-27 19:20:59,489 - INFO - 1 instances updated to ./data_container/24_11_27_19_20_30/24-25_cx_s_su819.htm.csv.
2024-11-27 19:20:59,510 - INFO - Visiting: http://www.drps.ed.ac.uk/24-25/dpt/cxedua11399.htm
2024-11-27 19:20:59,551 - INFO - 1 instances updated to ./data_container/24_11_27_19_20_30/24-25_cx_s_su819.htm.csv.
2024-11-27 19:20:59,563 - INFO - Visiting: http://www.drps.ed.ac.uk/24-25/dpt/cxedua11342.htm
2024-11-27 19:20:59,605 - INFO - 1 instances updated to ./data_container/24_11_27_19_20_30/24-25_cx_s_su819.htm.csv.
2024-11-27 19:20:59,616 - INFO - Visiting: http://www.drps.ed.ac.uk/24-25/dpt/cxedua11410.htm
2024-11-27 19:20:59,656 - INFO - 1 instances updated to ./data_container/24_11_27_19_20_30/24-25_cx_s_su819.htm.csv.
2024-11-27 19:20:59,669 - INFO - Visiting: http://www.drps.ed.ac.uk/24-25/dpt/cxedua11152.htm
2024-11-27 19:20:59,705 - INFO - 1 instances updated to ./data_container/24_11_27_19_20_30/24-25_cx_s_su819.htm.csv.
2024-11-27 19:20:59,723 - INFO - Visiting: http://www.drps.ed.ac.uk/24-25/dpt/cxedua11428.htm
2024-11-27 19:20:59,764 - INFO - 1 instances updated to ./data_container/24_11_27_19_20_30/24-25_cx_s_su819.htm.csv.
2024-11-27 19:20:59,785 - INFO - Visiting: http://www.drps.ed.ac.uk/24-25/dpt/cxedua11445.htm
2024-11-27 19:20:59,821 - INFO - 1 instances updated to ./data_container/24_11_27_19_20_30/24-25_cx_s_su819.htm.csv.
2024-11-27 19:20:59,833 - INFO - Visiting: http://www.drps.ed.ac.uk/24-25/dpt/cxedua11011.htm
2024-11-27 19:20:59,882 - INFO - 1 instances updated to ./data_container/24_11_27_19_20_30/24-25_cx_s_su819.htm.csv.
2024-11-27 19:20:59,896 - INFO - Visiting: http://www.drps.ed.ac.uk/24-25/dpt/cxedua11119.htm
2024-11-27 19:20:59,947 - INFO - 1 instances updated to ./data_container/24_11_27_19_20_30/24-25_cx_s_su819.htm.csv.
2024-11-27 19:20:59,959 - INFO - Visiting: http://www.drps.ed.ac.uk/24-25/dpt/cxedua11437.htm
2024-11-27 19:21:00,002 - INFO - 1 instances updated to ./data_container/24_11_27_19_20_30/24-25_cx_s_su819.htm.csv.
2024-11-27 19:21:00,014 - INFO - Visiting: http://www.drps.ed.ac.uk/24-25/dpt/cxedua11436.htm
2024-11-27 19:21:00,053 - INFO - 1 instances updated to ./data_container/24_11_27_19_20_30/24-25_cx_s_su819.htm.csv.
2024-11-27 19:21:00,065 - INFO - Visiting: http://www.drps.ed.ac.uk/24-25/dpt/cxedua11316.htm
2024-11-27 19:21:00,102 - INFO - 1 instances updated to ./data_container/24_11_27_19_20_30/24-25_cx_s_su819.htm.csv.
2024-11-27 19:21:00,114 - INFO - Visiting: http://www.drps.ed.ac.uk/24-25/dpt/cxedua11282.htm
2024-11-27 19:21:00,154 - INFO - 1 instances updated to ./data_container/24_11_27_19_20_30/24-25_cx_s_su819.htm.csv.
2024-11-27 19:21:00,174 - INFO - Visiting: http://www.drps.ed.ac.uk/24-25/dpt/cxedua11407.htm
2024-11-27 19:21:00,217 - INFO - 1 instances updated to ./data_container/24_11_27_19_20_30/24-25_cx_s_su819.htm.csv.
2024-11-27 19:21:00,228 - INFO - Visiting: http://www.drps.ed.ac.uk/24-25/dpt/cxedua11247.htm
2024-11-27 19:21:00,266 - INFO - 1 instances updated to ./data_container/24_11_27_19_20_30/24-25_cx_s_su819.htm.csv.
2024-11-27 19:21:00,289 - INFO - Visiting: http://www.drps.ed.ac.uk/24-25/dpt/cxedua11283.htm
2024-11-27 19:21:00,331 - INFO - 1 instances updated to ./data_container/24_11_27_19_20_30/24-25_cx_s_su819.htm.csv.
2024-11-27 19:21:00,343 - INFO - Visiting: http://www.drps.ed.ac.uk/24-25/dpt/cxedua11415.htm
2024-11-27 19:21:00,380 - INFO - 1 instances updated to ./data_container/24_11_27_19_20_30/24-25_cx_s_su819.htm.csv.
2024-11-27 19:21:00,391 - INFO - Visiting: http://www.drps.ed.ac.uk/24-25/dpt/cxedua11045.htm
2024-11-27 19:21:00,427 - INFO - 1 instances updated to ./data_container/24_11_27_19_20_30/24-25_cx_s_su819.htm.csv.
2024-11-27 19:21:00,438 - INFO - Visiting: http://www.drps.ed.ac.uk/24-25/dpt/cxedua11240.htm
2024-11-27 19:21:00,476 - INFO - 1 instances updated to ./data_container/24_11_27_19_20_30/24-25_cx_s_su819.htm.csv.
2024-11-27 19:21:00,488 - INFO - Visiting: http://www.drps.ed.ac.uk/24-25/dpt/cxedua11413.htm
2024-11-27 19:21:00,528 - INFO - 1 instances updated to ./data_container/24_11_27_19_20_30/24-25_cx_s_su819.htm.csv.
2024-11-27 19:21:00,540 - INFO - Visiting: http://www.drps.ed.ac.uk/24-25/dpt/cxedua11248.htm
2024-11-27 19:21:00,597 - INFO - 1 instances updated to ./data_container/24_11_27_19_20_30/24-25_cx_s_su819.htm.csv.
2024-11-27 19:21:00,609 - INFO - Visiting: http://www.drps.ed.ac.uk/24-25/dpt/cxedua11201.htm
2024-11-27 19:21:00,659 - INFO - 1 instances updated to ./data_container/24_11_27_19_20_30/24-25_cx_s_su819.htm.csv.
2024-11-27 19:21:00,670 - INFO - Visiting: http://www.drps.ed.ac.uk/24-25/dpt/cxedua11419.htm
2024-11-27 19:21:00,768 - INFO - 1 instances updated to ./data_container/24_11_27_19_20_30/24-25_cx_s_su819.htm.csv.
2024-11-27 19:21:00,781 - INFO - Visiting: http://www.drps.ed.ac.uk/24-25/dpt/cxedua11392.htm
2024-11-27 19:21:00,824 - INFO - 1 instances updated to ./data_container/24_11_27_19_20_30/24-25_cx_s_su819.htm.csv.
2024-11-27 19:21:00,839 - INFO - Visiting: http://www.drps.ed.ac.uk/24-25/dpt/cxedua11346.htm
2024-11-27 19:21:00,874 - INFO - 1 instances updated to ./data_container/24_11_27_19_20_30/24-25_cx_s_su819.htm.csv.
2024-11-27 19:21:00,887 - INFO - Visiting: http://www.drps.ed.ac.uk/24-25/dpt/cxedua11125.htm
2024-11-27 19:21:00,925 - INFO - 1 instances updated to ./data_container/24_11_27_19_20_30/24-25_cx_s_su819.htm.csv.
2024-11-27 19:21:00,937 - INFO - Visiting: http://www.drps.ed.ac.uk/24-25/dpt/cxedua11344.htm
2024-11-27 19:21:00,976 - INFO - 1 instances updated to ./data_container/24_11_27_19_20_30/24-25_cx_s_su819.htm.csv.
2024-11-27 19:21:00,987 - INFO - Visiting: http://www.drps.ed.ac.uk/24-25/dpt/cxedua11252.htm
2024-11-27 19:21:01,023 - INFO - 1 instances updated to ./data_container/24_11_27_19_20_30/24-25_cx_s_su819.htm.csv.
2024-11-27 19:21:01,036 - INFO - Visiting: http://www.drps.ed.ac.uk/24-25/dpt/cxedua11443.htm
2024-11-27 19:21:01,076 - INFO - 1 instances updated to ./data_container/24_11_27_19_20_30/24-25_cx_s_su819.htm.csv.
2024-11-27 19:21:01,089 - INFO - Visiting: http://www.drps.ed.ac.uk/24-25/dpt/cxedua11327.htm
2024-11-27 19:21:01,124 - INFO - 1 instances updated to ./data_container/24_11_27_19_20_30/24-25_cx_s_su819.htm.csv.
2024-11-27 19:21:01,148 - INFO - Visiting: http://www.drps.ed.ac.uk/24-25/dpt/cxedua11094.htm
2024-11-27 19:21:01,192 - INFO - 1 instances updated to ./data_container/24_11_27_19_20_30/24-25_cx_s_su819.htm.csv.
2024-11-27 19:21:01,203 - INFO - Visiting: http://www.drps.ed.ac.uk/24-25/dpt/cxedua11383.htm
2024-11-27 19:21:01,239 - INFO - 1 instances updated to ./data_container/24_11_27_19_20_30/24-25_cx_s_su819.htm.csv.
2024-11-27 19:21:01,252 - INFO - Visiting: http://www.drps.ed.ac.uk/24-25/dpt/cxedua11442.htm
2024-11-27 19:21:01,287 - INFO - 1 instances updated to ./data_container/24_11_27_19_20_30/24-25_cx_s_su819.htm.csv.
2024-11-27 19:21:01,299 - INFO - Visiting: http://www.drps.ed.ac.uk/24-25/dpt/cxedua11460.htm
2024-11-27 19:21:01,340 - INFO - 1 instances updated to ./data_container/24_11_27_19_20_30/24-25_cx_s_su819.htm.csv.
2024-11-27 19:21:01,355 - INFO - Visiting: http://www.drps.ed.ac.uk/24-25/dpt/cxedua11459.htm
2024-11-27 19:21:01,391 - INFO - 1 instances updated to ./data_container/24_11_27_19_20_30/24-25_cx_s_su819.htm.csv.
2024-11-27 19:21:01,409 - INFO - Visiting: http://www.drps.ed.ac.uk/24-25/dpt/cxedua11373.htm
2024-11-27 19:21:01,452 - INFO - 1 instances updated to ./data_container/24_11_27_19_20_30/24-25_cx_s_su819.htm.csv.
2024-11-27 19:21:01,469 - INFO - Visiting: http://www.drps.ed.ac.uk/24-25/dpt/cxedua11212.htm
2024-11-27 19:21:01,509 - INFO - 1 instances updated to ./data_container/24_11_27_19_20_30/24-25_cx_s_su819.htm.csv.
2024-11-27 19:21:01,526 - INFO - Visiting: http://www.drps.ed.ac.uk/24-25/dpt/cxedua11328.htm
2024-11-27 19:21:01,560 - INFO - 1 instances updated to ./data_container/24_11_27_19_20_30/24-25_cx_s_su819.htm.csv.
2024-11-27 19:21:01,575 - INFO - Visiting: http://www.drps.ed.ac.uk/24-25/dpt/cxedua11423.htm
2024-11-27 19:21:01,617 - INFO - 1 instances updated to ./data_container/24_11_27_19_20_30/24-25_cx_s_su819.htm.csv.
2024-11-27 19:21:01,633 - INFO - Visiting: http://www.drps.ed.ac.uk/24-25/dpt/cxedua11117.htm
2024-11-27 19:21:01,679 - INFO - 1 instances updated to ./data_container/24_11_27_19_20_30/24-25_cx_s_su819.htm.csv.
2024-11-27 19:21:01,693 - INFO - Visiting: http://www.drps.ed.ac.uk/24-25/dpt/cxedua11452.htm
2024-11-27 19:21:01,736 - INFO - 1 instances updated to ./data_container/24_11_27_19_20_30/24-25_cx_s_su819.htm.csv.
2024-11-27 19:21:01,751 - INFO - Visiting: http://www.drps.ed.ac.uk/24-25/dpt/cxedua11290.htm
2024-11-27 19:21:01,791 - INFO - 1 instances updated to ./data_container/24_11_27_19_20_30/24-25_cx_s_su819.htm.csv.
2024-11-27 19:21:01,804 - INFO - Visiting: http://www.drps.ed.ac.uk/24-25/dpt/cxedua11289.htm
2024-11-27 19:21:01,844 - INFO - 1 instances updated to ./data_container/24_11_27_19_20_30/24-25_cx_s_su819.htm.csv.
2024-11-27 19:21:01,857 - INFO - Visiting: http://www.drps.ed.ac.uk/24-25/dpt/cxedua11288.htm
2024-11-27 19:21:01,901 - INFO - 1 instances updated to ./data_container/24_11_27_19_20_30/24-25_cx_s_su819.htm.csv.
2024-11-27 19:21:01,912 - INFO - Visiting: http://www.drps.ed.ac.uk/24-25/dpt/cxedua11332.htm
2024-11-27 19:21:01,954 - INFO - 1 instances updated to ./data_container/24_11_27_19_20_30/24-25_cx_s_su819.htm.csv.
2024-11-27 19:21:01,967 - INFO - Visiting: http://www.drps.ed.ac.uk/24-25/dpt/cxedua11041.htm
2024-11-27 19:21:02,015 - INFO - 1 instances updated to ./data_container/24_11_27_19_20_30/24-25_cx_s_su819.htm.csv.
2024-11-27 19:21:02,031 - INFO - Visiting: http://www.drps.ed.ac.uk/24-25/dpt/cxedua11449.htm
2024-11-27 19:21:02,089 - INFO - 1 instances updated to ./data_container/24_11_27_19_20_30/24-25_cx_s_su819.htm.csv.
2024-11-27 19:21:02,123 - INFO - Visiting: http://www.drps.ed.ac.uk/24-25/dpt/cxedua11403.htm
2024-11-27 19:21:02,168 - INFO - 1 instances updated to ./data_container/24_11_27_19_20_30/24-25_cx_s_su819.htm.csv.
2024-11-27 19:21:02,183 - INFO - Visiting: http://www.drps.ed.ac.uk/24-25/dpt/cxedua11116.htm
2024-11-27 19:21:02,228 - INFO - 1 instances updated to ./data_container/24_11_27_19_20_30/24-25_cx_s_su819.htm.csv.
2024-11-27 19:21:02,245 - INFO - Visiting: http://www.drps.ed.ac.uk/24-25/dpt/cxedua11105.htm
2024-11-27 19:21:02,297 - INFO - 1 instances updated to ./data_container/24_11_27_19_20_30/24-25_cx_s_su819.htm.csv.
2024-11-27 19:21:02,309 - INFO - Visiting: http://www.drps.ed.ac.uk/24-25/dpt/cxedua11453.htm
2024-11-27 19:21:02,348 - INFO - 1 instances updated to ./data_container/24_11_27_19_20_30/24-25_cx_s_su819.htm.csv.
2024-11-27 19:21:02,361 - INFO - Visiting: http://www.drps.ed.ac.uk/24-25/dpt/cxedua11421.htm
2024-11-27 19:21:02,402 - INFO - 1 instances updated to ./data_container/24_11_27_19_20_30/24-25_cx_s_su819.htm.csv.
2024-11-27 19:21:02,414 - INFO - Visiting: http://www.drps.ed.ac.uk/24-25/dpt/cxedua11409.htm
2024-11-27 19:21:02,457 - INFO - 1 instances updated to ./data_container/24_11_27_19_20_30/24-25_cx_s_su819.htm.csv.
2024-11-27 19:21:02,472 - INFO - Visiting: http://www.drps.ed.ac.uk/24-25/dpt/cxedua11258.htm
2024-11-27 19:21:02,513 - INFO - 1 instances updated to ./data_container/24_11_27_19_20_30/24-25_cx_s_su819.htm.csv.
2024-11-27 19:21:02,524 - INFO - Visiting: http://www.drps.ed.ac.uk/24-25/dpt/cxedua11040.htm
2024-11-27 19:21:02,582 - INFO - 1 instances updated to ./data_container/24_11_27_19_20_30/24-25_cx_s_su819.htm.csv.
2024-11-27 19:21:02,594 - INFO - Visiting: http://www.drps.ed.ac.uk/24-25/dpt/cxedua11326.htm
2024-11-27 19:21:02,640 - INFO - 1 instances updated to ./data_container/24_11_27_19_20_30/24-25_cx_s_su819.htm.csv.
2024-11-27 19:21:02,651 - INFO - Visiting: http://www.drps.ed.ac.uk/24-25/dpt/cxedua11350.htm
2024-11-27 19:21:02,689 - INFO - 1 instances updated to ./data_container/24_11_27_19_20_30/24-25_cx_s_su819.htm.csv.
2024-11-27 19:21:02,703 - INFO - Visiting: http://www.drps.ed.ac.uk/24-25/dpt/cxedua11287.htm
2024-11-27 19:21:02,745 - INFO - 1 instances updated to ./data_container/24_11_27_19_20_30/24-25_cx_s_su819.htm.csv.
2024-11-27 19:21:02,758 - INFO - Visiting: http://www.drps.ed.ac.uk/24-25/dpt/cxedua11285.htm
2024-11-27 19:21:02,801 - INFO - 1 instances updated to ./data_container/24_11_27_19_20_30/24-25_cx_s_su819.htm.csv.
2024-11-27 19:21:02,817 - INFO - Visiting: http://www.drps.ed.ac.uk/24-25/dpt/cxedua11286.htm
2024-11-27 19:21:02,863 - INFO - 1 instances updated to ./data_container/24_11_27_19_20_30/24-25_cx_s_su819.htm.csv.
2024-11-27 19:21:02,875 - INFO - Visiting: http://www.drps.ed.ac.uk/24-25/dpt/cxedua11210.htm
2024-11-27 19:21:02,917 - INFO - 1 instances updated to ./data_container/24_11_27_19_20_30/24-25_cx_s_su819.htm.csv.
2024-11-27 19:21:02,932 - INFO - Visiting: http://www.drps.ed.ac.uk/24-25/dpt/cxedua11194.htm
2024-11-27 19:21:02,979 - INFO - 1 instances updated to ./data_container/24_11_27_19_20_30/24-25_cx_s_su819.htm.csv.
2024-11-27 19:21:02,991 - INFO - Visiting: http://www.drps.ed.ac.uk/24-25/dpt/cxedua11334.htm
2024-11-27 19:21:03,095 - INFO - 1 instances updated to ./data_container/24_11_27_19_20_30/24-25_cx_s_su819.htm.csv.
2024-11-27 19:21:03,107 - INFO - Visiting: http://www.drps.ed.ac.uk/24-25/dpt/cxedua11461.htm
2024-11-27 19:21:03,145 - INFO - 1 instances updated to ./data_container/24_11_27_19_20_30/24-25_cx_s_su819.htm.csv.
2024-11-27 19:21:03,157 - INFO - Visiting: http://www.drps.ed.ac.uk/24-25/dpt/cxedua11048.htm
2024-11-27 19:21:03,196 - INFO - 1 instances updated to ./data_container/24_11_27_19_20_30/24-25_cx_s_su819.htm.csv.
2024-11-27 19:21:03,218 - INFO - Visiting: http://www.drps.ed.ac.uk/24-25/dpt/cxedua11042.htm
2024-11-27 19:21:03,317 - INFO - 1 instances updated to ./data_container/24_11_27_19_20_30/24-25_cx_s_su819.htm.csv.
2024-11-27 19:21:03,330 - INFO - Visiting: http://www.drps.ed.ac.uk/24-25/dpt/cxedua11439.htm
2024-11-27 19:21:03,367 - INFO - 1 instances updated to ./data_container/24_11_27_19_20_30/24-25_cx_s_su819.htm.csv.
2024-11-27 19:21:03,378 - INFO - Visiting: http://www.drps.ed.ac.uk/24-25/dpt/cxedua11354.htm
2024-11-27 19:21:03,416 - INFO - 1 instances updated to ./data_container/24_11_27_19_20_30/24-25_cx_s_su819.htm.csv.
2024-11-27 19:21:03,429 - INFO - Visiting: http://www.drps.ed.ac.uk/24-25/dpt/cxedua11391.htm
2024-11-27 19:21:03,471 - INFO - 1 instances updated to ./data_container/24_11_27_19_20_30/24-25_cx_s_su819.htm.csv.
2024-11-27 19:21:03,484 - INFO - Visiting: http://www.drps.ed.ac.uk/24-25/dpt/cxedua11284.htm
2024-11-27 19:21:03,535 - INFO - 1 instances updated to ./data_container/24_11_27_19_20_30/24-25_cx_s_su819.htm.csv.
2024-11-27 19:21:03,548 - INFO - Visiting: http://www.drps.ed.ac.uk/24-25/dpt/cxedua11124.htm
2024-11-27 19:21:03,585 - INFO - 1 instances updated to ./data_container/24_11_27_19_20_30/24-25_cx_s_su819.htm.csv.
2024-11-27 19:21:03,597 - INFO - Visiting: http://www.drps.ed.ac.uk/24-25/dpt/cxedua11257.htm
2024-11-27 19:21:03,638 - INFO - 1 instances updated to ./data_container/24_11_27_19_20_30/24-25_cx_s_su819.htm.csv.
2024-11-27 19:21:03,664 - INFO - Visiting: http://www.drps.ed.ac.uk/24-25/dpt/cxedua11351.htm
2024-11-27 19:21:03,711 - INFO - 1 instances updated to ./data_container/24_11_27_19_20_30/24-25_cx_s_su819.htm.csv.
2024-11-27 19:21:03,723 - INFO - Visiting: http://www.drps.ed.ac.uk/24-25/dpt/cxedua11462.htm
2024-11-27 19:21:03,766 - INFO - 1 instances updated to ./data_container/24_11_27_19_20_30/24-25_cx_s_su819.htm.csv.
2024-11-27 19:21:03,779 - INFO - Visiting: http://www.drps.ed.ac.uk/24-25/dpt/cxedua11416.htm
2024-11-27 19:21:03,822 - INFO - 1 instances updated to ./data_container/24_11_27_19_20_30/24-25_cx_s_su819.htm.csv.
2024-11-27 19:21:03,837 - INFO - Visiting: http://www.drps.ed.ac.uk/24-25/dpt/cxedua11304.htm
2024-11-27 19:21:03,882 - INFO - 1 instances updated to ./data_container/24_11_27_19_20_30/24-25_cx_s_su819.htm.csv.
2024-11-27 19:21:03,899 - INFO - Visiting: http://www.drps.ed.ac.uk/24-25/dpt/cxedua11235.htm
2024-11-27 19:21:03,948 - INFO - 1 instances updated to ./data_container/24_11_27_19_20_30/24-25_cx_s_su819.htm.csv.
2024-11-27 19:21:03,963 - INFO - Visiting: http://www.drps.ed.ac.uk/24-25/dpt/cxedua11300.htm
2024-11-27 19:21:04,011 - INFO - 1 instances updated to ./data_container/24_11_27_19_20_30/24-25_cx_s_su819.htm.csv.
2024-11-27 19:21:04,035 - INFO - Visiting: http://www.drps.ed.ac.uk/24-25/dpt/cxedua11301.htm
2024-11-27 19:21:04,082 - INFO - 1 instances updated to ./data_container/24_11_27_19_20_30/24-25_cx_s_su819.htm.csv.
2024-11-27 19:21:04,102 - INFO - Visiting: http://www.drps.ed.ac.uk/24-25/dpt/cxedua11297.htm
2024-11-27 19:21:04,147 - INFO - 1 instances updated to ./data_container/24_11_27_19_20_30/24-25_cx_s_su819.htm.csv.
2024-11-27 19:21:04,160 - INFO - Visiting: http://www.drps.ed.ac.uk/24-25/dpt/cxedua11457.htm
2024-11-27 19:21:04,204 - INFO - 1 instances updated to ./data_container/24_11_27_19_20_30/24-25_cx_s_su819.htm.csv.
2024-11-27 19:21:04,216 - INFO - Visiting: http://www.drps.ed.ac.uk/24-25/dpt/cxedua11298.htm
2024-11-27 19:21:04,264 - INFO - 1 instances updated to ./data_container/24_11_27_19_20_30/24-25_cx_s_su819.htm.csv.
2024-11-27 19:21:04,278 - INFO - Visiting: http://www.drps.ed.ac.uk/24-25/dpt/cxedua11299.htm
2024-11-27 19:21:04,325 - INFO - 1 instances updated to ./data_container/24_11_27_19_20_30/24-25_cx_s_su819.htm.csv.
2024-11-27 19:21:04,341 - INFO - Visiting: http://www.drps.ed.ac.uk/24-25/dpt/cxedua11038.htm
2024-11-27 19:21:04,383 - INFO - 1 instances updated to ./data_container/24_11_27_19_20_30/24-25_cx_s_su819.htm.csv.
2024-11-27 19:21:04,399 - INFO - Visiting: http://www.drps.ed.ac.uk/24-25/dpt/cxedua11463.htm
2024-11-27 19:21:04,446 - INFO - 1 instances updated to ./data_container/24_11_27_19_20_30/24-25_cx_s_su819.htm.csv.
2024-11-27 19:21:04,458 - INFO - Visiting: http://www.drps.ed.ac.uk/24-25/dpt/cxedua11368.htm
2024-11-27 19:21:04,505 - INFO - 1 instances updated to ./data_container/24_11_27_19_20_30/24-25_cx_s_su819.htm.csv.
2024-11-27 19:21:04,517 - INFO - Visiting: http://www.drps.ed.ac.uk/24-25/dpt/cxedua11377.htm
2024-11-27 19:21:04,557 - INFO - 1 instances updated to ./data_container/24_11_27_19_20_30/24-25_cx_s_su819.htm.csv.
2024-11-27 19:21:04,568 - INFO - Visiting: http://www.drps.ed.ac.uk/24-25/dpt/cxedua11369.htm
2024-11-27 19:21:04,613 - INFO - 1 instances updated to ./data_container/24_11_27_19_20_30/24-25_cx_s_su819.htm.csv.
2024-11-27 19:21:04,625 - INFO - Visiting: http://www.drps.ed.ac.uk/24-25/dpt/cxedua11382.htm
2024-11-27 19:21:04,670 - INFO - 1 instances updated to ./data_container/24_11_27_19_20_30/24-25_cx_s_su819.htm.csv.
2024-11-27 19:21:04,682 - INFO - Visiting: http://www.drps.ed.ac.uk/24-25/dpt/cxedua11402.htm
2024-11-27 19:21:04,722 - INFO - 1 instances updated to ./data_container/24_11_27_19_20_30/24-25_cx_s_su819.htm.csv.
2024-11-27 19:21:04,735 - INFO - Visiting: http://www.drps.ed.ac.uk/24-25/dpt/cxedua11365.htm
2024-11-27 19:21:04,783 - INFO - 1 instances updated to ./data_container/24_11_27_19_20_30/24-25_cx_s_su819.htm.csv.
2024-11-27 19:21:04,796 - INFO - Visiting: http://www.drps.ed.ac.uk/24-25/dpt/cxedua11366.htm
2024-11-27 19:21:04,845 - INFO - 1 instances updated to ./data_container/24_11_27_19_20_30/24-25_cx_s_su819.htm.csv.
2024-11-27 19:21:04,864 - INFO - Visiting: http://www.drps.ed.ac.uk/24-25/dpt/cxedua11401.htm
2024-11-27 19:21:04,914 - INFO - 1 instances updated to ./data_container/24_11_27_19_20_30/24-25_cx_s_su819.htm.csv.
2024-11-27 19:21:04,925 - INFO - Visiting: http://www.drps.ed.ac.uk/24-25/dpt/cxedua11381.htm
2024-11-27 19:21:04,968 - INFO - 1 instances updated to ./data_container/24_11_27_19_20_30/24-25_cx_s_su819.htm.csv.
2024-11-27 19:21:04,980 - INFO - Visiting: http://www.drps.ed.ac.uk/24-25/dpt/cxedua11380.htm
2024-11-27 19:21:05,028 - INFO - 1 instances updated to ./data_container/24_11_27_19_20_30/24-25_cx_s_su819.htm.csv.
2024-11-27 19:21:05,051 - INFO - Visiting: http://www.drps.ed.ac.uk/24-25/dpt/cxedua11424.htm
2024-11-27 19:21:05,101 - INFO - 1 instances updated to ./data_container/24_11_27_19_20_30/24-25_cx_s_su819.htm.csv.
2024-11-27 19:21:05,117 - INFO - Visiting: http://www.drps.ed.ac.uk/24-25/dpt/cxedua11329.htm
2024-11-27 19:21:05,166 - INFO - 1 instances updated to ./data_container/24_11_27_19_20_30/24-25_cx_s_su819.htm.csv.
2024-11-27 19:21:05,178 - INFO - Visiting: http://www.drps.ed.ac.uk/24-25/dpt/cxedua11367.htm
2024-11-27 19:21:05,225 - INFO - 1 instances updated to ./data_container/24_11_27_19_20_30/24-25_cx_s_su819.htm.csv.
2024-11-27 19:21:05,238 - INFO - Visiting: http://www.drps.ed.ac.uk/24-25/dpt/cxedua11340.htm
2024-11-27 19:21:05,283 - INFO - 1 instances updated to ./data_container/24_11_27_19_20_30/24-25_cx_s_su819.htm.csv.
2024-11-27 19:21:05,296 - INFO - Visiting: http://www.drps.ed.ac.uk/24-25/dpt/cxedua11347.htm
2024-11-27 19:21:05,345 - INFO - 1 instances updated to ./data_container/24_11_27_19_20_30/24-25_cx_s_su819.htm.csv.
2024-11-27 19:21:05,359 - INFO - Visiting: http://www.drps.ed.ac.uk/24-25/dpt/cxedua11206.htm
2024-11-27 19:21:05,403 - INFO - 1 instances updated to ./data_container/24_11_27_19_20_30/24-25_cx_s_su819.htm.csv.
2024-11-27 19:21:05,415 - INFO - Visiting: http://www.drps.ed.ac.uk/24-25/dpt/cxedua11233.htm
2024-11-27 19:21:05,480 - INFO - 1 instances updated to ./data_container/24_11_27_19_20_30/24-25_cx_s_su819.htm.csv.
2024-11-27 19:21:05,498 - INFO - Visiting: http://www.drps.ed.ac.uk/24-25/dpt/cxedua11385.htm
2024-11-27 19:21:05,549 - INFO - 1 instances updated to ./data_container/24_11_27_19_20_30/24-25_cx_s_su819.htm.csv.
2024-11-27 19:21:05,561 - INFO - Visiting: http://www.drps.ed.ac.uk/24-25/dpt/cxedua11338.htm
2024-11-27 19:21:05,609 - INFO - 1 instances updated to ./data_container/24_11_27_19_20_30/24-25_cx_s_su819.htm.csv.
2024-11-27 19:21:05,622 - INFO - Visiting: http://www.drps.ed.ac.uk/24-25/dpt/cxedua11250.htm
2024-11-27 19:21:05,669 - INFO - 1 instances updated to ./data_container/24_11_27_19_20_30/24-25_cx_s_su819.htm.csv.
2024-11-27 19:21:05,683 - INFO - Visiting: http://www.drps.ed.ac.uk/24-25/dpt/cxedua11458.htm
2024-11-27 19:21:05,725 - INFO - 1 instances updated to ./data_container/24_11_27_19_20_30/24-25_cx_s_su819.htm.csv.
2024-11-27 19:21:05,739 - INFO - Visiting: http://www.drps.ed.ac.uk/24-25/dpt/cxedua11363.htm
2024-11-27 19:21:05,842 - INFO - 1 instances updated to ./data_container/24_11_27_19_20_30/24-25_cx_s_su819.htm.csv.
2024-11-27 19:21:05,855 - INFO - Visiting: http://www.drps.ed.ac.uk/24-25/dpt/cxedua11324.htm
2024-11-27 19:21:05,906 - INFO - 1 instances updated to ./data_container/24_11_27_19_20_30/24-25_cx_s_su819.htm.csv.
2024-11-27 19:21:05,918 - INFO - Visiting: http://www.drps.ed.ac.uk/24-25/dpt/cxedua11376.htm
2024-11-27 19:21:05,960 - INFO - 1 instances updated to ./data_container/24_11_27_19_20_30/24-25_cx_s_su819.htm.csv.
2024-11-27 19:21:05,974 - INFO - Visiting: http://www.drps.ed.ac.uk/24-25/dpt/cxedua11335.htm
2024-11-27 19:21:06,024 - INFO - 1 instances updated to ./data_container/24_11_27_19_20_30/24-25_cx_s_su819.htm.csv.
2024-11-27 19:21:06,037 - INFO - Visiting: http://www.drps.ed.ac.uk/24-25/dpt/cxedua11179.htm
2024-11-27 19:21:06,124 - INFO - 1 instances updated to ./data_container/24_11_27_19_20_30/24-25_cx_s_su819.htm.csv.
2024-11-27 19:21:06,138 - INFO - Visiting: http://www.drps.ed.ac.uk/24-25/dpt/cxedua11438.htm
2024-11-27 19:21:06,250 - INFO - 1 instances updated to ./data_container/24_11_27_19_20_30/24-25_cx_s_su819.htm.csv.
2024-11-27 19:21:06,264 - INFO - Visiting: http://www.drps.ed.ac.uk/24-25/dpt/cxedua11348.htm
2024-11-27 19:21:06,307 - INFO - 1 instances updated to ./data_container/24_11_27_19_20_30/24-25_cx_s_su819.htm.csv.
2024-11-27 19:21:06,321 - INFO - Visiting: http://www.drps.ed.ac.uk/24-25/dpt/cxedua12001.htm
2024-11-27 19:21:06,371 - INFO - 1 instances updated to ./data_container/24_11_27_19_20_30/24-25_cx_s_su819.htm.csv.
2024-11-27 19:21:06,371 - INFO - Mining for keywords Accessibility,Inclusive design,Disability rights,Adaptive tools is success.
2024-11-27 19:21:06,416 - INFO - Visiting: http://www.drps.ed.ac.uk/24-25/dpt/cx_sb_redu.htm
2024-11-27 19:21:06,452 - INFO - Visiting: http://www.drps.ed.ac.uk/24-25/dpt/cxredu11074.htm
2024-11-27 19:21:06,474 - INFO - 1 instances updated to ./data_container/24_11_27_19_20_30/24-25_cx_s_su819.htm.csv.
2024-11-27 19:21:06,485 - INFO - Visiting: http://www.drps.ed.ac.uk/24-25/dpt/cxredu11079.htm
2024-11-27 19:21:06,501 - INFO - 1 instances updated to ./data_container/24_11_27_19_20_30/24-25_cx_s_su819.htm.csv.
2024-11-27 19:21:06,513 - INFO - Visiting: http://www.drps.ed.ac.uk/24-25/dpt/cxredu11076.htm
2024-11-27 19:21:06,526 - INFO - 1 instances updated to ./data_container/24_11_27_19_20_30/24-25_cx_s_su819.htm.csv.
2024-11-27 19:21:06,537 - INFO - Visiting: http://www.drps.ed.ac.uk/24-25/dpt/cxredu11045.htm
2024-11-27 19:21:06,550 - INFO - 1 instances updated to ./data_container/24_11_27_19_20_30/24-25_cx_s_su819.htm.csv.
2024-11-27 19:21:06,563 - INFO - Visiting: http://www.drps.ed.ac.uk/24-25/dpt/cxredu11091.htm
2024-11-27 19:21:06,584 - INFO - 1 instances updated to ./data_container/24_11_27_19_20_30/24-25_cx_s_su819.htm.csv.
2024-11-27 19:21:06,598 - INFO - Visiting: http://www.drps.ed.ac.uk/24-25/dpt/cxredu11073.htm
2024-11-27 19:21:06,617 - INFO - 1 instances updated to ./data_container/24_11_27_19_20_30/24-25_cx_s_su819.htm.csv.
2024-11-27 19:21:06,630 - INFO - Visiting: http://www.drps.ed.ac.uk/24-25/dpt/cxredu11089.htm
2024-11-27 19:21:06,646 - INFO - 1 instances updated to ./data_container/24_11_27_19_20_30/24-25_cx_s_su819.htm.csv.
2024-11-27 19:21:06,659 - INFO - Visiting: http://www.drps.ed.ac.uk/24-25/dpt/cxredu11060.htm
2024-11-27 19:21:06,671 - INFO - 1 instances updated to ./data_container/24_11_27_19_20_30/24-25_cx_s_su819.htm.csv.
2024-11-27 19:21:06,683 - INFO - Visiting: http://www.drps.ed.ac.uk/24-25/dpt/cxredu11087.htm
2024-11-27 19:21:06,706 - INFO - 1 instances updated to ./data_container/24_11_27_19_20_30/24-25_cx_s_su819.htm.csv.
2024-11-27 19:21:06,717 - INFO - Visiting: http://www.drps.ed.ac.uk/24-25/dpt/cxredu11082.htm
2024-11-27 19:21:06,736 - INFO - 1 instances updated to ./data_container/24_11_27_19_20_30/24-25_cx_s_su819.htm.csv.
2024-11-27 19:21:06,748 - INFO - Visiting: http://www.drps.ed.ac.uk/24-25/dpt/cxredu11083.htm
2024-11-27 19:21:06,767 - INFO - 1 instances updated to ./data_container/24_11_27_19_20_30/24-25_cx_s_su819.htm.csv.
2024-11-27 19:21:06,778 - INFO - Visiting: http://www.drps.ed.ac.uk/24-25/dpt/cxredu11052.htm
2024-11-27 19:21:06,796 - INFO - 1 instances updated to ./data_container/24_11_27_19_20_30/24-25_cx_s_su819.htm.csv.
2024-11-27 19:21:06,808 - INFO - Visiting: http://www.drps.ed.ac.uk/24-25/dpt/cxredu11088.htm
2024-11-27 19:21:06,829 - INFO - 1 instances updated to ./data_container/24_11_27_19_20_30/24-25_cx_s_su819.htm.csv.
2024-11-27 19:21:06,842 - INFO - Visiting: http://www.drps.ed.ac.uk/24-25/dpt/cxredu11092.htm
2024-11-27 19:21:06,857 - INFO - 1 instances updated to ./data_container/24_11_27_19_20_30/24-25_cx_s_su819.htm.csv.
2024-11-27 19:21:06,871 - INFO - Visiting: http://www.drps.ed.ac.uk/24-25/dpt/cxredu11086.htm
2024-11-27 19:21:06,892 - INFO - 1 instances updated to ./data_container/24_11_27_19_20_30/24-25_cx_s_su819.htm.csv.
2024-11-27 19:21:06,905 - INFO - Visiting: http://www.drps.ed.ac.uk/24-25/dpt/cxredu11085.htm
2024-11-27 19:21:06,924 - INFO - 1 instances updated to ./data_container/24_11_27_19_20_30/24-25_cx_s_su819.htm.csv.
2024-11-27 19:21:06,940 - INFO - Visiting: http://www.drps.ed.ac.uk/24-25/dpt/cxredu11080.htm
2024-11-27 19:21:06,962 - INFO - 1 instances updated to ./data_container/24_11_27_19_20_30/24-25_cx_s_su819.htm.csv.
2024-11-27 19:21:06,975 - INFO - Visiting: http://www.drps.ed.ac.uk/24-25/dpt/cxredu11077.htm
2024-11-27 19:21:06,998 - INFO - 1 instances updated to ./data_container/24_11_27_19_20_30/24-25_cx_s_su819.htm.csv.
2024-11-27 19:21:07,014 - INFO - Visiting: http://www.drps.ed.ac.uk/24-25/dpt/cxredu11081.htm
2024-11-27 19:21:07,037 - INFO - 1 instances updated to ./data_container/24_11_27_19_20_30/24-25_cx_s_su819.htm.csv.
2024-11-27 19:21:07,051 - INFO - Visiting: http://www.drps.ed.ac.uk/24-25/dpt/cxredu11084.htm
2024-11-27 19:21:07,075 - INFO - 1 instances updated to ./data_container/24_11_27_19_20_30/24-25_cx_s_su819.htm.csv.
2024-11-27 19:21:07,088 - INFO - Visiting: http://www.drps.ed.ac.uk/24-25/dpt/cxredu11064.htm
2024-11-27 19:21:07,108 - INFO - 1 instances updated to ./data_container/24_11_27_19_20_30/24-25_cx_s_su819.htm.csv.
2024-11-27 19:21:07,121 - INFO - Visiting: http://www.drps.ed.ac.uk/24-25/dpt/cxredu11050.htm
2024-11-27 19:21:07,145 - INFO - 1 instances updated to ./data_container/24_11_27_19_20_30/24-25_cx_s_su819.htm.csv.
2024-11-27 19:21:07,157 - INFO - Visiting: http://www.drps.ed.ac.uk/24-25/dpt/cxredu11051.htm
2024-11-27 19:21:07,175 - INFO - 1 instances updated to ./data_container/24_11_27_19_20_30/24-25_cx_s_su819.htm.csv.
2024-11-27 19:21:07,187 - INFO - Visiting: http://www.drps.ed.ac.uk/24-25/dpt/cxredu11024.htm
2024-11-27 19:21:07,208 - INFO - 1 instances updated to ./data_container/24_11_27_19_20_30/24-25_cx_s_su819.htm.csv.
2024-11-27 19:21:07,220 - INFO - Visiting: http://www.drps.ed.ac.uk/24-25/dpt/cxredu11075.htm
2024-11-27 19:21:07,240 - INFO - 1 instances updated to ./data_container/24_11_27_19_20_30/24-25_cx_s_su819.htm.csv.
2024-11-27 19:21:07,253 - INFO - Visiting: http://www.drps.ed.ac.uk/24-25/dpt/cxredu11026.htm
2024-11-27 19:21:07,276 - INFO - 1 instances updated to ./data_container/24_11_27_19_20_30/24-25_cx_s_su819.htm.csv.
2024-11-27 19:21:07,288 - INFO - Visiting: http://www.drps.ed.ac.uk/24-25/dpt/cxredu11056.htm
2024-11-27 19:21:07,302 - INFO - 1 instances updated to ./data_container/24_11_27_19_20_30/24-25_cx_s_su819.htm.csv.
2024-11-27 19:21:07,315 - INFO - Visiting: http://www.drps.ed.ac.uk/24-25/dpt/cxredu11059.htm
2024-11-27 19:21:07,336 - INFO - 1 instances updated to ./data_container/24_11_27_19_20_30/24-25_cx_s_su819.htm.csv.
2024-11-27 19:21:07,348 - INFO - Visiting: http://www.drps.ed.ac.uk/24-25/dpt/cxredu11093.htm
2024-11-27 19:21:07,368 - INFO - 1 instances updated to ./data_container/24_11_27_19_20_30/24-25_cx_s_su819.htm.csv.
2024-11-27 19:21:07,381 - INFO - Visiting: http://www.drps.ed.ac.uk/24-25/dpt/cxredu11048.htm
2024-11-27 19:21:07,398 - INFO - 1 instances updated to ./data_container/24_11_27_19_20_30/24-25_cx_s_su819.htm.csv.
2024-11-27 19:21:07,410 - INFO - Visiting: http://www.drps.ed.ac.uk/24-25/dpt/cxredu11078.htm
2024-11-27 19:21:07,426 - INFO - 1 instances updated to ./data_container/24_11_27_19_20_30/24-25_cx_s_su819.htm.csv.
2024-11-27 19:21:07,439 - INFO - Visiting: http://www.drps.ed.ac.uk/24-25/dpt/cxredu11028.htm
2024-11-27 19:21:07,460 - INFO - 1 instances updated to ./data_container/24_11_27_19_20_30/24-25_cx_s_su819.htm.csv.
2024-11-27 19:21:07,473 - INFO - Visiting: http://www.drps.ed.ac.uk/24-25/dpt/cxredu11029.htm
2024-11-27 19:21:07,490 - INFO - 1 instances updated to ./data_container/24_11_27_19_20_30/24-25_cx_s_su819.htm.csv.
2024-11-27 19:21:07,512 - INFO - Visiting: http://www.drps.ed.ac.uk/24-25/dpt/cxredu11063.htm
2024-11-27 19:21:07,588 - INFO - 1 instances updated to ./data_container/24_11_27_19_20_30/24-25_cx_s_su819.htm.csv.
2024-11-27 19:21:07,600 - INFO - Visiting: http://www.drps.ed.ac.uk/24-25/dpt/cxredu11011.htm
2024-11-27 19:21:07,616 - INFO - 1 instances updated to ./data_container/24_11_27_19_20_30/24-25_cx_s_su819.htm.csv.
2024-11-27 19:21:07,628 - INFO - Visiting: http://www.drps.ed.ac.uk/24-25/dpt/cxredu11002.htm
2024-11-27 19:21:07,646 - INFO - 1 instances updated to ./data_container/24_11_27_19_20_30/24-25_cx_s_su819.htm.csv.
2024-11-27 19:21:07,657 - INFO - Visiting: http://www.drps.ed.ac.uk/24-25/dpt/cxredu11046.htm
2024-11-27 19:21:07,677 - INFO - 1 instances updated to ./data_container/24_11_27_19_20_30/24-25_cx_s_su819.htm.csv.
2024-11-27 19:21:07,688 - INFO - Visiting: http://www.drps.ed.ac.uk/24-25/dpt/cxredu11010.htm
2024-11-27 19:21:07,705 - INFO - 1 instances updated to ./data_container/24_11_27_19_20_30/24-25_cx_s_su819.htm.csv.
2024-11-27 19:21:07,717 - INFO - Visiting: http://www.drps.ed.ac.uk/24-25/dpt/cxredu12004.htm
2024-11-27 19:21:07,735 - INFO - 1 instances updated to ./data_container/24_11_27_19_20_30/24-25_cx_s_su819.htm.csv.
2024-11-27 19:21:07,747 - INFO - Visiting: http://www.drps.ed.ac.uk/24-25/dpt/cxredu12006.htm
2024-11-27 19:21:07,764 - INFO - 1 instances updated to ./data_container/24_11_27_19_20_30/24-25_cx_s_su819.htm.csv.
2024-11-27 19:21:07,776 - INFO - Visiting: http://www.drps.ed.ac.uk/24-25/dpt/cxredu12001.htm
2024-11-27 19:21:07,790 - INFO - 1 instances updated to ./data_container/24_11_27_19_20_30/24-25_cx_s_su819.htm.csv.
2024-11-27 19:21:07,805 - INFO - Visiting: http://www.drps.ed.ac.uk/24-25/dpt/cxredu12005.htm
2024-11-27 19:21:07,830 - INFO - 1 instances updated to ./data_container/24_11_27_19_20_30/24-25_cx_s_su819.htm.csv.
2024-11-27 19:21:07,843 - INFO - Visiting: http://www.drps.ed.ac.uk/24-25/dpt/cxredu12002.htm
2024-11-27 19:21:07,865 - INFO - 1 instances updated to ./data_container/24_11_27_19_20_30/24-25_cx_s_su819.htm.csv.
2024-11-27 19:21:07,865 - INFO - Mining for keywords Accessibility,Inclusive design,Disability rights,Adaptive tools is success.
2024-11-27 19:21:07,883 - INFO - Visiting: http://www.drps.ed.ac.uk/24-25/dpt/cx_sb_sprt.htm
2024-11-27 19:21:07,922 - INFO - Visiting: http://www.drps.ed.ac.uk/24-25/dpt/cxsprt08026.htm
2024-11-27 19:21:07,936 - INFO - 1 instances updated to ./data_container/24_11_27_19_20_30/24-25_cx_s_su819.htm.csv.
2024-11-27 19:21:07,954 - INFO - Visiting: http://www.drps.ed.ac.uk/24-25/dpt/cxsprt08032.htm
2024-11-27 19:21:07,976 - INFO - 1 instances updated to ./data_container/24_11_27_19_20_30/24-25_cx_s_su819.htm.csv.
2024-11-27 19:21:07,989 - INFO - Visiting: http://www.drps.ed.ac.uk/24-25/dpt/cxsprt08018.htm
2024-11-27 19:21:08,009 - INFO - 1 instances updated to ./data_container/24_11_27_19_20_30/24-25_cx_s_su819.htm.csv.
2024-11-27 19:21:08,020 - INFO - Visiting: http://www.drps.ed.ac.uk/24-25/dpt/cxsprt08030.htm
2024-11-27 19:21:08,038 - INFO - 1 instances updated to ./data_container/24_11_27_19_20_30/24-25_cx_s_su819.htm.csv.
2024-11-27 19:21:08,052 - INFO - Visiting: http://www.drps.ed.ac.uk/24-25/dpt/cxsprt08031.htm
2024-11-27 19:21:08,071 - INFO - 1 instances updated to ./data_container/24_11_27_19_20_30/24-25_cx_s_su819.htm.csv.
2024-11-27 19:21:08,084 - INFO - Visiting: http://www.drps.ed.ac.uk/24-25/dpt/cxsprt08029.htm
2024-11-27 19:21:08,102 - INFO - 1 instances updated to ./data_container/24_11_27_19_20_30/24-25_cx_s_su819.htm.csv.
2024-11-27 19:21:08,114 - INFO - Visiting: http://www.drps.ed.ac.uk/24-25/dpt/cxsprt08033.htm
2024-11-27 19:21:08,127 - INFO - 1 instances updated to ./data_container/24_11_27_19_20_30/24-25_cx_s_su819.htm.csv.
2024-11-27 19:21:08,144 - INFO - Visiting: http://www.drps.ed.ac.uk/24-25/dpt/cxsprt08021.htm
2024-11-27 19:21:08,169 - INFO - 1 instances updated to ./data_container/24_11_27_19_20_30/24-25_cx_s_su819.htm.csv.
2024-11-27 19:21:08,182 - INFO - Visiting: http://www.drps.ed.ac.uk/24-25/dpt/cxsprt08022.htm
2024-11-27 19:21:08,199 - INFO - 1 instances updated to ./data_container/24_11_27_19_20_30/24-25_cx_s_su819.htm.csv.
2024-11-27 19:21:08,212 - INFO - Visiting: http://www.drps.ed.ac.uk/24-25/dpt/cxsprt08019.htm
2024-11-27 19:21:08,235 - INFO - 1 instances updated to ./data_container/24_11_27_19_20_30/24-25_cx_s_su819.htm.csv.
2024-11-27 19:21:08,250 - INFO - Visiting: http://www.drps.ed.ac.uk/24-25/dpt/cxsprt08024.htm
2024-11-27 19:21:08,275 - INFO - 1 instances updated to ./data_container/24_11_27_19_20_30/24-25_cx_s_su819.htm.csv.
2024-11-27 19:21:08,294 - INFO - Visiting: http://www.drps.ed.ac.uk/24-25/dpt/cxsprt08020.htm
2024-11-27 19:21:08,311 - INFO - 1 instances updated to ./data_container/24_11_27_19_20_30/24-25_cx_s_su819.htm.csv.
2024-11-27 19:21:08,322 - INFO - Visiting: http://www.drps.ed.ac.uk/24-25/dpt/cxsprt08023.htm
2024-11-27 19:21:08,339 - INFO - 1 instances updated to ./data_container/24_11_27_19_20_30/24-25_cx_s_su819.htm.csv.
2024-11-27 19:21:08,363 - INFO - Visiting: http://www.drps.ed.ac.uk/24-25/dpt/cxsprt08001.htm
2024-11-27 19:21:08,387 - INFO - 1 instances updated to ./data_container/24_11_27_19_20_30/24-25_cx_s_su819.htm.csv.
2024-11-27 19:21:08,400 - INFO - Visiting: http://www.drps.ed.ac.uk/24-25/dpt/cxsprt08016.htm
2024-11-27 19:21:08,425 - INFO - 1 instances updated to ./data_container/24_11_27_19_20_30/24-25_cx_s_su819.htm.csv.
2024-11-27 19:21:08,437 - INFO - Visiting: http://www.drps.ed.ac.uk/24-25/dpt/cxsprt08014.htm
2024-11-27 19:21:08,454 - INFO - 1 instances updated to ./data_container/24_11_27_19_20_30/24-25_cx_s_su819.htm.csv.
2024-11-27 19:21:08,467 - INFO - Visiting: http://www.drps.ed.ac.uk/24-25/dpt/cxsprt08012.htm
2024-11-27 19:21:08,486 - INFO - 1 instances updated to ./data_container/24_11_27_19_20_30/24-25_cx_s_su819.htm.csv.
2024-11-27 19:21:08,498 - INFO - Visiting: http://www.drps.ed.ac.uk/24-25/dpt/cxsprt08028.htm
2024-11-27 19:21:08,517 - INFO - 1 instances updated to ./data_container/24_11_27_19_20_30/24-25_cx_s_su819.htm.csv.
2024-11-27 19:21:08,528 - INFO - Visiting: http://www.drps.ed.ac.uk/24-25/dpt/cxsprt08017.htm
2024-11-27 19:21:08,546 - INFO - 1 instances updated to ./data_container/24_11_27_19_20_30/24-25_cx_s_su819.htm.csv.
2024-11-27 19:21:08,557 - INFO - Visiting: http://www.drps.ed.ac.uk/24-25/dpt/cxsprt08027.htm
2024-11-27 19:21:08,572 - INFO - 1 instances updated to ./data_container/24_11_27_19_20_30/24-25_cx_s_su819.htm.csv.
2024-11-27 19:21:08,584 - INFO - Visiting: http://www.drps.ed.ac.uk/24-25/dpt/cxsprt08025.htm
2024-11-27 19:21:08,600 - INFO - 1 instances updated to ./data_container/24_11_27_19_20_30/24-25_cx_s_su819.htm.csv.
2024-11-27 19:21:08,613 - INFO - Visiting: http://www.drps.ed.ac.uk/24-25/dpt/cxsprt10037.htm
2024-11-27 19:21:08,634 - INFO - 1 instances updated to ./data_container/24_11_27_19_20_30/24-25_cx_s_su819.htm.csv.
2024-11-27 19:21:08,647 - INFO - Visiting: http://www.drps.ed.ac.uk/24-25/dpt/cxsprt10064.htm
2024-11-27 19:21:08,662 - INFO - 1 instances updated to ./data_container/24_11_27_19_20_30/24-25_cx_s_su819.htm.csv.
2024-11-27 19:21:08,674 - INFO - Visiting: http://www.drps.ed.ac.uk/24-25/dpt/cxsprt10059.htm
2024-11-27 19:21:08,692 - INFO - 1 instances updated to ./data_container/24_11_27_19_20_30/24-25_cx_s_su819.htm.csv.
2024-11-27 19:21:08,703 - INFO - Visiting: http://www.drps.ed.ac.uk/24-25/dpt/cxsprt10024.htm
2024-11-27 19:21:08,722 - INFO - 1 instances updated to ./data_container/24_11_27_19_20_30/24-25_cx_s_su819.htm.csv.
2024-11-27 19:21:08,734 - INFO - Visiting: http://www.drps.ed.ac.uk/24-25/dpt/cxsprt10025.htm
2024-11-27 19:21:08,756 - INFO - 1 instances updated to ./data_container/24_11_27_19_20_30/24-25_cx_s_su819.htm.csv.
2024-11-27 19:21:08,769 - INFO - Visiting: http://www.drps.ed.ac.uk/24-25/dpt/cxsprt10048.htm
2024-11-27 19:21:08,793 - INFO - 1 instances updated to ./data_container/24_11_27_19_20_30/24-25_cx_s_su819.htm.csv.
2024-11-27 19:21:08,807 - INFO - Visiting: http://www.drps.ed.ac.uk/24-25/dpt/cxsprt10029.htm
2024-11-27 19:21:08,828 - INFO - 1 instances updated to ./data_container/24_11_27_19_20_30/24-25_cx_s_su819.htm.csv.
2024-11-27 19:21:08,840 - INFO - Visiting: http://www.drps.ed.ac.uk/24-25/dpt/cxsprt10054.htm
2024-11-27 19:21:08,859 - INFO - 1 instances updated to ./data_container/24_11_27_19_20_30/24-25_cx_s_su819.htm.csv.
2024-11-27 19:21:08,872 - INFO - Visiting: http://www.drps.ed.ac.uk/24-25/dpt/cxsprt10053.htm
2024-11-27 19:21:08,948 - INFO - 1 instances updated to ./data_container/24_11_27_19_20_30/24-25_cx_s_su819.htm.csv.
2024-11-27 19:21:08,980 - INFO - Visiting: http://www.drps.ed.ac.uk/24-25/dpt/cxsprt10003.htm
2024-11-27 19:21:09,009 - INFO - 1 instances updated to ./data_container/24_11_27_19_20_30/24-25_cx_s_su819.htm.csv.
2024-11-27 19:21:09,021 - INFO - Visiting: http://www.drps.ed.ac.uk/24-25/dpt/cxsprt10004.htm
2024-11-27 19:21:09,046 - INFO - 1 instances updated to ./data_container/24_11_27_19_20_30/24-25_cx_s_su819.htm.csv.
2024-11-27 19:21:09,062 - INFO - Visiting: http://www.drps.ed.ac.uk/24-25/dpt/cxsprt10046.htm
2024-11-27 19:21:09,081 - INFO - 1 instances updated to ./data_container/24_11_27_19_20_30/24-25_cx_s_su819.htm.csv.
2024-11-27 19:21:09,092 - INFO - Visiting: http://www.drps.ed.ac.uk/24-25/dpt/cxsprt10020.htm
2024-11-27 19:21:09,113 - INFO - 1 instances updated to ./data_container/24_11_27_19_20_30/24-25_cx_s_su819.htm.csv.
2024-11-27 19:21:09,126 - INFO - Visiting: http://www.drps.ed.ac.uk/24-25/dpt/cxsprt10056.htm
2024-11-27 19:21:09,151 - INFO - 1 instances updated to ./data_container/24_11_27_19_20_30/24-25_cx_s_su819.htm.csv.
2024-11-27 19:21:09,165 - INFO - Visiting: http://www.drps.ed.ac.uk/24-25/dpt/cxsprt10062.htm
2024-11-27 19:21:09,190 - INFO - 1 instances updated to ./data_container/24_11_27_19_20_30/24-25_cx_s_su819.htm.csv.
2024-11-27 19:21:09,200 - INFO - Visiting: http://www.drps.ed.ac.uk/24-25/dpt/cxsprt10065.htm
2024-11-27 19:21:09,218 - INFO - 1 instances updated to ./data_container/24_11_27_19_20_30/24-25_cx_s_su819.htm.csv.
2024-11-27 19:21:09,231 - INFO - Visiting: http://www.drps.ed.ac.uk/24-25/dpt/cxsprt10033.htm
2024-11-27 19:21:09,253 - INFO - 1 instances updated to ./data_container/24_11_27_19_20_30/24-25_cx_s_su819.htm.csv.
2024-11-27 19:21:09,265 - INFO - Visiting: http://www.drps.ed.ac.uk/24-25/dpt/cxsprt10032.htm
2024-11-27 19:21:09,284 - INFO - 1 instances updated to ./data_container/24_11_27_19_20_30/24-25_cx_s_su819.htm.csv.
2024-11-27 19:21:09,297 - INFO - Visiting: http://www.drps.ed.ac.uk/24-25/dpt/cxsprt10052.htm
2024-11-27 19:21:09,317 - INFO - 1 instances updated to ./data_container/24_11_27_19_20_30/24-25_cx_s_su819.htm.csv.
2024-11-27 19:21:09,330 - INFO - Visiting: http://www.drps.ed.ac.uk/24-25/dpt/cxsprt10050.htm
2024-11-27 19:21:09,350 - INFO - 1 instances updated to ./data_container/24_11_27_19_20_30/24-25_cx_s_su819.htm.csv.
2024-11-27 19:21:09,383 - INFO - Visiting: http://www.drps.ed.ac.uk/24-25/dpt/cxsprt10049.htm
2024-11-27 19:21:09,411 - INFO - 1 instances updated to ./data_container/24_11_27_19_20_30/24-25_cx_s_su819.htm.csv.
2024-11-27 19:21:09,423 - INFO - Visiting: http://www.drps.ed.ac.uk/24-25/dpt/cxsprt10051.htm
2024-11-27 19:21:09,441 - INFO - 1 instances updated to ./data_container/24_11_27_19_20_30/24-25_cx_s_su819.htm.csv.
2024-11-27 19:21:09,454 - INFO - Visiting: http://www.drps.ed.ac.uk/24-25/dpt/cxsprt10047.htm
2024-11-27 19:21:09,477 - INFO - 1 instances updated to ./data_container/24_11_27_19_20_30/24-25_cx_s_su819.htm.csv.
2024-11-27 19:21:09,502 - INFO - Visiting: http://www.drps.ed.ac.uk/24-25/dpt/cxsprt10027.htm
2024-11-27 19:21:09,530 - INFO - 1 instances updated to ./data_container/24_11_27_19_20_30/24-25_cx_s_su819.htm.csv.
2024-11-27 19:21:09,542 - INFO - Visiting: http://www.drps.ed.ac.uk/24-25/dpt/cxsprt10005.htm
2024-11-27 19:21:09,566 - INFO - 1 instances updated to ./data_container/24_11_27_19_20_30/24-25_cx_s_su819.htm.csv.
2024-11-27 19:21:09,577 - INFO - Visiting: http://www.drps.ed.ac.uk/24-25/dpt/cxsprt10006.htm
2024-11-27 19:21:09,598 - INFO - 1 instances updated to ./data_container/24_11_27_19_20_30/24-25_cx_s_su819.htm.csv.
2024-11-27 19:21:09,610 - INFO - Visiting: http://www.drps.ed.ac.uk/24-25/dpt/cxsprt10038.htm
2024-11-27 19:21:09,632 - INFO - 1 instances updated to ./data_container/24_11_27_19_20_30/24-25_cx_s_su819.htm.csv.
2024-11-27 19:21:09,643 - INFO - Visiting: http://www.drps.ed.ac.uk/24-25/dpt/cxsprt10060.htm
2024-11-27 19:21:09,666 - INFO - 1 instances updated to ./data_container/24_11_27_19_20_30/24-25_cx_s_su819.htm.csv.
2024-11-27 19:21:09,679 - INFO - Visiting: http://www.drps.ed.ac.uk/24-25/dpt/cxsprt10057.htm
2024-11-27 19:21:09,701 - INFO - 1 instances updated to ./data_container/24_11_27_19_20_30/24-25_cx_s_su819.htm.csv.
2024-11-27 19:21:09,722 - INFO - Visiting: http://www.drps.ed.ac.uk/24-25/dpt/cxsprt10058.htm
2024-11-27 19:21:09,748 - INFO - 1 instances updated to ./data_container/24_11_27_19_20_30/24-25_cx_s_su819.htm.csv.
2024-11-27 19:21:09,761 - INFO - Visiting: http://www.drps.ed.ac.uk/24-25/dpt/cxsprt10061.htm
2024-11-27 19:21:09,788 - INFO - 1 instances updated to ./data_container/24_11_27_19_20_30/24-25_cx_s_su819.htm.csv.
2024-11-27 19:21:09,801 - INFO - Visiting: http://www.drps.ed.ac.uk/24-25/dpt/cxsprt10021.htm
2024-11-27 19:21:09,823 - INFO - 1 instances updated to ./data_container/24_11_27_19_20_30/24-25_cx_s_su819.htm.csv.
2024-11-27 19:21:09,834 - INFO - Visiting: http://www.drps.ed.ac.uk/24-25/dpt/cxsprt10067.htm
2024-11-27 19:21:09,860 - INFO - 1 instances updated to ./data_container/24_11_27_19_20_30/24-25_cx_s_su819.htm.csv.
2024-11-27 19:21:09,873 - INFO - Visiting: http://www.drps.ed.ac.uk/24-25/dpt/cxsprt10055.htm
2024-11-27 19:21:09,896 - INFO - 1 instances updated to ./data_container/24_11_27_19_20_30/24-25_cx_s_su819.htm.csv.
2024-11-27 19:21:09,915 - INFO - Visiting: http://www.drps.ed.ac.uk/24-25/dpt/cxsprt10030.htm
2024-11-27 19:21:09,948 - INFO - 1 instances updated to ./data_container/24_11_27_19_20_30/24-25_cx_s_su819.htm.csv.
2024-11-27 19:21:09,960 - INFO - Visiting: http://www.drps.ed.ac.uk/24-25/dpt/cxsprt10012.htm
2024-11-27 19:21:09,985 - INFO - 1 instances updated to ./data_container/24_11_27_19_20_30/24-25_cx_s_su819.htm.csv.
2024-11-27 19:21:10,020 - INFO - Visiting: http://www.drps.ed.ac.uk/24-25/dpt/cxsprt10034.htm
2024-11-27 19:21:10,054 - INFO - 1 instances updated to ./data_container/24_11_27_19_20_30/24-25_cx_s_su819.htm.csv.
2024-11-27 19:21:10,066 - INFO - Visiting: http://www.drps.ed.ac.uk/24-25/dpt/cxsprt10034.htm
2024-11-27 19:21:10,095 - INFO - 1 instances updated to ./data_container/24_11_27_19_20_30/24-25_cx_s_su819.htm.csv.
2024-11-27 19:21:10,118 - INFO - Visiting: http://www.drps.ed.ac.uk/24-25/dpt/cxsprt10034.htm
2024-11-27 19:21:10,152 - INFO - 1 instances updated to ./data_container/24_11_27_19_20_30/24-25_cx_s_su819.htm.csv.
2024-11-27 19:21:10,166 - INFO - Visiting: http://www.drps.ed.ac.uk/24-25/dpt/cxsprt10031.htm
2024-11-27 19:21:10,426 - INFO - 1 instances updated to ./data_container/24_11_27_19_20_30/24-25_cx_s_su819.htm.csv.
2024-11-27 19:21:10,440 - INFO - Visiting: http://www.drps.ed.ac.uk/24-25/dpt/cxsprt10063.htm
2024-11-27 19:21:10,467 - INFO - 1 instances updated to ./data_container/24_11_27_19_20_30/24-25_cx_s_su819.htm.csv.
2024-11-27 19:21:10,480 - INFO - Visiting: http://www.drps.ed.ac.uk/24-25/dpt/cxsprt10035.htm
2024-11-27 19:21:10,501 - INFO - 1 instances updated to ./data_container/24_11_27_19_20_30/24-25_cx_s_su819.htm.csv.
2024-11-27 19:21:10,513 - INFO - Visiting: http://www.drps.ed.ac.uk/24-25/dpt/cxsprt10066.htm
2024-11-27 19:21:10,537 - INFO - 1 instances updated to ./data_container/24_11_27_19_20_30/24-25_cx_s_su819.htm.csv.
2024-11-27 19:21:10,552 - INFO - Visiting: http://www.drps.ed.ac.uk/24-25/dpt/cxsprt11014.htm
2024-11-27 19:21:10,576 - INFO - 1 instances updated to ./data_container/24_11_27_19_20_30/24-25_cx_s_su819.htm.csv.
2024-11-27 19:21:10,588 - INFO - Visiting: http://www.drps.ed.ac.uk/24-25/dpt/cxsprt11017.htm
2024-11-27 19:21:10,614 - INFO - 1 instances updated to ./data_container/24_11_27_19_20_30/24-25_cx_s_su819.htm.csv.
2024-11-27 19:21:10,626 - INFO - Visiting: http://www.drps.ed.ac.uk/24-25/dpt/cxsprt11015.htm
2024-11-27 19:21:10,654 - INFO - 1 instances updated to ./data_container/24_11_27_19_20_30/24-25_cx_s_su819.htm.csv.
2024-11-27 19:21:10,672 - INFO - Visiting: http://www.drps.ed.ac.uk/24-25/dpt/cxsprt11006.htm
2024-11-27 19:21:10,699 - INFO - 1 instances updated to ./data_container/24_11_27_19_20_30/24-25_cx_s_su819.htm.csv.
2024-11-27 19:21:10,712 - INFO - Visiting: http://www.drps.ed.ac.uk/24-25/dpt/cxsprt11011.htm
2024-11-27 19:21:10,737 - INFO - 1 instances updated to ./data_container/24_11_27_19_20_30/24-25_cx_s_su819.htm.csv.
2024-11-27 19:21:10,755 - INFO - Visiting: http://www.drps.ed.ac.uk/24-25/dpt/cxsprt11012.htm
2024-11-27 19:21:10,840 - INFO - 1 instances updated to ./data_container/24_11_27_19_20_30/24-25_cx_s_su819.htm.csv.
2024-11-27 19:21:10,853 - INFO - Visiting: http://www.drps.ed.ac.uk/24-25/dpt/cxsprt11016.htm
2024-11-27 19:21:10,872 - INFO - 1 instances updated to ./data_container/24_11_27_19_20_30/24-25_cx_s_su819.htm.csv.
2024-11-27 19:21:10,884 - INFO - Visiting: http://www.drps.ed.ac.uk/24-25/dpt/cxsprt11013.htm
2024-11-27 19:21:10,904 - INFO - 1 instances updated to ./data_container/24_11_27_19_20_30/24-25_cx_s_su819.htm.csv.
2024-11-27 19:21:10,904 - INFO - Mining for keywords Accessibility,Inclusive design,Disability rights,Adaptive tools is success.
024-11-27 19:20:57,290 - INFO - 1 instances updated to ./data_container/24_11_27_19_20_30/24-25_cx_s_su819.htm.csv.
2024-11-27 19:20:57,307 - INFO - Visiting: http://www.drps.ed.ac.uk/24-25/dpt/cxedua11375.htm
2024-11-27 19:20:57,337 - INFO - 1 instances updated to ./data_container/24_11_27_19_20_30/24-25_cx_s_su819.htm.csv.
2024-11-27 19:20:57,349 - INFO - Visiting: http://www.drps.ed.ac.uk/24-25/dpt/cxedua11384.htm
2024-11-27 19:20:57,389 - INFO - 1 instances updated to ./data_container/24_11_27_19_20_30/24-25_cx_s_su819.htm.csv.
2024-11-27 19:20:57,401 - INFO - Visiting: http://www.drps.ed.ac.uk/24-25/dpt/cxedua11352.htm
2024-11-27 19:20:57,432 - INFO - 1 instances updated to ./data_container/24_11_27_19_20_30/24-25_cx_s_su819.htm.csv.
2024-11-27 19:20:57,447 - INFO - Visiting: http://www.drps.ed.ac.uk/24-25/dpt/cxedua11345.htm
2024-11-27 19:20:57,477 - INFO - 1 instances updated to ./data_container/24_11_27_19_20_30/24-25_cx_s_su819.htm.csv.
2024-11-27 19:20:57,489 - INFO - Visiting: http://www.drps.ed.ac.uk/24-25/dpt/cxedua11343.htm
2024-11-27 19:20:57,522 - INFO - 1 instances updated to ./data_container/24_11_27_19_20_30/24-25_cx_s_su819.htm.csv.
2024-11-27 19:20:57,540 - INFO - Visiting: http://www.drps.ed.ac.uk/24-25/dpt/cxedua11186.htm
2024-11-27 19:20:57,578 - INFO - 1 instances updated to ./data_container/24_11_27_19_20_30/24-25_cx_s_su819.htm.csv.
2024-11-27 19:20:57,589 - INFO - Visiting: http://www.drps.ed.ac.uk/24-25/dpt/cxedua11389.htm
2024-11-27 19:20:57,621 - INFO - 1 instances updated to ./data_container/24_11_27_19_20_30/24-25_cx_s_su819.htm.csv.
2024-11-27 19:20:57,632 - INFO - Visiting: http://www.drps.ed.ac.uk/24-25/dpt/cxedua11294.htm
2024-11-27 19:20:57,662 - INFO - 1 instances updated to ./data_container/24_11_27_19_20_30/24-25_cx_s_su819.htm.csv.
2024-11-27 19:20:57,684 - INFO - Visiting: http://www.drps.ed.ac.uk/24-25/dpt/cxedua11320.htm
2024-11-27 19:20:57,722 - INFO - 1 instances updated to ./data_container/24_11_27_19_20_30/24-25_cx_s_su819.htm.csv.
2024-11-27 19:20:57,734 - INFO - Visiting: http://www.drps.ed.ac.uk/24-25/dpt/cxedua11448.htm
2024-11-27 19:20:57,764 - INFO - 1 instances updated to ./data_container/24_11_27_19_20_30/24-25_cx_s_su819.htm.csv.
2024-11-27 19:20:57,776 - INFO - Visiting: http://www.drps.ed.ac.uk/24-25/dpt/cxedua11321.htm
2024-11-27 19:20:57,810 - INFO - 1 instances updated to ./data_container/24_11_27_19_20_30/24-25_cx_s_su819.htm.csv.
2024-11-27 19:20:57,835 - INFO - Visiting: http://www.drps.ed.ac.uk/24-25/dpt/cxedua11214.htm
2024-11-27 19:20:57,874 - INFO - 1 instances updated to ./data_container/24_11_27_19_20_30/24-25_cx_s_su819.htm.csv.
2024-11-27 19:20:57,885 - INFO - Visiting: http://www.drps.ed.ac.uk/24-25/dpt/cxedua11427.htm
2024-11-27 19:20:57,916 - INFO - 1 instances updated to ./data_container/24_11_27_19_20_30/24-25_cx_s_su819.htm.csv.
2024-11-27 19:20:57,928 - INFO - Visiting: http://www.drps.ed.ac.uk/24-25/dpt/cxedua11441.htm
2024-11-27 19:20:57,961 - INFO - 1 instances updated to ./data_container/24_11_27_19_20_30/24-25_cx_s_su819.htm.csv.
2024-11-27 19:20:57,983 - INFO - Visiting: http://www.drps.ed.ac.uk/24-25/dpt/cxedua11302.htm
2024-11-27 19:20:58,020 - INFO - 1 instances updated to ./data_container/24_11_27_19_20_30/24-25_cx_s_su819.htm.csv.
2024-11-27 19:20:58,031 - INFO - Visiting: http://www.drps.ed.ac.uk/24-25/dpt/cxedua11039.htm
2024-11-27 19:20:58,065 - INFO - 1 instances updated to ./data_container/24_11_27_19_20_30/24-25_cx_s_su819.htm.csv.
2024-11-27 19:20:58,085 - INFO - Visiting: http://www.drps.ed.ac.uk/24-25/dpt/cxedua11120.htm
2024-11-27 19:20:58,118 - INFO - 1 instances updated to ./data_container/24_11_27_19_20_30/24-25_cx_s_su819.htm.csv.
2024-11-27 19:20:58,131 - INFO - Visiting: http://www.drps.ed.ac.uk/24-25/dpt/cxedua11318.htm
2024-11-27 19:20:58,166 - INFO - 1 instances updated to ./data_container/24_11_27_19_20_30/24-25_cx_s_su819.htm.csv.
2024-11-27 19:20:58,177 - INFO - Visiting: http://www.drps.ed.ac.uk/24-25/dpt/cxedua11400.htm
2024-11-27 19:20:58,211 - INFO - 1 instances updated to ./data_container/24_11_27_19_20_30/24-25_cx_s_su819.htm.csv.
2024-11-27 19:20:58,223 - INFO - Visiting: http://www.drps.ed.ac.uk/24-25/dpt/cxedua11187.htm
2024-11-27 19:20:58,255 - INFO - 1 instances updated to ./data_container/24_11_27_19_20_30/24-25_cx_s_su819.htm.csv.
2024-11-27 19:20:58,270 - INFO - Visiting: http://www.drps.ed.ac.uk/24-25/dpt/cxedua11425.htm
2024-11-27 19:20:58,306 - INFO - 1 instances updated to ./data_container/24_11_27_19_20_30/24-25_cx_s_su819.htm.csv.
2024-11-27 19:20:58,318 - INFO - Visiting: http://www.drps.ed.ac.uk/24-25/dpt/cxedua11322.htm
2024-11-27 19:20:58,353 - INFO - 1 instances updated to ./data_container/24_11_27_19_20_30/24-25_cx_s_su819.htm.csv.
2024-11-27 19:20:58,365 - INFO - Visiting: http://www.drps.ed.ac.uk/24-25/dpt/cxedua11236.htm
2024-11-27 19:20:58,460 - INFO - 1 instances updated to ./data_container/24_11_27_19_20_30/24-25_cx_s_su819.htm.csv.
2024-11-27 19:20:58,473 - INFO - Visiting: http://www.drps.ed.ac.uk/24-25/dpt/cxedua11215.htm
2024-11-27 19:20:58,510 - INFO - 1 instances updated to ./data_container/24_11_27_19_20_30/24-25_cx_s_su819.htm.csv.
2024-11-27 19:20:58,525 - INFO - Visiting: http://www.drps.ed.ac.uk/24-25/dpt/cxedua11450.htm
2024-11-27 19:20:58,555 - INFO - 1 instances updated to ./data_container/24_11_27_19_20_30/24-25_cx_s_su819.htm.csv.
2024-11-27 19:20:58,567 - INFO - Visiting: http://www.drps.ed.ac.uk/24-25/dpt/cxedua11456.htm
2024-11-27 19:20:58,600 - INFO - 1 instances updated to ./data_container/24_11_27_19_20_30/24-25_cx_s_su819.htm.csv.
2024-11-27 19:20:58,616 - INFO - Visiting: http://www.drps.ed.ac.uk/24-25/dpt/cxedua11333.htm
2024-11-27 19:20:58,656 - INFO - 1 instances updated to ./data_container/24_11_27_19_20_30/24-25_cx_s_su819.htm.csv.
2024-11-27 19:20:58,667 - INFO - Visiting: http://www.drps.ed.ac.uk/24-25/dpt/cxedua11317.htm
2024-11-27 19:20:58,702 - INFO - 1 instances updated to ./data_container/24_11_27_19_20_30/24-25_cx_s_su819.htm.csv.
2024-11-27 19:20:58,715 - INFO - Visiting: http://www.drps.ed.ac.uk/24-25/dpt/cxedua11414.htm
2024-11-27 19:20:58,752 - INFO - 1 instances updated to ./data_container/24_11_27_19_20_30/24-25_cx_s_su819.htm.csv.
2024-11-27 19:20:58,766 - INFO - Visiting: http://www.drps.ed.ac.uk/24-25/dpt/cxedua11255.htm
2024-11-27 19:20:58,804 - INFO - 1 instances updated to ./data_container/24_11_27_19_20_30/24-25_cx_s_su819.htm.csv.
2024-11-27 19:20:58,816 - INFO - Visiting: http://www.drps.ed.ac.uk/24-25/dpt/cxedua11303.htm
2024-11-27 19:20:58,852 - INFO - 1 instances updated to ./data_container/24_11_27_19_20_30/24-25_cx_s_su819.htm.csv.
2024-11-27 19:20:58,864 - INFO - Visiting: http://www.drps.ed.ac.uk/24-25/dpt/cxedua11353.htm
2024-11-27 19:20:58,903 - INFO - 1 instances updated to ./data_container/24_11_27_19_20_30/24-25_cx_s_su819.htm.csv.
2024-11-27 19:20:58,914 - INFO - Visiting: http://www.drps.ed.ac.uk/24-25/dpt/cxedua11446.htm
2024-11-27 19:20:58,946 - INFO - 1 instances updated to ./data_container/24_11_27_19_20_30/24-25_cx_s_su819.htm.csv.
2024-11-27 19:20:58,962 - INFO - Visiting: http://www.drps.ed.ac.uk/24-25/dpt/cxedua11388.htm
2024-11-27 19:20:59,001 - INFO - 1 instances updated to ./data_container/24_11_27_19_20_30/24-25_cx_s_su819.htm.csv.
2024-11-27 19:20:59,014 - INFO - Visiting: http://www.drps.ed.ac.uk/24-25/dpt/cxedua11314.htm
2024-11-27 19:20:59,054 - INFO - 1 instances updated to ./data_container/24_11_27_19_20_30/24-25_cx_s_su819.htm.csv.
2024-11-27 19:20:59,066 - INFO - Visiting: http://www.drps.ed.ac.uk/24-25/dpt/cxedua11404.htm
2024-11-27 19:20:59,100 - INFO - 1 instances updated to ./data_container/24_11_27_19_20_30/24-25_cx_s_su819.htm.csv.
2024-11-27 19:20:59,111 - INFO - Visiting: http://www.drps.ed.ac.uk/24-25/dpt/cxedua11259.htm
2024-11-27 19:20:59,159 - INFO - 1 instances updated to ./data_container/24_11_27_19_20_30/24-25_cx_s_su819.htm.csv.
2024-11-27 19:20:59,179 - INFO - Visiting: http://www.drps.ed.ac.uk/24-25/dpt/cxedua11408.htm
2024-11-27 19:20:59,226 - INFO - 1 instances updated to ./data_container/24_11_27_19_20_30/24-25_cx_s_su819.htm.csv.
2024-11-27 19:20:59,237 - INFO - Visiting: http://www.drps.ed.ac.uk/24-25/dpt/cxedua11305.htm
2024-11-27 19:20:59,289 - INFO - 1 instances updated to ./data_container/24_11_27_19_20_30/24-25_cx_s_su819.htm.csv.
2024-11-27 19:20:59,306 - INFO - Visiting: http://www.drps.ed.ac.uk/24-25/dpt/cxedua11434.htm
2024-11-27 19:20:59,339 - INFO - 1 instances updated to ./data_container/24_11_27_19_20_30/24-25_cx_s_su819.htm.csv.
2024-11-27 19:20:59,349 - INFO - Visiting: http://www.drps.ed.ac.uk/24-25/dpt/cxedua11418.htm
2024-11-27 19:20:59,381 - INFO - 1 instances updated to ./data_container/24_11_27_19_20_30/24-25_cx_s_su819.htm.csv.
2024-11-27 19:20:59,392 - INFO - Visiting: http://www.drps.ed.ac.uk/24-25/dpt/cxedua11169.htm
2024-11-27 19:20:59,424 - INFO - 1 instances updated to ./data_container/24_11_27_19_20_30/24-25_cx_s_su819.htm.csv.
2024-11-27 19:20:59,448 - INFO - Visiting: http://www.drps.ed.ac.uk/24-25/dpt/cxedua11244.htm
2024-11-27 19:20:59,489 - INFO - 1 instances updated to ./data_container/24_11_27_19_20_30/24-25_cx_s_su819.htm.csv.
2024-11-27 19:20:59,510 - INFO - Visiting: http://www.drps.ed.ac.uk/24-25/dpt/cxedua11399.htm
2024-11-27 19:20:59,551 - INFO - 1 instances updated to ./data_container/24_11_27_19_20_30/24-25_cx_s_su819.htm.csv.
2024-11-27 19:20:59,563 - INFO - Visiting: http://www.drps.ed.ac.uk/24-25/dpt/cxedua11342.htm
2024-11-27 19:20:59,605 - INFO - 1 instances updated to ./data_container/24_11_27_19_20_30/24-25_cx_s_su819.htm.csv.
2024-11-27 19:20:59,616 - INFO - Visiting: http://www.drps.ed.ac.uk/24-25/dpt/cxedua11410.htm
2024-11-27 19:20:59,656 - INFO - 1 instances updated to ./data_container/24_11_27_19_20_30/24-25_cx_s_su819.htm.csv.
2024-11-27 19:20:59,669 - INFO - Visiting: http://www.drps.ed.ac.uk/24-25/dpt/cxedua11152.htm
2024-11-27 19:20:59,705 - INFO - 1 instances updated to ./data_container/24_11_27_19_20_30/24-25_cx_s_su819.htm.csv.
2024-11-27 19:20:59,723 - INFO - Visiting: http://www.drps.ed.ac.uk/24-25/dpt/cxedua11428.htm
2024-11-27 19:20:59,764 - INFO - 1 instances updated to ./data_container/24_11_27_19_20_30/24-25_cx_s_su819.htm.csv.
2024-11-27 19:20:59,785 - INFO - Visiting: http://www.drps.ed.ac.uk/24-25/dpt/cxedua11445.htm
2024-11-27 19:20:59,821 - INFO - 1 instances updated to ./data_container/24_11_27_19_20_30/24-25_cx_s_su819.htm.csv.
2024-11-27 19:20:59,833 - INFO - Visiting: http://www.drps.ed.ac.uk/24-25/dpt/cxedua11011.htm
2024-11-27 19:20:59,882 - INFO - 1 instances updated to ./data_container/24_11_27_19_20_30/24-25_cx_s_su819.htm.csv.
2024-11-27 19:20:59,896 - INFO - Visiting: http://www.drps.ed.ac.uk/24-25/dpt/cxedua11119.htm
2024-11-27 19:20:59,947 - INFO - 1 instances updated to ./data_container/24_11_27_19_20_30/24-25_cx_s_su819.htm.csv.
2024-11-27 19:20:59,959 - INFO - Visiting: http://www.drps.ed.ac.uk/24-25/dpt/cxedua11437.htm
2024-11-27 19:21:00,002 - INFO - 1 instances updated to ./data_container/24_11_27_19_20_30/24-25_cx_s_su819.htm.csv.
2024-11-27 19:21:00,014 - INFO - Visiting: http://www.drps.ed.ac.uk/24-25/dpt/cxedua11436.htm
2024-11-27 19:21:00,053 - INFO - 1 instances updated to ./data_container/24_11_27_19_20_30/24-25_cx_s_su819.htm.csv.
2024-11-27 19:21:00,065 - INFO - Visiting: http://www.drps.ed.ac.uk/24-25/dpt/cxedua11316.htm
2024-11-27 19:21:00,102 - INFO - 1 instances updated to ./data_container/24_11_27_19_20_30/24-25_cx_s_su819.htm.csv.
2024-11-27 19:21:00,114 - INFO - Visiting: http://www.drps.ed.ac.uk/24-25/dpt/cxedua11282.htm
2024-11-27 19:21:00,154 - INFO - 1 instances updated to ./data_container/24_11_27_19_20_30/24-25_cx_s_su819.htm.csv.
2024-11-27 19:21:00,174 - INFO - Visiting: http://www.drps.ed.ac.uk/24-25/dpt/cxedua11407.htm
2024-11-27 19:21:00,217 - INFO - 1 instances updated to ./data_container/24_11_27_19_20_30/24-25_cx_s_su819.htm.csv.
2024-11-27 19:21:00,228 - INFO - Visiting: http://www.drps.ed.ac.uk/24-25/dpt/cxedua11247.htm
2024-11-27 19:21:00,266 - INFO - 1 instances updated to ./data_container/24_11_27_19_20_30/24-25_cx_s_su819.htm.csv.
2024-11-27 19:21:00,289 - INFO - Visiting: http://www.drps.ed.ac.uk/24-25/dpt/cxedua11283.htm
2024-11-27 19:21:00,331 - INFO - 1 instances updated to ./data_container/24_11_27_19_20_30/24-25_cx_s_su819.htm.csv.
2024-11-27 19:21:00,343 - INFO - Visiting: http://www.drps.ed.ac.uk/24-25/dpt/cxedua11415.htm
2024-11-27 19:21:00,380 - INFO - 1 instances updated to ./data_container/24_11_27_19_20_30/24-25_cx_s_su819.htm.csv.
2024-11-27 19:21:00,391 - INFO - Visiting: http://www.drps.ed.ac.uk/24-25/dpt/cxedua11045.htm
2024-11-27 19:21:00,427 - INFO - 1 instances updated to ./data_container/24_11_27_19_20_30/24-25_cx_s_su819.htm.csv.
2024-11-27 19:21:00,438 - INFO - Visiting: http://www.drps.ed.ac.uk/24-25/dpt/cxedua11240.htm
2024-11-27 19:21:00,476 - INFO - 1 instances updated to ./data_container/24_11_27_19_20_30/24-25_cx_s_su819.htm.csv.
2024-11-27 19:21:00,488 - INFO - Visiting: http://www.drps.ed.ac.uk/24-25/dpt/cxedua11413.htm
2024-11-27 19:21:00,528 - INFO - 1 instances updated to ./data_container/24_11_27_19_20_30/24-25_cx_s_su819.htm.csv.
2024-11-27 19:21:00,540 - INFO - Visiting: http://www.drps.ed.ac.uk/24-25/dpt/cxedua11248.htm
2024-11-27 19:21:00,597 - INFO - 1 instances updated to ./data_container/24_11_27_19_20_30/24-25_cx_s_su819.htm.csv.
2024-11-27 19:21:00,609 - INFO - Visiting: http://www.drps.ed.ac.uk/24-25/dpt/cxedua11201.htm
2024-11-27 19:21:00,659 - INFO - 1 instances updated to ./data_container/24_11_27_19_20_30/24-25_cx_s_su819.htm.csv.
2024-11-27 19:21:00,670 - INFO - Visiting: http://www.drps.ed.ac.uk/24-25/dpt/cxedua11419.htm
2024-11-27 19:21:00,768 - INFO - 1 instances updated to ./data_container/24_11_27_19_20_30/24-25_cx_s_su819.htm.csv.
2024-11-27 19:21:00,781 - INFO - Visiting: http://www.drps.ed.ac.uk/24-25/dpt/cxedua11392.htm
2024-11-27 19:21:00,824 - INFO - 1 instances updated to ./data_container/24_11_27_19_20_30/24-25_cx_s_su819.htm.csv.
2024-11-27 19:21:00,839 - INFO - Visiting: http://www.drps.ed.ac.uk/24-25/dpt/cxedua11346.htm
2024-11-27 19:21:00,874 - INFO - 1 instances updated to ./data_container/24_11_27_19_20_30/24-25_cx_s_su819.htm.csv.
2024-11-27 19:21:00,887 - INFO - Visiting: http://www.drps.ed.ac.uk/24-25/dpt/cxedua11125.htm
2024-11-27 19:21:00,925 - INFO - 1 instances updated to ./data_container/24_11_27_19_20_30/24-25_cx_s_su819.htm.csv.
2024-11-27 19:21:00,937 - INFO - Visiting: http://www.drps.ed.ac.uk/24-25/dpt/cxedua11344.htm
2024-11-27 19:21:00,976 - INFO - 1 instances updated to ./data_container/24_11_27_19_20_30/24-25_cx_s_su819.htm.csv.
2024-11-27 19:21:00,987 - INFO - Visiting: http://www.drps.ed.ac.uk/24-25/dpt/cxedua11252.htm
2024-11-27 19:21:01,023 - INFO - 1 instances updated to ./data_container/24_11_27_19_20_30/24-25_cx_s_su819.htm.csv.
2024-11-27 19:21:01,036 - INFO - Visiting: http://www.drps.ed.ac.uk/24-25/dpt/cxedua11443.htm
2024-11-27 19:21:01,076 - INFO - 1 instances updated to ./data_container/24_11_27_19_20_30/24-25_cx_s_su819.htm.csv.
2024-11-27 19:21:01,089 - INFO - Visiting: http://www.drps.ed.ac.uk/24-25/dpt/cxedua11327.htm
2024-11-27 19:21:01,124 - INFO - 1 instances updated to ./data_container/24_11_27_19_20_30/24-25_cx_s_su819.htm.csv.
2024-11-27 19:21:01,148 - INFO - Visiting: http://www.drps.ed.ac.uk/24-25/dpt/cxedua11094.htm
2024-11-27 19:21:01,192 - INFO - 1 instances updated to ./data_container/24_11_27_19_20_30/24-25_cx_s_su819.htm.csv.
2024-11-27 19:21:01,203 - INFO - Visiting: http://www.drps.ed.ac.uk/24-25/dpt/cxedua11383.htm
2024-11-27 19:21:01,239 - INFO - 1 instances updated to ./data_container/24_11_27_19_20_30/24-25_cx_s_su819.htm.csv.
2024-11-27 19:21:01,252 - INFO - Visiting: http://www.drps.ed.ac.uk/24-25/dpt/cxedua11442.htm
2024-11-27 19:21:01,287 - INFO - 1 instances updated to ./data_container/24_11_27_19_20_30/24-25_cx_s_su819.htm.csv.
2024-11-27 19:21:01,299 - INFO - Visiting: http://www.drps.ed.ac.uk/24-25/dpt/cxedua11460.htm
2024-11-27 19:21:01,340 - INFO - 1 instances updated to ./data_container/24_11_27_19_20_30/24-25_cx_s_su819.htm.csv.
2024-11-27 19:21:01,355 - INFO - Visiting: http://www.drps.ed.ac.uk/24-25/dpt/cxedua11459.htm
2024-11-27 19:21:01,391 - INFO - 1 instances updated to ./data_container/24_11_27_19_20_30/24-25_cx_s_su819.htm.csv.
2024-11-27 19:21:01,409 - INFO - Visiting: http://www.drps.ed.ac.uk/24-25/dpt/cxedua11373.htm
2024-11-27 19:21:01,452 - INFO - 1 instances updated to ./data_container/24_11_27_19_20_30/24-25_cx_s_su819.htm.csv.
2024-11-27 19:21:01,469 - INFO - Visiting: http://www.drps.ed.ac.uk/24-25/dpt/cxedua11212.htm
2024-11-27 19:21:01,509 - INFO - 1 instances updated to ./data_container/24_11_27_19_20_30/24-25_cx_s_su819.htm.csv.
2024-11-27 19:21:01,526 - INFO - Visiting: http://www.drps.ed.ac.uk/24-25/dpt/cxedua11328.htm
2024-11-27 19:21:01,560 - INFO - 1 instances updated to ./data_container/24_11_27_19_20_30/24-25_cx_s_su819.htm.csv.
2024-11-27 19:21:01,575 - INFO - Visiting: http://www.drps.ed.ac.uk/24-25/dpt/cxedua11423.htm
2024-11-27 19:21:01,617 - INFO - 1 instances updated to ./data_container/24_11_27_19_20_30/24-25_cx_s_su819.htm.csv.
2024-11-27 19:21:01,633 - INFO - Visiting: http://www.drps.ed.ac.uk/24-25/dpt/cxedua11117.htm
2024-11-27 19:21:01,679 - INFO - 1 instances updated to ./data_container/24_11_27_19_20_30/24-25_cx_s_su819.htm.csv.
2024-11-27 19:21:01,693 - INFO - Visiting: http://www.drps.ed.ac.uk/24-25/dpt/cxedua11452.htm
2024-11-27 19:21:01,736 - INFO - 1 instances updated to ./data_container/24_11_27_19_20_30/24-25_cx_s_su819.htm.csv.
2024-11-27 19:21:01,751 - INFO - Visiting: http://www.drps.ed.ac.uk/24-25/dpt/cxedua11290.htm
2024-11-27 19:21:01,791 - INFO - 1 instances updated to ./data_container/24_11_27_19_20_30/24-25_cx_s_su819.htm.csv.
2024-11-27 19:21:01,804 - INFO - Visiting: http://www.drps.ed.ac.uk/24-25/dpt/cxedua11289.htm
2024-11-27 19:21:01,844 - INFO - 1 instances updated to ./data_container/24_11_27_19_20_30/24-25_cx_s_su819.htm.csv.
2024-11-27 19:21:01,857 - INFO - Visiting: http://www.drps.ed.ac.uk/24-25/dpt/cxedua11288.htm
2024-11-27 19:21:01,901 - INFO - 1 instances updated to ./data_container/24_11_27_19_20_30/24-25_cx_s_su819.htm.csv.
2024-11-27 19:21:01,912 - INFO - Visiting: http://www.drps.ed.ac.uk/24-25/dpt/cxedua11332.htm
2024-11-27 19:21:01,954 - INFO - 1 instances updated to ./data_container/24_11_27_19_20_30/24-25_cx_s_su819.htm.csv.
2024-11-27 19:21:01,967 - INFO - Visiting: http://www.drps.ed.ac.uk/24-25/dpt/cxedua11041.htm
2024-11-27 19:21:02,015 - INFO - 1 instances updated to ./data_container/24_11_27_19_20_30/24-25_cx_s_su819.htm.csv.
2024-11-27 19:21:02,031 - INFO - Visiting: http://www.drps.ed.ac.uk/24-25/dpt/cxedua11449.htm
2024-11-27 19:21:02,089 - INFO - 1 instances updated to ./data_container/24_11_27_19_20_30/24-25_cx_s_su819.htm.csv.
2024-11-27 19:21:02,123 - INFO - Visiting: http://www.drps.ed.ac.uk/24-25/dpt/cxedua11403.htm
2024-11-27 19:21:02,168 - INFO - 1 instances updated to ./data_container/24_11_27_19_20_30/24-25_cx_s_su819.htm.csv.
2024-11-27 19:21:02,183 - INFO - Visiting: http://www.drps.ed.ac.uk/24-25/dpt/cxedua11116.htm
2024-11-27 19:21:02,228 - INFO - 1 instances updated to ./data_container/24_11_27_19_20_30/24-25_cx_s_su819.htm.csv.
2024-11-27 19:21:02,245 - INFO - Visiting: http://www.drps.ed.ac.uk/24-25/dpt/cxedua11105.htm
2024-11-27 19:21:02,297 - INFO - 1 instances updated to ./data_container/24_11_27_19_20_30/24-25_cx_s_su819.htm.csv.
2024-11-27 19:21:02,309 - INFO - Visiting: http://www.drps.ed.ac.uk/24-25/dpt/cxedua11453.htm
2024-11-27 19:21:02,348 - INFO - 1 instances updated to ./data_container/24_11_27_19_20_30/24-25_cx_s_su819.htm.csv.
2024-11-27 19:21:02,361 - INFO - Visiting: http://www.drps.ed.ac.uk/24-25/dpt/cxedua11421.htm
2024-11-27 19:21:02,402 - INFO - 1 instances updated to ./data_container/24_11_27_19_20_30/24-25_cx_s_su819.htm.csv.
2024-11-27 19:21:02,414 - INFO - Visiting: http://www.drps.ed.ac.uk/24-25/dpt/cxedua11409.htm
2024-11-27 19:21:02,457 - INFO - 1 instances updated to ./data_container/24_11_27_19_20_30/24-25_cx_s_su819.htm.csv.
2024-11-27 19:21:02,472 - INFO - Visiting: http://www.drps.ed.ac.uk/24-25/dpt/cxedua11258.htm
2024-11-27 19:21:02,513 - INFO - 1 instances updated to ./data_container/24_11_27_19_20_30/24-25_cx_s_su819.htm.csv.
2024-11-27 19:21:02,524 - INFO - Visiting: http://www.drps.ed.ac.uk/24-25/dpt/cxedua11040.htm
2024-11-27 19:21:02,582 - INFO - 1 instances updated to ./data_container/24_11_27_19_20_30/24-25_cx_s_su819.htm.csv.
2024-11-27 19:21:02,594 - INFO - Visiting: http://www.drps.ed.ac.uk/24-25/dpt/cxedua11326.htm
2024-11-27 19:21:02,640 - INFO - 1 instances updated to ./data_container/24_11_27_19_20_30/24-25_cx_s_su819.htm.csv.
2024-11-27 19:21:02,651 - INFO - Visiting: http://www.drps.ed.ac.uk/24-25/dpt/cxedua11350.htm
2024-11-27 19:21:02,689 - INFO - 1 instances updated to ./data_container/24_11_27_19_20_30/24-25_cx_s_su819.htm.csv.
2024-11-27 19:21:02,703 - INFO - Visiting: http://www.drps.ed.ac.uk/24-25/dpt/cxedua11287.htm
2024-11-27 19:21:02,745 - INFO - 1 instances updated to ./data_container/24_11_27_19_20_30/24-25_cx_s_su819.htm.csv.
2024-11-27 19:21:02,758 - INFO - Visiting: http://www.drps.ed.ac.uk/24-25/dpt/cxedua11285.htm
2024-11-27 19:21:02,801 - INFO - 1 instances updated to ./data_container/24_11_27_19_20_30/24-25_cx_s_su819.htm.csv.
2024-11-27 19:21:02,817 - INFO - Visiting: http://www.drps.ed.ac.uk/24-25/dpt/cxedua11286.htm
2024-11-27 19:21:02,863 - INFO - 1 instances updated to ./data_container/24_11_27_19_20_30/24-25_cx_s_su819.htm.csv.
2024-11-27 19:21:02,875 - INFO - Visiting: http://www.drps.ed.ac.uk/24-25/dpt/cxedua11210.htm
2024-11-27 19:21:02,917 - INFO - 1 instances updated to ./data_container/24_11_27_19_20_30/24-25_cx_s_su819.htm.csv.
2024-11-27 19:21:02,932 - INFO - Visiting: http://www.drps.ed.ac.uk/24-25/dpt/cxedua11194.htm
2024-11-27 19:21:02,979 - INFO - 1 instances updated to ./data_container/24_11_27_19_20_30/24-25_cx_s_su819.htm.csv.
2024-11-27 19:21:02,991 - INFO - Visiting: http://www.drps.ed.ac.uk/24-25/dpt/cxedua11334.htm
2024-11-27 19:21:03,095 - INFO - 1 instances updated to ./data_container/24_11_27_19_20_30/24-25_cx_s_su819.htm.csv.
2024-11-27 19:21:03,107 - INFO - Visiting: http://www.drps.ed.ac.uk/24-25/dpt/cxedua11461.htm
2024-11-27 19:21:03,145 - INFO - 1 instances updated to ./data_container/24_11_27_19_20_30/24-25_cx_s_su819.htm.csv.
2024-11-27 19:21:03,157 - INFO - Visiting: http://www.drps.ed.ac.uk/24-25/dpt/cxedua11048.htm
2024-11-27 19:21:03,196 - INFO - 1 instances updated to ./data_container/24_11_27_19_20_30/24-25_cx_s_su819.htm.csv.
2024-11-27 19:21:03,218 - INFO - Visiting: http://www.drps.ed.ac.uk/24-25/dpt/cxedua11042.htm
2024-11-27 19:21:03,317 - INFO - 1 instances updated to ./data_container/24_11_27_19_20_30/24-25_cx_s_su819.htm.csv.
2024-11-27 19:21:03,330 - INFO - Visiting: http://www.drps.ed.ac.uk/24-25/dpt/cxedua11439.htm
2024-11-27 19:21:03,367 - INFO - 1 instances updated to ./data_container/24_11_27_19_20_30/24-25_cx_s_su819.htm.csv.
2024-11-27 19:21:03,378 - INFO - Visiting: http://www.drps.ed.ac.uk/24-25/dpt/cxedua11354.htm
2024-11-27 19:21:03,416 - INFO - 1 instances updated to ./data_container/24_11_27_19_20_30/24-25_cx_s_su819.htm.csv.
2024-11-27 19:21:03,429 - INFO - Visiting: http://www.drps.ed.ac.uk/24-25/dpt/cxedua11391.htm
2024-11-27 19:21:03,471 - INFO - 1 instances updated to ./data_container/24_11_27_19_20_30/24-25_cx_s_su819.htm.csv.
2024-11-27 19:21:03,484 - INFO - Visiting: http://www.drps.ed.ac.uk/24-25/dpt/cxedua11284.htm
2024-11-27 19:21:03,535 - INFO - 1 instances updated to ./data_container/24_11_27_19_20_30/24-25_cx_s_su819.htm.csv.
2024-11-27 19:21:03,548 - INFO - Visiting: http://www.drps.ed.ac.uk/24-25/dpt/cxedua11124.htm
2024-11-27 19:21:03,585 - INFO - 1 instances updated to ./data_container/24_11_27_19_20_30/24-25_cx_s_su819.htm.csv.
2024-11-27 19:21:03,597 - INFO - Visiting: http://www.drps.ed.ac.uk/24-25/dpt/cxedua11257.htm
2024-11-27 19:21:03,638 - INFO - 1 instances updated to ./data_container/24_11_27_19_20_30/24-25_cx_s_su819.htm.csv.
2024-11-27 19:21:03,664 - INFO - Visiting: http://www.drps.ed.ac.uk/24-25/dpt/cxedua11351.htm
2024-11-27 19:21:03,711 - INFO - 1 instances updated to ./data_container/24_11_27_19_20_30/24-25_cx_s_su819.htm.csv.
2024-11-27 19:21:03,723 - INFO - Visiting: http://www.drps.ed.ac.uk/24-25/dpt/cxedua11462.htm
2024-11-27 19:21:03,766 - INFO - 1 instances updated to ./data_container/24_11_27_19_20_30/24-25_cx_s_su819.htm.csv.
2024-11-27 19:21:03,779 - INFO - Visiting: http://www.drps.ed.ac.uk/24-25/dpt/cxedua11416.htm
2024-11-27 19:21:03,822 - INFO - 1 instances updated to ./data_container/24_11_27_19_20_30/24-25_cx_s_su819.htm.csv.
2024-11-27 19:21:03,837 - INFO - Visiting: http://www.drps.ed.ac.uk/24-25/dpt/cxedua11304.htm
2024-11-27 19:21:03,882 - INFO - 1 instances updated to ./data_container/24_11_27_19_20_30/24-25_cx_s_su819.htm.csv.
2024-11-27 19:21:03,899 - INFO - Visiting: http://www.drps.ed.ac.uk/24-25/dpt/cxedua11235.htm
2024-11-27 19:21:03,948 - INFO - 1 instances updated to ./data_container/24_11_27_19_20_30/24-25_cx_s_su819.htm.csv.
2024-11-27 19:21:03,963 - INFO - Visiting: http://www.drps.ed.ac.uk/24-25/dpt/cxedua11300.htm
2024-11-27 19:21:04,011 - INFO - 1 instances updated to ./data_container/24_11_27_19_20_30/24-25_cx_s_su819.htm.csv.
2024-11-27 19:21:04,035 - INFO - Visiting: http://www.drps.ed.ac.uk/24-25/dpt/cxedua11301.htm
2024-11-27 19:21:04,082 - INFO - 1 instances updated to ./data_container/24_11_27_19_20_30/24-25_cx_s_su819.htm.csv.
2024-11-27 19:21:04,102 - INFO - Visiting: http://www.drps.ed.ac.uk/24-25/dpt/cxedua11297.htm
2024-11-27 19:21:04,147 - INFO - 1 instances updated to ./data_container/24_11_27_19_20_30/24-25_cx_s_su819.htm.csv.
2024-11-27 19:21:04,160 - INFO - Visiting: http://www.drps.ed.ac.uk/24-25/dpt/cxedua11457.htm
2024-11-27 19:21:04,204 - INFO - 1 instances updated to ./data_container/24_11_27_19_20_30/24-25_cx_s_su819.htm.csv.
2024-11-27 19:21:04,216 - INFO - Visiting: http://www.drps.ed.ac.uk/24-25/dpt/cxedua11298.htm
2024-11-27 19:21:04,264 - INFO - 1 instances updated to ./data_container/24_11_27_19_20_30/24-25_cx_s_su819.htm.csv.
2024-11-27 19:21:04,278 - INFO - Visiting: http://www.drps.ed.ac.uk/24-25/dpt/cxedua11299.htm
2024-11-27 19:21:04,325 - INFO - 1 instances updated to ./data_container/24_11_27_19_20_30/24-25_cx_s_su819.htm.csv.
2024-11-27 19:21:04,341 - INFO - Visiting: http://www.drps.ed.ac.uk/24-25/dpt/cxedua11038.htm
2024-11-27 19:21:04,383 - INFO - 1 instances updated to ./data_container/24_11_27_19_20_30/24-25_cx_s_su819.htm.csv.
2024-11-27 19:21:04,399 - INFO - Visiting: http://www.drps.ed.ac.uk/24-25/dpt/cxedua11463.htm
2024-11-27 19:21:04,446 - INFO - 1 instances updated to ./data_container/24_11_27_19_20_30/24-25_cx_s_su819.htm.csv.
2024-11-27 19:21:04,458 - INFO - Visiting: http://www.drps.ed.ac.uk/24-25/dpt/cxedua11368.htm
2024-11-27 19:21:04,505 - INFO - 1 instances updated to ./data_container/24_11_27_19_20_30/24-25_cx_s_su819.htm.csv.
2024-11-27 19:21:04,517 - INFO - Visiting: http://www.drps.ed.ac.uk/24-25/dpt/cxedua11377.htm
2024-11-27 19:21:04,557 - INFO - 1 instances updated to ./data_container/24_11_27_19_20_30/24-25_cx_s_su819.htm.csv.
2024-11-27 19:21:04,568 - INFO - Visiting: http://www.drps.ed.ac.uk/24-25/dpt/cxedua11369.htm
2024-11-27 19:21:04,613 - INFO - 1 instances updated to ./data_container/24_11_27_19_20_30/24-25_cx_s_su819.htm.csv.
2024-11-27 19:21:04,625 - INFO - Visiting: http://www.drps.ed.ac.uk/24-25/dpt/cxedua11382.htm
2024-11-27 19:21:04,670 - INFO - 1 instances updated to ./data_container/24_11_27_19_20_30/24-25_cx_s_su819.htm.csv.
2024-11-27 19:21:04,682 - INFO - Visiting: http://www.drps.ed.ac.uk/24-25/dpt/cxedua11402.htm
2024-11-27 19:21:04,722 - INFO - 1 instances updated to ./data_container/24_11_27_19_20_30/24-25_cx_s_su819.htm.csv.
2024-11-27 19:21:04,735 - INFO - Visiting: http://www.drps.ed.ac.uk/24-25/dpt/cxedua11365.htm
2024-11-27 19:21:04,783 - INFO - 1 instances updated to ./data_container/24_11_27_19_20_30/24-25_cx_s_su819.htm.csv.
2024-11-27 19:21:04,796 - INFO - Visiting: http://www.drps.ed.ac.uk/24-25/dpt/cxedua11366.htm
2024-11-27 19:21:04,845 - INFO - 1 instances updated to ./data_container/24_11_27_19_20_30/24-25_cx_s_su819.htm.csv.
2024-11-27 19:21:04,864 - INFO - Visiting: http://www.drps.ed.ac.uk/24-25/dpt/cxedua11401.htm
2024-11-27 19:21:04,914 - INFO - 1 instances updated to ./data_container/24_11_27_19_20_30/24-25_cx_s_su819.htm.csv.
2024-11-27 19:21:04,925 - INFO - Visiting: http://www.drps.ed.ac.uk/24-25/dpt/cxedua11381.htm
2024-11-27 19:21:04,968 - INFO - 1 instances updated to ./data_container/24_11_27_19_20_30/24-25_cx_s_su819.htm.csv.
2024-11-27 19:21:04,980 - INFO - Visiting: http://www.drps.ed.ac.uk/24-25/dpt/cxedua11380.htm
2024-11-27 19:21:05,028 - INFO - 1 instances updated to ./data_container/24_11_27_19_20_30/24-25_cx_s_su819.htm.csv.
2024-11-27 19:21:05,051 - INFO - Visiting: http://www.drps.ed.ac.uk/24-25/dpt/cxedua11424.htm
2024-11-27 19:21:05,101 - INFO - 1 instances updated to ./data_container/24_11_27_19_20_30/24-25_cx_s_su819.htm.csv.
2024-11-27 19:21:05,117 - INFO - Visiting: http://www.drps.ed.ac.uk/24-25/dpt/cxedua11329.htm
2024-11-27 19:21:05,166 - INFO - 1 instances updated to ./data_container/24_11_27_19_20_30/24-25_cx_s_su819.htm.csv.
2024-11-27 19:21:05,178 - INFO - Visiting: http://www.drps.ed.ac.uk/24-25/dpt/cxedua11367.htm
2024-11-27 19:21:05,225 - INFO - 1 instances updated to ./data_container/24_11_27_19_20_30/24-25_cx_s_su819.htm.csv.
2024-11-27 19:21:05,238 - INFO - Visiting: http://www.drps.ed.ac.uk/24-25/dpt/cxedua11340.htm
2024-11-27 19:21:05,283 - INFO - 1 instances updated to ./data_container/24_11_27_19_20_30/24-25_cx_s_su819.htm.csv.
2024-11-27 19:21:05,296 - INFO - Visiting: http://www.drps.ed.ac.uk/24-25/dpt/cxedua11347.htm
2024-11-27 19:21:05,345 - INFO - 1 instances updated to ./data_container/24_11_27_19_20_30/24-25_cx_s_su819.htm.csv.
2024-11-27 19:21:05,359 - INFO - Visiting: http://www.drps.ed.ac.uk/24-25/dpt/cxedua11206.htm
2024-11-27 19:21:05,403 - INFO - 1 instances updated to ./data_container/24_11_27_19_20_30/24-25_cx_s_su819.htm.csv.
2024-11-27 19:21:05,415 - INFO - Visiting: http://www.drps.ed.ac.uk/24-25/dpt/cxedua11233.htm
2024-11-27 19:21:05,480 - INFO - 1 instances updated to ./data_container/24_11_27_19_20_30/24-25_cx_s_su819.htm.csv.
2024-11-27 19:21:05,498 - INFO - Visiting: http://www.drps.ed.ac.uk/24-25/dpt/cxedua11385.htm
2024-11-27 19:21:05,549 - INFO - 1 instances updated to ./data_container/24_11_27_19_20_30/24-25_cx_s_su819.htm.csv.
2024-11-27 19:21:05,561 - INFO - Visiting: http://www.drps.ed.ac.uk/24-25/dpt/cxedua11338.htm
2024-11-27 19:21:05,609 - INFO - 1 instances updated to ./data_container/24_11_27_19_20_30/24-25_cx_s_su819.htm.csv.
2024-11-27 19:21:05,622 - INFO - Visiting: http://www.drps.ed.ac.uk/24-25/dpt/cxedua11250.htm
2024-11-27 19:21:05,669 - INFO - 1 instances updated to ./data_container/24_11_27_19_20_30/24-25_cx_s_su819.htm.csv.
2024-11-27 19:21:05,683 - INFO - Visiting: http://www.drps.ed.ac.uk/24-25/dpt/cxedua11458.htm
2024-11-27 19:21:05,725 - INFO - 1 instances updated to ./data_container/24_11_27_19_20_30/24-25_cx_s_su819.htm.csv.
2024-11-27 19:21:05,739 - INFO - Visiting: http://www.drps.ed.ac.uk/24-25/dpt/cxedua11363.htm
2024-11-27 19:21:05,842 - INFO - 1 instances updated to ./data_container/24_11_27_19_20_30/24-25_cx_s_su819.htm.csv.
2024-11-27 19:21:05,855 - INFO - Visiting: http://www.drps.ed.ac.uk/24-25/dpt/cxedua11324.htm
2024-11-27 19:21:05,906 - INFO - 1 instances updated to ./data_container/24_11_27_19_20_30/24-25_cx_s_su819.htm.csv.
2024-11-27 19:21:05,918 - INFO - Visiting: http://www.drps.ed.ac.uk/24-25/dpt/cxedua11376.htm
2024-11-27 19:21:05,960 - INFO - 1 instances updated to ./data_container/24_11_27_19_20_30/24-25_cx_s_su819.htm.csv.
2024-11-27 19:21:05,974 - INFO - Visiting: http://www.drps.ed.ac.uk/24-25/dpt/cxedua11335.htm
2024-11-27 19:21:06,024 - INFO - 1 instances updated to ./data_container/24_11_27_19_20_30/24-25_cx_s_su819.htm.csv.
2024-11-27 19:21:06,037 - INFO - Visiting: http://www.drps.ed.ac.uk/24-25/dpt/cxedua11179.htm
2024-11-27 19:21:06,124 - INFO - 1 instances updated to ./data_container/24_11_27_19_20_30/24-25_cx_s_su819.htm.csv.
2024-11-27 19:21:06,138 - INFO - Visiting: http://www.drps.ed.ac.uk/24-25/dpt/cxedua11438.htm
2024-11-27 19:21:06,250 - INFO - 1 instances updated to ./data_container/24_11_27_19_20_30/24-25_cx_s_su819.htm.csv.
2024-11-27 19:21:06,264 - INFO - Visiting: http://www.drps.ed.ac.uk/24-25/dpt/cxedua11348.htm
2024-11-27 19:21:06,307 - INFO - 1 instances updated to ./data_container/24_11_27_19_20_30/24-25_cx_s_su819.htm.csv.
2024-11-27 19:21:06,321 - INFO - Visiting: http://www.drps.ed.ac.uk/24-25/dpt/cxedua12001.htm
2024-11-27 19:21:06,371 - INFO - 1 instances updated to ./data_container/24_11_27_19_20_30/24-25_cx_s_su819.htm.csv.
2024-11-27 19:21:06,371 - INFO - Mining for keywords Accessibility,Inclusive design,Disability rights,Adaptive tools is success.
2024-11-27 19:21:06,416 - INFO - Visiting: http://www.drps.ed.ac.uk/24-25/dpt/cx_sb_redu.htm
2024-11-27 19:21:06,452 - INFO - Visiting: http://www.drps.ed.ac.uk/24-25/dpt/cxredu11074.htm
2024-11-27 19:21:06,474 - INFO - 1 instances updated to ./data_container/24_11_27_19_20_30/24-25_cx_s_su819.htm.csv.
2024-11-27 19:21:06,485 - INFO - Visiting: http://www.drps.ed.ac.uk/24-25/dpt/cxredu11079.htm
2024-11-27 19:21:06,501 - INFO - 1 instances updated to ./data_container/24_11_27_19_20_30/24-25_cx_s_su819.htm.csv.
2024-11-27 19:21:06,513 - INFO - Visiting: http://www.drps.ed.ac.uk/24-25/dpt/cxredu11076.htm
2024-11-27 19:21:06,526 - INFO - 1 instances updated to ./data_container/24_11_27_19_20_30/24-25_cx_s_su819.htm.csv.
2024-11-27 19:21:06,537 - INFO - Visiting: http://www.drps.ed.ac.uk/24-25/dpt/cxredu11045.htm
2024-11-27 19:21:06,550 - INFO - 1 instances updated to ./data_container/24_11_27_19_20_30/24-25_cx_s_su819.htm.csv.
2024-11-27 19:21:06,563 - INFO - Visiting: http://www.drps.ed.ac.uk/24-25/dpt/cxredu11091.htm
2024-11-27 19:21:06,584 - INFO - 1 instances updated to ./data_container/24_11_27_19_20_30/24-25_cx_s_su819.htm.csv.
2024-11-27 19:21:06,598 - INFO - Visiting: http://www.drps.ed.ac.uk/24-25/dpt/cxredu11073.htm
2024-11-27 19:21:06,617 - INFO - 1 instances updated to ./data_container/24_11_27_19_20_30/24-25_cx_s_su819.htm.csv.
2024-11-27 19:21:06,630 - INFO - Visiting: http://www.drps.ed.ac.uk/24-25/dpt/cxredu11089.htm
2024-11-27 19:21:06,646 - INFO - 1 instances updated to ./data_container/24_11_27_19_20_30/24-25_cx_s_su819.htm.csv.
2024-11-27 19:21:06,659 - INFO - Visiting: http://www.drps.ed.ac.uk/24-25/dpt/cxredu11060.htm
2024-11-27 19:21:06,671 - INFO - 1 instances updated to ./data_container/24_11_27_19_20_30/24-25_cx_s_su819.htm.csv.
2024-11-27 19:21:06,683 - INFO - Visiting: http://www.drps.ed.ac.uk/24-25/dpt/cxredu11087.htm
2024-11-27 19:21:06,706 - INFO - 1 instances updated to ./data_container/24_11_27_19_20_30/24-25_cx_s_su819.htm.csv.
2024-11-27 19:21:06,717 - INFO - Visiting: http://www.drps.ed.ac.uk/24-25/dpt/cxredu11082.htm
2024-11-27 19:21:06,736 - INFO - 1 instances updated to ./data_container/24_11_27_19_20_30/24-25_cx_s_su819.htm.csv.
2024-11-27 19:21:06,748 - INFO - Visiting: http://www.drps.ed.ac.uk/24-25/dpt/cxredu11083.htm
2024-11-27 19:21:06,767 - INFO - 1 instances updated to ./data_container/24_11_27_19_20_30/24-25_cx_s_su819.htm.csv.
2024-11-27 19:21:06,778 - INFO - Visiting: http://www.drps.ed.ac.uk/24-25/dpt/cxredu11052.htm
2024-11-27 19:21:06,796 - INFO - 1 instances updated to ./data_container/24_11_27_19_20_30/24-25_cx_s_su819.htm.csv.
2024-11-27 19:21:06,808 - INFO - Visiting: http://www.drps.ed.ac.uk/24-25/dpt/cxredu11088.htm
2024-11-27 19:21:06,829 - INFO - 1 instances updated to ./data_container/24_11_27_19_20_30/24-25_cx_s_su819.htm.csv.
2024-11-27 19:21:06,842 - INFO - Visiting: http://www.drps.ed.ac.uk/24-25/dpt/cxredu11092.htm
2024-11-27 19:21:06,857 - INFO - 1 instances updated to ./data_container/24_11_27_19_20_30/24-25_cx_s_su819.htm.csv.
2024-11-27 19:21:06,871 - INFO - Visiting: http://www.drps.ed.ac.uk/24-25/dpt/cxredu11086.htm
2024-11-27 19:21:06,892 - INFO - 1 instances updated to ./data_container/24_11_27_19_20_30/24-25_cx_s_su819.htm.csv.
2024-11-27 19:21:06,905 - INFO - Visiting: http://www.drps.ed.ac.uk/24-25/dpt/cxredu11085.htm
2024-11-27 19:21:06,924 - INFO - 1 instances updated to ./data_container/24_11_27_19_20_30/24-25_cx_s_su819.htm.csv.
2024-11-27 19:21:06,940 - INFO - Visiting: http://www.drps.ed.ac.uk/24-25/dpt/cxredu11080.htm
2024-11-27 19:21:06,962 - INFO - 1 instances updated to ./data_container/24_11_27_19_20_30/24-25_cx_s_su819.htm.csv.
2024-11-27 19:21:06,975 - INFO - Visiting: http://www.drps.ed.ac.uk/24-25/dpt/cxredu11077.htm
2024-11-27 19:21:06,998 - INFO - 1 instances updated to ./data_container/24_11_27_19_20_30/24-25_cx_s_su819.htm.csv.
2024-11-27 19:21:07,014 - INFO - Visiting: http://www.drps.ed.ac.uk/24-25/dpt/cxredu11081.htm
2024-11-27 19:21:07,037 - INFO - 1 instances updated to ./data_container/24_11_27_19_20_30/24-25_cx_s_su819.htm.csv.
2024-11-27 19:21:07,051 - INFO - Visiting: http://www.drps.ed.ac.uk/24-25/dpt/cxredu11084.htm
2024-11-27 19:21:07,075 - INFO - 1 instances updated to ./data_container/24_11_27_19_20_30/24-25_cx_s_su819.htm.csv.
2024-11-27 19:21:07,088 - INFO - Visiting: http://www.drps.ed.ac.uk/24-25/dpt/cxredu11064.htm
2024-11-27 19:21:07,108 - INFO - 1 instances updated to ./data_container/24_11_27_19_20_30/24-25_cx_s_su819.htm.csv.
2024-11-27 19:21:07,121 - INFO - Visiting: http://www.drps.ed.ac.uk/24-25/dpt/cxredu11050.htm
2024-11-27 19:21:07,145 - INFO - 1 instances updated to ./data_container/24_11_27_19_20_30/24-25_cx_s_su819.htm.csv.
2024-11-27 19:21:07,157 - INFO - Visiting: http://www.drps.ed.ac.uk/24-25/dpt/cxredu11051.htm
2024-11-27 19:21:07,175 - INFO - 1 instances updated to ./data_container/24_11_27_19_20_30/24-25_cx_s_su819.htm.csv.
2024-11-27 19:21:07,187 - INFO - Visiting: http://www.drps.ed.ac.uk/24-25/dpt/cxredu11024.htm
2024-11-27 19:21:07,208 - INFO - 1 instances updated to ./data_container/24_11_27_19_20_30/24-25_cx_s_su819.htm.csv.
2024-11-27 19:21:07,220 - INFO - Visiting: http://www.drps.ed.ac.uk/24-25/dpt/cxredu11075.htm
2024-11-27 19:21:07,240 - INFO - 1 instances updated to ./data_container/24_11_27_19_20_30/24-25_cx_s_su819.htm.csv.
2024-11-27 19:21:07,253 - INFO - Visiting: http://www.drps.ed.ac.uk/24-25/dpt/cxredu11026.htm
2024-11-27 19:21:07,276 - INFO - 1 instances updated to ./data_container/24_11_27_19_20_30/24-25_cx_s_su819.htm.csv.
2024-11-27 19:21:07,288 - INFO - Visiting: http://www.drps.ed.ac.uk/24-25/dpt/cxredu11056.htm
2024-11-27 19:21:07,302 - INFO - 1 instances updated to ./data_container/24_11_27_19_20_30/24-25_cx_s_su819.htm.csv.
2024-11-27 19:21:07,315 - INFO - Visiting: http://www.drps.ed.ac.uk/24-25/dpt/cxredu11059.htm
2024-11-27 19:21:07,336 - INFO - 1 instances updated to ./data_container/24_11_27_19_20_30/24-25_cx_s_su819.htm.csv.
2024-11-27 19:21:07,348 - INFO - Visiting: http://www.drps.ed.ac.uk/24-25/dpt/cxredu11093.htm
2024-11-27 19:21:07,368 - INFO - 1 instances updated to ./data_container/24_11_27_19_20_30/24-25_cx_s_su819.htm.csv.
2024-11-27 19:21:07,381 - INFO - Visiting: http://www.drps.ed.ac.uk/24-25/dpt/cxredu11048.htm
2024-11-27 19:21:07,398 - INFO - 1 instances updated to ./data_container/24_11_27_19_20_30/24-25_cx_s_su819.htm.csv.
2024-11-27 19:21:07,410 - INFO - Visiting: http://www.drps.ed.ac.uk/24-25/dpt/cxredu11078.htm
2024-11-27 19:21:07,426 - INFO - 1 instances updated to ./data_container/24_11_27_19_20_30/24-25_cx_s_su819.htm.csv.
2024-11-27 19:21:07,439 - INFO - Visiting: http://www.drps.ed.ac.uk/24-25/dpt/cxredu11028.htm
2024-11-27 19:21:07,460 - INFO - 1 instances updated to ./data_container/24_11_27_19_20_30/24-25_cx_s_su819.htm.csv.
2024-11-27 19:21:07,473 - INFO - Visiting: http://www.drps.ed.ac.uk/24-25/dpt/cxredu11029.htm
2024-11-27 19:21:07,490 - INFO - 1 instances updated to ./data_container/24_11_27_19_20_30/24-25_cx_s_su819.htm.csv.
2024-11-27 19:21:07,512 - INFO - Visiting: http://www.drps.ed.ac.uk/24-25/dpt/cxredu11063.htm
2024-11-27 19:21:07,588 - INFO - 1 instances updated to ./data_container/24_11_27_19_20_30/24-25_cx_s_su819.htm.csv.
2024-11-27 19:21:07,600 - INFO - Visiting: http://www.drps.ed.ac.uk/24-25/dpt/cxredu11011.htm
2024-11-27 19:21:07,616 - INFO - 1 instances updated to ./data_container/24_11_27_19_20_30/24-25_cx_s_su819.htm.csv.
2024-11-27 19:21:07,628 - INFO - Visiting: http://www.drps.ed.ac.uk/24-25/dpt/cxredu11002.htm
2024-11-27 19:21:07,646 - INFO - 1 instances updated to ./data_container/24_11_27_19_20_30/24-25_cx_s_su819.htm.csv.
2024-11-27 19:21:07,657 - INFO - Visiting: http://www.drps.ed.ac.uk/24-25/dpt/cxredu11046.htm
2024-11-27 19:21:07,677 - INFO - 1 instances updated to ./data_container/24_11_27_19_20_30/24-25_cx_s_su819.htm.csv.
2024-11-27 19:21:07,688 - INFO - Visiting: http://www.drps.ed.ac.uk/24-25/dpt/cxredu11010.htm
2024-11-27 19:21:07,705 - INFO - 1 instances updated to ./data_container/24_11_27_19_20_30/24-25_cx_s_su819.htm.csv.
2024-11-27 19:21:07,717 - INFO - Visiting: http://www.drps.ed.ac.uk/24-25/dpt/cxredu12004.htm
2024-11-27 19:21:07,735 - INFO - 1 instances updated to ./data_container/24_11_27_19_20_30/24-25_cx_s_su819.htm.csv.
2024-11-27 19:21:07,747 - INFO - Visiting: http://www.drps.ed.ac.uk/24-25/dpt/cxredu12006.htm
2024-11-27 19:21:07,764 - INFO - 1 instances updated to ./data_container/24_11_27_19_20_30/24-25_cx_s_su819.htm.csv.
2024-11-27 19:21:07,776 - INFO - Visiting: http://www.drps.ed.ac.uk/24-25/dpt/cxredu12001.htm
2024-11-27 19:21:07,790 - INFO - 1 instances updated to ./data_container/24_11_27_19_20_30/24-25_cx_s_su819.htm.csv.
2024-11-27 19:21:07,805 - INFO - Visiting: http://www.drps.ed.ac.uk/24-25/dpt/cxredu12005.htm
2024-11-27 19:21:07,830 - INFO - 1 instances updated to ./data_container/24_11_27_19_20_30/24-25_cx_s_su819.htm.csv.
2024-11-27 19:21:07,843 - INFO - Visiting: http://www.drps.ed.ac.uk/24-25/dpt/cxredu12002.htm
2024-11-27 19:21:07,865 - INFO - 1 instances updated to ./data_container/24_11_27_19_20_30/24-25_cx_s_su819.htm.csv.
2024-11-27 19:21:07,865 - INFO - Mining for keywords Accessibility,Inclusive design,Disability rights,Adaptive tools is success.
2024-11-27 19:21:07,883 - INFO - Visiting: http://www.drps.ed.ac.uk/24-25/dpt/cx_sb_sprt.htm
2024-11-27 19:21:07,922 - INFO - Visiting: http://www.drps.ed.ac.uk/24-25/dpt/cxsprt08026.htm
2024-11-27 19:21:07,936 - INFO - 1 instances updated to ./data_container/24_11_27_19_20_30/24-25_cx_s_su819.htm.csv.
2024-11-27 19:21:07,954 - INFO - Visiting: http://www.drps.ed.ac.uk/24-25/dpt/cxsprt08032.htm
2024-11-27 19:21:07,976 - INFO - 1 instances updated to ./data_container/24_11_27_19_20_30/24-25_cx_s_su819.htm.csv.
2024-11-27 19:21:07,989 - INFO - Visiting: http://www.drps.ed.ac.uk/24-25/dpt/cxsprt08018.htm
2024-11-27 19:21:08,009 - INFO - 1 instances updated to ./data_container/24_11_27_19_20_30/24-25_cx_s_su819.htm.csv.
2024-11-27 19:21:08,020 - INFO - Visiting: http://www.drps.ed.ac.uk/24-25/dpt/cxsprt08030.htm
2024-11-27 19:21:08,038 - INFO - 1 instances updated to ./data_container/24_11_27_19_20_30/24-25_cx_s_su819.htm.csv.
2024-11-27 19:21:08,052 - INFO - Visiting: http://www.drps.ed.ac.uk/24-25/dpt/cxsprt08031.htm
2024-11-27 19:21:08,071 - INFO - 1 instances updated to ./data_container/24_11_27_19_20_30/24-25_cx_s_su819.htm.csv.
2024-11-27 19:21:08,084 - INFO - Visiting: http://www.drps.ed.ac.uk/24-25/dpt/cxsprt08029.htm
2024-11-27 19:21:08,102 - INFO - 1 instances updated to ./data_container/24_11_27_19_20_30/24-25_cx_s_su819.htm.csv.
2024-11-27 19:21:08,114 - INFO - Visiting: http://www.drps.ed.ac.uk/24-25/dpt/cxsprt08033.htm
2024-11-27 19:21:08,127 - INFO - 1 instances updated to ./data_container/24_11_27_19_20_30/24-25_cx_s_su819.htm.csv.
2024-11-27 19:21:08,144 - INFO - Visiting: http://www.drps.ed.ac.uk/24-25/dpt/cxsprt08021.htm
2024-11-27 19:21:08,169 - INFO - 1 instances updated to ./data_container/24_11_27_19_20_30/24-25_cx_s_su819.htm.csv.
2024-11-27 19:21:08,182 - INFO - Visiting: http://www.drps.ed.ac.uk/24-25/dpt/cxsprt08022.htm
2024-11-27 19:21:08,199 - INFO - 1 instances updated to ./data_container/24_11_27_19_20_30/24-25_cx_s_su819.htm.csv.
2024-11-27 19:21:08,212 - INFO - Visiting: http://www.drps.ed.ac.uk/24-25/dpt/cxsprt08019.htm
2024-11-27 19:21:08,235 - INFO - 1 instances updated to ./data_container/24_11_27_19_20_30/24-25_cx_s_su819.htm.csv.
2024-11-27 19:21:08,250 - INFO - Visiting: http://www.drps.ed.ac.uk/24-25/dpt/cxsprt08024.htm
2024-11-27 19:21:08,275 - INFO - 1 instances updated to ./data_container/24_11_27_19_20_30/24-25_cx_s_su819.htm.csv.
2024-11-27 19:21:08,294 - INFO - Visiting: http://www.drps.ed.ac.uk/24-25/dpt/cxsprt08020.htm
2024-11-27 19:21:08,311 - INFO - 1 instances updated to ./data_container/24_11_27_19_20_30/24-25_cx_s_su819.htm.csv.
2024-11-27 19:21:08,322 - INFO - Visiting: http://www.drps.ed.ac.uk/24-25/dpt/cxsprt08023.htm
2024-11-27 19:21:08,339 - INFO - 1 instances updated to ./data_container/24_11_27_19_20_30/24-25_cx_s_su819.htm.csv.
2024-11-27 19:21:08,363 - INFO - Visiting: http://www.drps.ed.ac.uk/24-25/dpt/cxsprt08001.htm
2024-11-27 19:21:08,387 - INFO - 1 instances updated to ./data_container/24_11_27_19_20_30/24-25_cx_s_su819.htm.csv.
2024-11-27 19:21:08,400 - INFO - Visiting: http://www.drps.ed.ac.uk/24-25/dpt/cxsprt08016.htm
2024-11-27 19:21:08,425 - INFO - 1 instances updated to ./data_container/24_11_27_19_20_30/24-25_cx_s_su819.htm.csv.
2024-11-27 19:21:08,437 - INFO - Visiting: http://www.drps.ed.ac.uk/24-25/dpt/cxsprt08014.htm
2024-11-27 19:21:08,454 - INFO - 1 instances updated to ./data_container/24_11_27_19_20_30/24-25_cx_s_su819.htm.csv.
2024-11-27 19:21:08,467 - INFO - Visiting: http://www.drps.ed.ac.uk/24-25/dpt/cxsprt08012.htm
2024-11-27 19:21:08,486 - INFO - 1 instances updated to ./data_container/24_11_27_19_20_30/24-25_cx_s_su819.htm.csv.
2024-11-27 19:21:08,498 - INFO - Visiting: http://www.drps.ed.ac.uk/24-25/dpt/cxsprt08028.htm
2024-11-27 19:21:08,517 - INFO - 1 instances updated to ./data_container/24_11_27_19_20_30/24-25_cx_s_su819.htm.csv.
2024-11-27 19:21:08,528 - INFO - Visiting: http://www.drps.ed.ac.uk/24-25/dpt/cxsprt08017.htm
2024-11-27 19:21:08,546 - INFO - 1 instances updated to ./data_container/24_11_27_19_20_30/24-25_cx_s_su819.htm.csv.
2024-11-27 19:21:08,557 - INFO - Visiting: http://www.drps.ed.ac.uk/24-25/dpt/cxsprt08027.htm
2024-11-27 19:21:08,572 - INFO - 1 instances updated to ./data_container/24_11_27_19_20_30/24-25_cx_s_su819.htm.csv.
2024-11-27 19:21:08,584 - INFO - Visiting: http://www.drps.ed.ac.uk/24-25/dpt/cxsprt08025.htm
2024-11-27 19:21:08,600 - INFO - 1 instances updated to ./data_container/24_11_27_19_20_30/24-25_cx_s_su819.htm.csv.
2024-11-27 19:21:08,613 - INFO - Visiting: http://www.drps.ed.ac.uk/24-25/dpt/cxsprt10037.htm
2024-11-27 19:21:08,634 - INFO - 1 instances updated to ./data_container/24_11_27_19_20_30/24-25_cx_s_su819.htm.csv.
2024-11-27 19:21:08,647 - INFO - Visiting: http://www.drps.ed.ac.uk/24-25/dpt/cxsprt10064.htm
2024-11-27 19:21:08,662 - INFO - 1 instances updated to ./data_container/24_11_27_19_20_30/24-25_cx_s_su819.htm.csv.
2024-11-27 19:21:08,674 - INFO - Visiting: http://www.drps.ed.ac.uk/24-25/dpt/cxsprt10059.htm
2024-11-27 19:21:08,692 - INFO - 1 instances updated to ./data_container/24_11_27_19_20_30/24-25_cx_s_su819.htm.csv.
2024-11-27 19:21:08,703 - INFO - Visiting: http://www.drps.ed.ac.uk/24-25/dpt/cxsprt10024.htm
2024-11-27 19:21:08,722 - INFO - 1 instances updated to ./data_container/24_11_27_19_20_30/24-25_cx_s_su819.htm.csv.
2024-11-27 19:21:08,734 - INFO - Visiting: http://www.drps.ed.ac.uk/24-25/dpt/cxsprt10025.htm
2024-11-27 19:21:08,756 - INFO - 1 instances updated to ./data_container/24_11_27_19_20_30/24-25_cx_s_su819.htm.csv.
2024-11-27 19:21:08,769 - INFO - Visiting: http://www.drps.ed.ac.uk/24-25/dpt/cxsprt10048.htm
2024-11-27 19:21:08,793 - INFO - 1 instances updated to ./data_container/24_11_27_19_20_30/24-25_cx_s_su819.htm.csv.
2024-11-27 19:21:08,807 - INFO - Visiting: http://www.drps.ed.ac.uk/24-25/dpt/cxsprt10029.htm
2024-11-27 19:21:08,828 - INFO - 1 instances updated to ./data_container/24_11_27_19_20_30/24-25_cx_s_su819.htm.csv.
2024-11-27 19:21:08,840 - INFO - Visiting: http://www.drps.ed.ac.uk/24-25/dpt/cxsprt10054.htm
2024-11-27 19:21:08,859 - INFO - 1 instances updated to ./data_container/24_11_27_19_20_30/24-25_cx_s_su819.htm.csv.
2024-11-27 19:21:08,872 - INFO - Visiting: http://www.drps.ed.ac.uk/24-25/dpt/cxsprt10053.htm
2024-11-27 19:21:08,948 - INFO - 1 instances updated to ./data_container/24_11_27_19_20_30/24-25_cx_s_su819.htm.csv.
2024-11-27 19:21:08,980 - INFO - Visiting: http://www.drps.ed.ac.uk/24-25/dpt/cxsprt10003.htm
2024-11-27 19:21:09,009 - INFO - 1 instances updated to ./data_container/24_11_27_19_20_30/24-25_cx_s_su819.htm.csv.
2024-11-27 19:21:09,021 - INFO - Visiting: http://www.drps.ed.ac.uk/24-25/dpt/cxsprt10004.htm
2024-11-27 19:21:09,046 - INFO - 1 instances updated to ./data_container/24_11_27_19_20_30/24-25_cx_s_su819.htm.csv.
2024-11-27 19:21:09,062 - INFO - Visiting: http://www.drps.ed.ac.uk/24-25/dpt/cxsprt10046.htm
2024-11-27 19:21:09,081 - INFO - 1 instances updated to ./data_container/24_11_27_19_20_30/24-25_cx_s_su819.htm.csv.
2024-11-27 19:21:09,092 - INFO - Visiting: http://www.drps.ed.ac.uk/24-25/dpt/cxsprt10020.htm
2024-11-27 19:21:09,113 - INFO - 1 instances updated to ./data_container/24_11_27_19_20_30/24-25_cx_s_su819.htm.csv.
2024-11-27 19:21:09,126 - INFO - Visiting: http://www.drps.ed.ac.uk/24-25/dpt/cxsprt10056.htm
2024-11-27 19:21:09,151 - INFO - 1 instances updated to ./data_container/24_11_27_19_20_30/24-25_cx_s_su819.htm.csv.
2024-11-27 19:21:09,165 - INFO - Visiting: http://www.drps.ed.ac.uk/24-25/dpt/cxsprt10062.htm
2024-11-27 19:21:09,190 - INFO - 1 instances updated to ./data_container/24_11_27_19_20_30/24-25_cx_s_su819.htm.csv.
2024-11-27 19:21:09,200 - INFO - Visiting: http://www.drps.ed.ac.uk/24-25/dpt/cxsprt10065.htm
2024-11-27 19:21:09,218 - INFO - 1 instances updated to ./data_container/24_11_27_19_20_30/24-25_cx_s_su819.htm.csv.
2024-11-27 19:21:09,231 - INFO - Visiting: http://www.drps.ed.ac.uk/24-25/dpt/cxsprt10033.htm
2024-11-27 19:21:09,253 - INFO - 1 instances updated to ./data_container/24_11_27_19_20_30/24-25_cx_s_su819.htm.csv.
2024-11-27 19:21:09,265 - INFO - Visiting: http://www.drps.ed.ac.uk/24-25/dpt/cxsprt10032.htm
2024-11-27 19:21:09,284 - INFO - 1 instances updated to ./data_container/24_11_27_19_20_30/24-25_cx_s_su819.htm.csv.
2024-11-27 19:21:09,297 - INFO - Visiting: http://www.drps.ed.ac.uk/24-25/dpt/cxsprt10052.htm
2024-11-27 19:21:09,317 - INFO - 1 instances updated to ./data_container/24_11_27_19_20_30/24-25_cx_s_su819.htm.csv.
2024-11-27 19:21:09,330 - INFO - Visiting: http://www.drps.ed.ac.uk/24-25/dpt/cxsprt10050.htm
2024-11-27 19:21:09,350 - INFO - 1 instances updated to ./data_container/24_11_27_19_20_30/24-25_cx_s_su819.htm.csv.
2024-11-27 19:21:09,383 - INFO - Visiting: http://www.drps.ed.ac.uk/24-25/dpt/cxsprt10049.htm
2024-11-27 19:21:09,411 - INFO - 1 instances updated to ./data_container/24_11_27_19_20_30/24-25_cx_s_su819.htm.csv.
2024-11-27 19:21:09,423 - INFO - Visiting: http://www.drps.ed.ac.uk/24-25/dpt/cxsprt10051.htm
2024-11-27 19:21:09,441 - INFO - 1 instances updated to ./data_container/24_11_27_19_20_30/24-25_cx_s_su819.htm.csv.
2024-11-27 19:21:09,454 - INFO - Visiting: http://www.drps.ed.ac.uk/24-25/dpt/cxsprt10047.htm
2024-11-27 19:21:09,477 - INFO - 1 instances updated to ./data_container/24_11_27_19_20_30/24-25_cx_s_su819.htm.csv.
2024-11-27 19:21:09,502 - INFO - Visiting: http://www.drps.ed.ac.uk/24-25/dpt/cxsprt10027.htm
2024-11-27 19:21:09,530 - INFO - 1 instances updated to ./data_container/24_11_27_19_20_30/24-25_cx_s_su819.htm.csv.
2024-11-27 19:21:09,542 - INFO - Visiting: http://www.drps.ed.ac.uk/24-25/dpt/cxsprt10005.htm
2024-11-27 19:21:09,566 - INFO - 1 instances updated to ./data_container/24_11_27_19_20_30/24-25_cx_s_su819.htm.csv.
2024-11-27 19:21:09,577 - INFO - Visiting: http://www.drps.ed.ac.uk/24-25/dpt/cxsprt10006.htm
2024-11-27 19:21:09,598 - INFO - 1 instances updated to ./data_container/24_11_27_19_20_30/24-25_cx_s_su819.htm.csv.
2024-11-27 19:21:09,610 - INFO - Visiting: http://www.drps.ed.ac.uk/24-25/dpt/cxsprt10038.htm
2024-11-27 19:21:09,632 - INFO - 1 instances updated to ./data_container/24_11_27_19_20_30/24-25_cx_s_su819.htm.csv.
2024-11-27 19:21:09,643 - INFO - Visiting: http://www.drps.ed.ac.uk/24-25/dpt/cxsprt10060.htm
2024-11-27 19:21:09,666 - INFO - 1 instances updated to ./data_container/24_11_27_19_20_30/24-25_cx_s_su819.htm.csv.
2024-11-27 19:21:09,679 - INFO - Visiting: http://www.drps.ed.ac.uk/24-25/dpt/cxsprt10057.htm
2024-11-27 19:21:09,701 - INFO - 1 instances updated to ./data_container/24_11_27_19_20_30/24-25_cx_s_su819.htm.csv.
2024-11-27 19:21:09,722 - INFO - Visiting: http://www.drps.ed.ac.uk/24-25/dpt/cxsprt10058.htm
2024-11-27 19:21:09,748 - INFO - 1 instances updated to ./data_container/24_11_27_19_20_30/24-25_cx_s_su819.htm.csv.
2024-11-27 19:21:09,761 - INFO - Visiting: http://www.drps.ed.ac.uk/24-25/dpt/cxsprt10061.htm
2024-11-27 19:21:09,788 - INFO - 1 instances updated to ./data_container/24_11_27_19_20_30/24-25_cx_s_su819.htm.csv.
2024-11-27 19:21:09,801 - INFO - Visiting: http://www.drps.ed.ac.uk/24-25/dpt/cxsprt10021.htm
2024-11-27 19:21:09,823 - INFO - 1 instances updated to ./data_container/24_11_27_19_20_30/24-25_cx_s_su819.htm.csv.
2024-11-27 19:21:09,834 - INFO - Visiting: http://www.drps.ed.ac.uk/24-25/dpt/cxsprt10067.htm
2024-11-27 19:21:09,860 - INFO - 1 instances updated to ./data_container/24_11_27_19_20_30/24-25_cx_s_su819.htm.csv.
2024-11-27 19:21:09,873 - INFO - Visiting: http://www.drps.ed.ac.uk/24-25/dpt/cxsprt10055.htm
2024-11-27 19:21:09,896 - INFO - 1 instances updated to ./data_container/24_11_27_19_20_30/24-25_cx_s_su819.htm.csv.
2024-11-27 19:21:09,915 - INFO - Visiting: http://www.drps.ed.ac.uk/24-25/dpt/cxsprt10030.htm
2024-11-27 19:21:09,948 - INFO - 1 instances updated to ./data_container/24_11_27_19_20_30/24-25_cx_s_su819.htm.csv.
2024-11-27 19:21:09,960 - INFO - Visiting: http://www.drps.ed.ac.uk/24-25/dpt/cxsprt10012.htm
2024-11-27 19:21:09,985 - INFO - 1 instances updated to ./data_container/24_11_27_19_20_30/24-25_cx_s_su819.htm.csv.
2024-11-27 19:21:10,020 - INFO - Visiting: http://www.drps.ed.ac.uk/24-25/dpt/cxsprt10034.htm
2024-11-27 19:21:10,054 - INFO - 1 instances updated to ./data_container/24_11_27_19_20_30/24-25_cx_s_su819.htm.csv.
2024-11-27 19:21:10,066 - INFO - Visiting: http://www.drps.ed.ac.uk/24-25/dpt/cxsprt10034.htm
2024-11-27 19:21:10,095 - INFO - 1 instances updated to ./data_container/24_11_27_19_20_30/24-25_cx_s_su819.htm.csv.
2024-11-27 19:21:10,118 - INFO - Visiting: http://www.drps.ed.ac.uk/24-25/dpt/cxsprt10034.htm
2024-11-27 19:21:10,152 - INFO - 1 instances updated to ./data_container/24_11_27_19_20_30/24-25_cx_s_su819.htm.csv.
2024-11-27 19:21:10,166 - INFO - Visiting: http://www.drps.ed.ac.uk/24-25/dpt/cxsprt10031.htm
2024-11-27 19:21:10,426 - INFO - 1 instances updated to ./data_container/24_11_27_19_20_30/24-25_cx_s_su819.htm.csv.
2024-11-27 19:21:10,440 - INFO - Visiting: http://www.drps.ed.ac.uk/24-25/dpt/cxsprt10063.htm
2024-11-27 19:21:10,467 - INFO - 1 instances updated to ./data_container/24_11_27_19_20_30/24-25_cx_s_su819.htm.csv.
2024-11-27 19:21:10,480 - INFO - Visiting: http://www.drps.ed.ac.uk/24-25/dpt/cxsprt10035.htm
2024-11-27 19:21:10,501 - INFO - 1 instances updated to ./data_container/24_11_27_19_20_30/24-25_cx_s_su819.htm.csv.
2024-11-27 19:21:10,513 - INFO - Visiting: http://www.drps.ed.ac.uk/24-25/dpt/cxsprt10066.htm
2024-11-27 19:21:10,537 - INFO - 1 instances updated to ./data_container/24_11_27_19_20_30/24-25_cx_s_su819.htm.csv.
2024-11-27 19:21:10,552 - INFO - Visiting: http://www.drps.ed.ac.uk/24-25/dpt/cxsprt11014.htm
2024-11-27 19:21:10,576 - INFO - 1 instances updated to ./data_container/24_11_27_19_20_30/24-25_cx_s_su819.htm.csv.
2024-11-27 19:21:10,588 - INFO - Visiting: http://www.drps.ed.ac.uk/24-25/dpt/cxsprt11017.htm
2024-11-27 19:21:10,614 - INFO - 1 instances updated to ./data_container/24_11_27_19_20_30/24-25_cx_s_su819.htm.csv.
2024-11-27 19:21:10,626 - INFO - Visiting: http://www.drps.ed.ac.uk/24-25/dpt/cxsprt11015.htm
2024-11-27 19:21:10,654 - INFO - 1 instances updated to ./data_container/24_11_27_19_20_30/24-25_cx_s_su819.htm.csv.
2024-11-27 19:21:10,672 - INFO - Visiting: http://www.drps.ed.ac.uk/24-25/dpt/cxsprt11006.htm
2024-11-27 19:21:10,699 - INFO - 1 instances updated to ./data_container/24_11_27_19_20_30/24-25_cx_s_su819.htm.csv.
2024-11-27 19:21:10,712 - INFO - Visiting: http://www.drps.ed.ac.uk/24-25/dpt/cxsprt11011.htm
2024-11-27 19:21:10,737 - INFO - 1 instances updated to ./data_container/24_11_27_19_20_30/24-25_cx_s_su819.htm.csv.
2024-11-27 19:21:10,755 - INFO - Visiting: http://www.drps.ed.ac.uk/24-25/dpt/cxsprt11012.htm
2024-11-27 19:21:10,840 - INFO - 1 instances updated to ./data_container/24_11_27_19_20_30/24-25_cx_s_su819.htm.csv.
2024-11-27 19:21:10,853 - INFO - Visiting: http://www.drps.ed.ac.uk/24-25/dpt/cxsprt11016.htm
2024-11-27 19:21:10,872 - INFO - 1 instances updated to ./data_container/24_11_27_19_20_30/24-25_cx_s_su819.htm.csv.
2024-11-27 19:21:10,884 - INFO - Visiting: http://www.drps.ed.ac.uk/24-25/dpt/cxsprt11013.htm
2024-11-27 19:21:10,904 - INFO - 1 instances updated to ./data_container/24_11_27_19_20_30/24-25_cx_s_su819.htm.csv.
2024-11-27 19:21:10,904 - INFO - Mining for keywords Accessibility,Inclusive design,Disability rights,Adaptive tools is success.
