2024-11-27 19:01:01,769 - INFO - Logger configured. Record to mine sites relevant to keywords semantic space.
2024-11-27 19:01:01,769 - INFO - ./data_container/24_11_27_18_59_52/24-25_cx_s_su819.htm.csv created.
2024-11-27 19:01:01,817 - INFO - Visiting: http://www.drps.ed.ac.uk/24-25/dpt/cx_sb_edua.htm
2024-11-27 19:01:02,119 - INFO - Visiting: http://www.drps.ed.ac.uk/24-25/dpt/cxedua07002.htm
2024-11-27 19:01:02,143 - INFO - 1 instances updated to ./data_container/24_11_27_18_59_52/24-25_cx_s_su819.htm.csv.
2024-11-27 19:01:02,182 - INFO - Visiting: http://www.drps.ed.ac.uk/24-25/dpt/cxedua07007.htm
2024-11-27 19:01:02,207 - INFO - 1 instances updated to ./data_container/24_11_27_18_59_52/24-25_cx_s_su819.htm.csv.
2024-11-27 19:01:02,439 - INFO - Visiting: http://www.drps.ed.ac.uk/24-25/dpt/cxedua07004.htm
2024-11-27 19:01:02,463 - INFO - 1 instances updated to ./data_container/24_11_27_18_59_52/24-25_cx_s_su819.htm.csv.
2024-11-27 19:01:02,493 - INFO - Visiting: http://www.drps.ed.ac.uk/24-25/dpt/cxedua07005.htm
2024-11-27 19:01:02,515 - INFO - 1 instances updated to ./data_container/24_11_27_18_59_52/24-25_cx_s_su819.htm.csv.
2024-11-27 19:01:02,853 - INFO - Visiting: http://www.drps.ed.ac.uk/24-25/dpt/cxedua07008.htm
2024-11-27 19:01:02,876 - INFO - 1 instances updated to ./data_container/24_11_27_18_59_52/24-25_cx_s_su819.htm.csv.
2024-11-27 19:01:02,948 - INFO - Visiting: http://www.drps.ed.ac.uk/24-25/dpt/cxedua07009.htm
2024-11-27 19:01:02,971 - INFO - 1 instances updated to ./data_container/24_11_27_18_59_52/24-25_cx_s_su819.htm.csv.
2024-11-27 19:01:03,040 - INFO - Visiting: http://www.drps.ed.ac.uk/24-25/dpt/cxedua08045.htm
2024-11-27 19:01:03,064 - INFO - 1 instances updated to ./data_container/24_11_27_18_59_52/24-25_cx_s_su819.htm.csv.
2024-11-27 19:01:03,575 - INFO - Visiting: http://www.drps.ed.ac.uk/24-25/dpt/cxedua08090.htm
2024-11-27 19:01:03,599 - INFO - 1 instances updated to ./data_container/24_11_27_18_59_52/24-25_cx_s_su819.htm.csv.
2024-11-27 19:01:03,675 - INFO - Visiting: http://www.drps.ed.ac.uk/24-25/dpt/cxedua08091.htm
2024-11-27 19:01:03,699 - INFO - 1 instances updated to ./data_container/24_11_27_18_59_52/24-25_cx_s_su819.htm.csv.
2024-11-27 19:01:03,742 - INFO - Visiting: http://www.drps.ed.ac.uk/24-25/dpt/cxedua08093.htm
2024-11-27 19:01:03,833 - INFO - 1 instances updated to ./data_container/24_11_27_18_59_52/24-25_cx_s_su819.htm.csv.
2024-11-27 19:01:04,415 - INFO - Visiting: http://www.drps.ed.ac.uk/24-25/dpt/cxedua08092.htm
2024-11-27 19:01:04,441 - INFO - 1 instances updated to ./data_container/24_11_27_18_59_52/24-25_cx_s_su819.htm.csv.
2024-11-27 19:01:04,471 - INFO - Visiting: http://www.drps.ed.ac.uk/24-25/dpt/cxedua08063.htm
2024-11-27 19:01:04,495 - INFO - 1 instances updated to ./data_container/24_11_27_18_59_52/24-25_cx_s_su819.htm.csv.
2024-11-27 19:01:04,522 - INFO - Visiting: http://www.drps.ed.ac.uk/24-25/dpt/cxedua08122.htm
2024-11-27 19:01:04,548 - INFO - 1 instances updated to ./data_container/24_11_27_18_59_52/24-25_cx_s_su819.htm.csv.
2024-11-27 19:01:04,598 - INFO - Visiting: http://www.drps.ed.ac.uk/24-25/dpt/cxedua08124.htm
2024-11-27 19:01:04,621 - INFO - 1 instances updated to ./data_container/24_11_27_18_59_52/24-25_cx_s_su819.htm.csv.
2024-11-27 19:01:04,793 - INFO - Visiting: http://www.drps.ed.ac.uk/24-25/dpt/cxedua08070.htm
2024-11-27 19:01:04,815 - INFO - 1 instances updated to ./data_container/24_11_27_18_59_52/24-25_cx_s_su819.htm.csv.
2024-11-27 19:01:04,960 - INFO - Visiting: http://www.drps.ed.ac.uk/24-25/dpt/cxedua08123.htm
2024-11-27 19:01:04,985 - INFO - 1 instances updated to ./data_container/24_11_27_18_59_52/24-25_cx_s_su819.htm.csv.
2024-11-27 19:01:05,257 - INFO - Visiting: http://www.drps.ed.ac.uk/24-25/dpt/cxedua08105.htm
2024-11-27 19:01:05,284 - INFO - 1 instances updated to ./data_container/24_11_27_18_59_52/24-25_cx_s_su819.htm.csv.
2024-11-27 19:01:05,662 - INFO - Visiting: http://www.drps.ed.ac.uk/24-25/dpt/cxedua08100.htm
2024-11-27 19:01:05,688 - INFO - 1 instances updated to ./data_container/24_11_27_18_59_52/24-25_cx_s_su819.htm.csv.
2024-11-27 19:01:05,720 - INFO - Visiting: http://www.drps.ed.ac.uk/24-25/dpt/cxedua08099.htm
2024-11-27 19:01:05,746 - INFO - 1 instances updated to ./data_container/24_11_27_18_59_52/24-25_cx_s_su819.htm.csv.
2024-11-27 19:01:06,191 - INFO - Visiting: http://www.drps.ed.ac.uk/24-25/dpt/cxedua08098.htm
2024-11-27 19:01:06,216 - INFO - 1 instances updated to ./data_container/24_11_27_18_59_52/24-25_cx_s_su819.htm.csv.
2024-11-27 19:01:06,821 - INFO - Visiting: http://www.drps.ed.ac.uk/24-25/dpt/cxedua08117.htm
2024-11-27 19:01:06,848 - INFO - 1 instances updated to ./data_container/24_11_27_18_59_52/24-25_cx_s_su819.htm.csv.
2024-11-27 19:01:06,875 - INFO - Visiting: http://www.drps.ed.ac.uk/24-25/dpt/cxedua08118.htm
2024-11-27 19:01:06,902 - INFO - 1 instances updated to ./data_container/24_11_27_18_59_52/24-25_cx_s_su819.htm.csv.
2024-11-27 19:01:06,932 - INFO - Visiting: http://www.drps.ed.ac.uk/24-25/dpt/cxedua08125.htm
2024-11-27 19:01:06,956 - INFO - 1 instances updated to ./data_container/24_11_27_18_59_52/24-25_cx_s_su819.htm.csv.
2024-11-27 19:01:07,735 - INFO - Visiting: http://www.drps.ed.ac.uk/24-25/dpt/cxedua08096.htm
2024-11-27 19:01:07,765 - INFO - 1 instances updated to ./data_container/24_11_27_18_59_52/24-25_cx_s_su819.htm.csv.
2024-11-27 19:01:07,807 - INFO - Visiting: http://www.drps.ed.ac.uk/24-25/dpt/cxedua08114.htm
2024-11-27 19:01:07,834 - INFO - 1 instances updated to ./data_container/24_11_27_18_59_52/24-25_cx_s_su819.htm.csv.
2024-11-27 19:01:07,865 - INFO - Visiting: http://www.drps.ed.ac.uk/24-25/dpt/cxedua08120.htm
2024-11-27 19:01:07,891 - INFO - 1 instances updated to ./data_container/24_11_27_18_59_52/24-25_cx_s_su819.htm.csv.
2024-11-27 19:01:07,923 - INFO - Visiting: http://www.drps.ed.ac.uk/24-25/dpt/cxedua08119.htm
2024-11-27 19:01:07,950 - INFO - 1 instances updated to ./data_container/24_11_27_18_59_52/24-25_cx_s_su819.htm.csv.
2024-11-27 19:01:08,842 - INFO - Visiting: http://www.drps.ed.ac.uk/24-25/dpt/cxedua08107.htm
2024-11-27 19:01:08,873 - INFO - 1 instances updated to ./data_container/24_11_27_18_59_52/24-25_cx_s_su819.htm.csv.
2024-11-27 19:01:09,810 - INFO - Visiting: http://www.drps.ed.ac.uk/24-25/dpt/cxedua08104.htm
2024-11-27 19:01:09,838 - INFO - 1 instances updated to ./data_container/24_11_27_18_59_52/24-25_cx_s_su819.htm.csv.
2024-11-27 19:01:10,497 - INFO - Visiting: http://www.drps.ed.ac.uk/24-25/dpt/cxedua08097.htm
2024-11-27 19:01:10,527 - INFO - 1 instances updated to ./data_container/24_11_27_18_59_52/24-25_cx_s_su819.htm.csv.
2024-11-27 19:01:10,555 - INFO - Visiting: http://www.drps.ed.ac.uk/24-25/dpt/cxedua08106.htm
2024-11-27 19:01:10,583 - INFO - 1 instances updated to ./data_container/24_11_27_18_59_52/24-25_cx_s_su819.htm.csv.
2024-11-27 19:01:10,642 - INFO - Visiting: http://www.drps.ed.ac.uk/24-25/dpt/cxedua08111.htm
2024-11-27 19:01:10,668 - INFO - 1 instances updated to ./data_container/24_11_27_18_59_52/24-25_cx_s_su819.htm.csv.
2024-11-27 19:01:10,695 - INFO - Visiting: http://www.drps.ed.ac.uk/24-25/dpt/cxedua08121.htm
2024-11-27 19:01:10,722 - INFO - 1 instances updated to ./data_container/24_11_27_18_59_52/24-25_cx_s_su819.htm.csv.
2024-11-27 19:01:10,762 - INFO - Visiting: http://www.drps.ed.ac.uk/24-25/dpt/cxedua08108.htm
2024-11-27 19:01:10,789 - INFO - 1 instances updated to ./data_container/24_11_27_18_59_52/24-25_cx_s_su819.htm.csv.
2024-11-27 19:01:10,814 - INFO - Visiting: http://www.drps.ed.ac.uk/24-25/dpt/cxedua08113.htm
2024-11-27 19:01:10,842 - INFO - 1 instances updated to ./data_container/24_11_27_18_59_52/24-25_cx_s_su819.htm.csv.
2024-11-27 19:01:10,869 - INFO - Visiting: http://www.drps.ed.ac.uk/24-25/dpt/cxedua08112.htm
2024-11-27 19:01:10,895 - INFO - 1 instances updated to ./data_container/24_11_27_18_59_52/24-25_cx_s_su819.htm.csv.
2024-11-27 19:01:10,949 - INFO - Visiting: http://www.drps.ed.ac.uk/24-25/dpt/cxedua08116.htm
2024-11-27 19:01:10,976 - INFO - 1 instances updated to ./data_container/24_11_27_18_59_52/24-25_cx_s_su819.htm.csv.
2024-11-27 19:01:11,002 - INFO - Visiting: http://www.drps.ed.ac.uk/24-25/dpt/cxedua08103.htm
2024-11-27 19:01:11,028 - INFO - 1 instances updated to ./data_container/24_11_27_18_59_52/24-25_cx_s_su819.htm.csv.
2024-11-27 19:01:11,055 - INFO - Visiting: http://www.drps.ed.ac.uk/24-25/dpt/cxedua09003.htm
2024-11-27 19:01:11,085 - INFO - 1 instances updated to ./data_container/24_11_27_18_59_52/24-25_cx_s_su819.htm.csv.
2024-11-27 19:01:11,131 - INFO - Visiting: http://www.drps.ed.ac.uk/24-25/dpt/cxedua09004.htm
2024-11-27 19:01:11,159 - INFO - 1 instances updated to ./data_container/24_11_27_18_59_52/24-25_cx_s_su819.htm.csv.
2024-11-27 19:01:11,184 - INFO - Visiting: http://www.drps.ed.ac.uk/24-25/dpt/cxedua09005.htm
2024-11-27 19:01:11,212 - INFO - 1 instances updated to ./data_container/24_11_27_18_59_52/24-25_cx_s_su819.htm.csv.
2024-11-27 19:01:11,273 - INFO - Visiting: http://www.drps.ed.ac.uk/24-25/dpt/cxedua09006.htm
2024-11-27 19:01:11,301 - INFO - 1 instances updated to ./data_container/24_11_27_18_59_52/24-25_cx_s_su819.htm.csv.
2024-11-27 19:01:11,432 - INFO - Visiting: http://www.drps.ed.ac.uk/24-25/dpt/cxedua10082.htm
2024-11-27 19:01:11,461 - INFO - 1 instances updated to ./data_container/24_11_27_18_59_52/24-25_cx_s_su819.htm.csv.
2024-11-27 19:01:11,495 - INFO - Visiting: http://www.drps.ed.ac.uk/24-25/dpt/cxedua10120.htm
2024-11-27 19:01:11,770 - INFO - 1 instances updated to ./data_container/24_11_27_18_59_52/24-25_cx_s_su819.htm.csv.
2024-11-27 19:01:11,995 - INFO - Visiting: http://www.drps.ed.ac.uk/24-25/dpt/cxedua10209.htm
2024-11-27 19:01:12,024 - INFO - 1 instances updated to ./data_container/24_11_27_18_59_52/24-25_cx_s_su819.htm.csv.
2024-11-27 19:01:12,411 - INFO - Visiting: http://www.drps.ed.ac.uk/24-25/dpt/cxedua10156.htm
2024-11-27 19:01:12,442 - INFO - 1 instances updated to ./data_container/24_11_27_18_59_52/24-25_cx_s_su819.htm.csv.
2024-11-27 19:01:12,476 - INFO - Visiting: http://www.drps.ed.ac.uk/24-25/dpt/cxedua10157.htm
2024-11-27 19:01:12,501 - INFO - 1 instances updated to ./data_container/24_11_27_18_59_52/24-25_cx_s_su819.htm.csv.
2024-11-27 19:01:12,941 - INFO - Visiting: http://www.drps.ed.ac.uk/24-25/dpt/cxedua10052.htm
2024-11-27 19:01:12,972 - INFO - 1 instances updated to ./data_container/24_11_27_18_59_52/24-25_cx_s_su819.htm.csv.
2024-11-27 19:01:13,608 - INFO - Visiting: http://www.drps.ed.ac.uk/24-25/dpt/cxedua10204.htm
2024-11-27 19:01:13,638 - INFO - 1 instances updated to ./data_container/24_11_27_18_59_52/24-25_cx_s_su819.htm.csv.
2024-11-27 19:01:13,666 - INFO - Visiting: http://www.drps.ed.ac.uk/24-25/dpt/cxedua10150.htm
2024-11-27 19:01:13,761 - INFO - 1 instances updated to ./data_container/24_11_27_18_59_52/24-25_cx_s_su819.htm.csv.
2024-11-27 19:01:13,787 - INFO - Visiting: http://www.drps.ed.ac.uk/24-25/dpt/cxedua10126.htm
2024-11-27 19:01:13,815 - INFO - 1 instances updated to ./data_container/24_11_27_18_59_52/24-25_cx_s_su819.htm.csv.
2024-11-27 19:01:13,841 - INFO - Visiting: http://www.drps.ed.ac.uk/24-25/dpt/cxedua10124.htm
2024-11-27 19:01:13,868 - INFO - 1 instances updated to ./data_container/24_11_27_18_59_52/24-25_cx_s_su819.htm.csv.
2024-11-27 19:01:14,001 - INFO - Visiting: http://www.drps.ed.ac.uk/24-25/dpt/cxedua10118.htm
2024-11-27 19:01:14,029 - INFO - 1 instances updated to ./data_container/24_11_27_18_59_52/24-25_cx_s_su819.htm.csv.
2024-11-27 19:01:14,074 - INFO - Visiting: http://www.drps.ed.ac.uk/24-25/dpt/cxedua10123.htm
2024-11-27 19:01:14,102 - INFO - 1 instances updated to ./data_container/24_11_27_18_59_52/24-25_cx_s_su819.htm.csv.
2024-11-27 19:01:14,288 - INFO - Visiting: http://www.drps.ed.ac.uk/24-25/dpt/cxedua10125.htm
2024-11-27 19:01:14,317 - INFO - 1 instances updated to ./data_container/24_11_27_18_59_52/24-25_cx_s_su819.htm.csv.
2024-11-27 19:01:14,352 - INFO - Visiting: http://www.drps.ed.ac.uk/24-25/dpt/cxedua10121.htm
2024-11-27 19:01:14,590 - INFO - 1 instances updated to ./data_container/24_11_27_18_59_52/24-25_cx_s_su819.htm.csv.
2024-11-27 19:01:15,452 - INFO - Visiting: http://www.drps.ed.ac.uk/24-25/dpt/cxedua10210.htm
2024-11-27 19:01:15,483 - INFO - 1 instances updated to ./data_container/24_11_27_18_59_52/24-25_cx_s_su819.htm.csv.
2024-11-27 19:01:16,287 - INFO - Visiting: http://www.drps.ed.ac.uk/24-25/dpt/cxedua10206.htm
2024-11-27 19:01:16,322 - INFO - 1 instances updated to ./data_container/24_11_27_18_59_52/24-25_cx_s_su819.htm.csv.
2024-11-27 19:01:16,381 - INFO - Visiting: http://www.drps.ed.ac.uk/24-25/dpt/cxedua10167.htm
2024-11-27 19:01:16,408 - INFO - 1 instances updated to ./data_container/24_11_27_18_59_52/24-25_cx_s_su819.htm.csv.
2024-11-27 19:01:16,434 - INFO - Visiting: http://www.drps.ed.ac.uk/24-25/dpt/cxedua10187.htm
2024-11-27 19:01:16,461 - INFO - 1 instances updated to ./data_container/24_11_27_18_59_52/24-25_cx_s_su819.htm.csv.
2024-11-27 19:01:17,295 - INFO - Visiting: http://www.drps.ed.ac.uk/24-25/dpt/cxedua10193.htm
2024-11-27 19:01:17,326 - INFO - 1 instances updated to ./data_container/24_11_27_18_59_52/24-25_cx_s_su819.htm.csv.
2024-11-27 19:01:17,356 - INFO - Visiting: http://www.drps.ed.ac.uk/24-25/dpt/cxedua10172.htm
2024-11-27 19:01:17,566 - INFO - 1 instances updated to ./data_container/24_11_27_18_59_52/24-25_cx_s_su819.htm.csv.
2024-11-27 19:01:17,591 - INFO - Visiting: http://www.drps.ed.ac.uk/24-25/dpt/cxedua10093.htm
2024-11-27 19:01:17,624 - INFO - 1 instances updated to ./data_container/24_11_27_18_59_52/24-25_cx_s_su819.htm.csv.
2024-11-27 19:01:17,909 - INFO - Visiting: http://www.drps.ed.ac.uk/24-25/dpt/cxedua10208.htm
2024-11-27 19:01:17,939 - INFO - 1 instances updated to ./data_container/24_11_27_18_59_52/24-25_cx_s_su819.htm.csv.
2024-11-27 19:01:17,968 - INFO - Visiting: http://www.drps.ed.ac.uk/24-25/dpt/cxedua10207.htm
2024-11-27 19:01:18,000 - INFO - 1 instances updated to ./data_container/24_11_27_18_59_52/24-25_cx_s_su819.htm.csv.
2024-11-27 19:01:18,041 - INFO - Visiting: http://www.drps.ed.ac.uk/24-25/dpt/cxedua10211.htm
2024-11-27 19:01:18,072 - INFO - 1 instances updated to ./data_container/24_11_27_18_59_52/24-25_cx_s_su819.htm.csv.
2024-11-27 19:01:18,099 - INFO - Visiting: http://www.drps.ed.ac.uk/24-25/dpt/cxedua10212.htm
2024-11-27 19:01:18,123 - INFO - 1 instances updated to ./data_container/24_11_27_18_59_52/24-25_cx_s_su819.htm.csv.
2024-11-27 19:01:18,152 - INFO - Visiting: http://www.drps.ed.ac.uk/24-25/dpt/cxedua10154.htm
2024-11-27 19:01:18,185 - INFO - 1 instances updated to ./data_container/24_11_27_18_59_52/24-25_cx_s_su819.htm.csv.
2024-11-27 19:01:18,225 - INFO - Visiting: http://www.drps.ed.ac.uk/24-25/dpt/cxedua10203.htm
2024-11-27 19:01:18,254 - INFO - 1 instances updated to ./data_container/24_11_27_18_59_52/24-25_cx_s_su819.htm.csv.
2024-11-27 19:01:18,284 - INFO - Visiting: http://www.drps.ed.ac.uk/24-25/dpt/cxedua10035.htm
2024-11-27 19:01:18,314 - INFO - 1 instances updated to ./data_container/24_11_27_18_59_52/24-25_cx_s_su819.htm.csv.
2024-11-27 19:01:18,341 - INFO - Visiting: http://www.drps.ed.ac.uk/24-25/dpt/cxedua10142.htm
2024-11-27 19:01:18,681 - INFO - 1 instances updated to ./data_container/24_11_27_18_59_52/24-25_cx_s_su819.htm.csv.
2024-11-27 19:01:18,709 - INFO - Visiting: http://www.drps.ed.ac.uk/24-25/dpt/cxedua10163.htm
2024-11-27 19:01:18,743 - INFO - 1 instances updated to ./data_container/24_11_27_18_59_52/24-25_cx_s_su819.htm.csv.
2024-11-27 19:01:18,780 - INFO - Visiting: http://www.drps.ed.ac.uk/24-25/dpt/cxedua10162.htm
2024-11-27 19:01:18,812 - INFO - 1 instances updated to ./data_container/24_11_27_18_59_52/24-25_cx_s_su819.htm.csv.
2024-11-27 19:01:18,873 - INFO - Visiting: http://www.drps.ed.ac.uk/24-25/dpt/cxedua10164.htm
2024-11-27 19:01:18,904 - INFO - 1 instances updated to ./data_container/24_11_27_18_59_52/24-25_cx_s_su819.htm.csv.
2024-11-27 19:01:19,005 - INFO - Visiting: http://www.drps.ed.ac.uk/24-25/dpt/cxedua10214.htm
2024-11-27 19:01:19,034 - INFO - 1 instances updated to ./data_container/24_11_27_18_59_52/24-25_cx_s_su819.htm.csv.
2024-11-27 19:01:19,060 - INFO - Visiting: http://www.drps.ed.ac.uk/24-25/dpt/cxedua10178.htm
2024-11-27 19:01:19,095 - INFO - 1 instances updated to ./data_container/24_11_27_18_59_52/24-25_cx_s_su819.htm.csv.
2024-11-27 19:01:19,121 - INFO - Visiting: http://www.drps.ed.ac.uk/24-25/dpt/cxedua10175.htm
2024-11-27 19:01:19,151 - INFO - 1 instances updated to ./data_container/24_11_27_18_59_52/24-25_cx_s_su819.htm.csv.
2024-11-27 19:01:19,185 - INFO - Visiting: http://www.drps.ed.ac.uk/24-25/dpt/cxedua10180.htm
2024-11-27 19:01:19,218 - INFO - 1 instances updated to ./data_container/24_11_27_18_59_52/24-25_cx_s_su819.htm.csv.
2024-11-27 19:01:19,246 - INFO - Visiting: http://www.drps.ed.ac.uk/24-25/dpt/cxedua10177.htm
2024-11-27 19:01:19,279 - INFO - 1 instances updated to ./data_container/24_11_27_18_59_52/24-25_cx_s_su819.htm.csv.
2024-11-27 19:01:19,451 - INFO - Visiting: http://www.drps.ed.ac.uk/24-25/dpt/cxedua10117.htm
2024-11-27 19:01:19,483 - INFO - 1 instances updated to ./data_container/24_11_27_18_59_52/24-25_cx_s_su819.htm.csv.
2024-11-27 19:01:19,510 - INFO - Visiting: http://www.drps.ed.ac.uk/24-25/dpt/cxedua10168.htm
2024-11-27 19:01:19,542 - INFO - 1 instances updated to ./data_container/24_11_27_18_59_52/24-25_cx_s_su819.htm.csv.
2024-11-27 19:01:19,568 - INFO - Visiting: http://www.drps.ed.ac.uk/24-25/dpt/cxedua10189.htm
2024-11-27 19:01:19,599 - INFO - 1 instances updated to ./data_container/24_11_27_18_59_52/24-25_cx_s_su819.htm.csv.
2024-11-27 19:01:19,776 - INFO - Visiting: http://www.drps.ed.ac.uk/24-25/dpt/cxedua10194.htm
2024-11-27 19:01:19,806 - INFO - 1 instances updated to ./data_container/24_11_27_18_59_52/24-25_cx_s_su819.htm.csv.
2024-11-27 19:01:20,175 - INFO - Visiting: http://www.drps.ed.ac.uk/24-25/dpt/cxedua10152.htm
2024-11-27 19:01:20,205 - INFO - 1 instances updated to ./data_container/24_11_27_18_59_52/24-25_cx_s_su819.htm.csv.
2024-11-27 19:01:20,233 - INFO - Visiting: http://www.drps.ed.ac.uk/24-25/dpt/cxedua10179.htm
2024-11-27 19:01:20,265 - INFO - 1 instances updated to ./data_container/24_11_27_18_59_52/24-25_cx_s_su819.htm.csv.
2024-11-27 19:01:20,309 - INFO - Visiting: http://www.drps.ed.ac.uk/24-25/dpt/cxedua10176.htm
2024-11-27 19:01:20,340 - INFO - 1 instances updated to ./data_container/24_11_27_18_59_52/24-25_cx_s_su819.htm.csv.
2024-11-27 19:01:20,764 - INFO - Visiting: http://www.drps.ed.ac.uk/24-25/dpt/cxedua10202.htm
2024-11-27 19:01:20,800 - INFO - 1 instances updated to ./data_container/24_11_27_18_59_52/24-25_cx_s_su819.htm.csv.
2024-11-27 19:01:21,458 - INFO - Visiting: http://www.drps.ed.ac.uk/24-25/dpt/cxedua10169.htm
2024-11-27 19:01:21,490 - INFO - 1 instances updated to ./data_container/24_11_27_18_59_52/24-25_cx_s_su819.htm.csv.
2024-11-27 19:01:21,517 - INFO - Visiting: http://www.drps.ed.ac.uk/24-25/dpt/cxedua10186.htm
2024-11-27 19:01:21,550 - INFO - 1 instances updated to ./data_container/24_11_27_18_59_52/24-25_cx_s_su819.htm.csv.
2024-11-27 19:01:22,178 - INFO - Visiting: http://www.drps.ed.ac.uk/24-25/dpt/cxedua10216.htm
2024-11-27 19:01:22,211 - INFO - 1 instances updated to ./data_container/24_11_27_18_59_52/24-25_cx_s_su819.htm.csv.
2024-11-27 19:01:22,247 - INFO - Visiting: http://www.drps.ed.ac.uk/24-25/dpt/cxedua10213.htm
2024-11-27 19:01:22,281 - INFO - 1 instances updated to ./data_container/24_11_27_18_59_52/24-25_cx_s_su819.htm.csv.
2024-11-27 19:01:22,466 - INFO - Visiting: http://www.drps.ed.ac.uk/24-25/dpt/cxedua10200.htm
2024-11-27 19:01:22,562 - INFO - 1 instances updated to ./data_container/24_11_27_18_59_52/24-25_cx_s_su819.htm.csv.
2024-11-27 19:01:22,589 - INFO - Visiting: http://www.drps.ed.ac.uk/24-25/dpt/cxedua10217.htm
2024-11-27 19:01:22,622 - INFO - 1 instances updated to ./data_container/24_11_27_18_59_52/24-25_cx_s_su819.htm.csv.
2024-11-27 19:01:22,869 - INFO - Visiting: http://www.drps.ed.ac.uk/24-25/dpt/cxedua10143.htm
2024-11-27 19:01:22,902 - INFO - 1 instances updated to ./data_container/24_11_27_18_59_52/24-25_cx_s_su819.htm.csv.
2024-11-27 19:01:22,977 - INFO - Visiting: http://www.drps.ed.ac.uk/24-25/dpt/cxedua10215.htm
2024-11-27 19:01:23,012 - INFO - 1 instances updated to ./data_container/24_11_27_18_59_52/24-25_cx_s_su819.htm.csv.
2024-11-27 19:01:23,055 - INFO - Visiting: http://www.drps.ed.ac.uk/24-25/dpt/cxedua10159.htm
2024-11-27 19:01:23,086 - INFO - 1 instances updated to ./data_container/24_11_27_18_59_52/24-25_cx_s_su819.htm.csv.
2024-11-27 19:01:23,113 - INFO - Visiting: http://www.drps.ed.ac.uk/24-25/dpt/cxedua10160.htm
2024-11-27 19:01:23,147 - INFO - 1 instances updated to ./data_container/24_11_27_18_59_52/24-25_cx_s_su819.htm.csv.
2024-11-27 19:01:23,176 - INFO - Visiting: http://www.drps.ed.ac.uk/24-25/dpt/cxedua10161.htm
2024-11-27 19:01:23,209 - INFO - 1 instances updated to ./data_container/24_11_27_18_59_52/24-25_cx_s_su819.htm.csv.
2024-11-27 19:01:23,238 - INFO - Visiting: http://www.drps.ed.ac.uk/24-25/dpt/cxedua10198.htm
2024-11-27 19:01:23,274 - INFO - 1 instances updated to ./data_container/24_11_27_18_59_52/24-25_cx_s_su819.htm.csv.
2024-11-27 19:01:23,309 - INFO - Visiting: http://www.drps.ed.ac.uk/24-25/dpt/cxedua10205.htm
2024-11-27 19:01:23,344 - INFO - 1 instances updated to ./data_container/24_11_27_18_59_52/24-25_cx_s_su819.htm.csv.
2024-11-27 19:01:23,376 - INFO - Visiting: http://www.drps.ed.ac.uk/24-25/dpt/cxedua10122.htm
2024-11-27 19:01:23,408 - INFO - 1 instances updated to ./data_container/24_11_27_18_59_52/24-25_cx_s_su819.htm.csv.
2024-11-27 19:01:23,437 - INFO - Visiting: http://www.drps.ed.ac.uk/24-25/dpt/cxedua10182.htm
2024-11-27 19:01:23,469 - INFO - 1 instances updated to ./data_container/24_11_27_18_59_52/24-25_cx_s_su819.htm.csv.
2024-11-27 19:01:23,508 - INFO - Visiting: http://www.drps.ed.ac.uk/24-25/dpt/cxedua11395.htm
2024-11-27 19:01:23,542 - INFO - 1 instances updated to ./data_container/24_11_27_18_59_52/24-25_cx_s_su819.htm.csv.
2024-11-27 19:01:23,568 - INFO - Visiting: http://www.drps.ed.ac.uk/24-25/dpt/cxedua11393.htm
2024-11-27 19:01:23,601 - INFO - 1 instances updated to ./data_container/24_11_27_18_59_52/24-25_cx_s_su819.htm.csv.
2024-11-27 19:01:23,627 - INFO - Visiting: http://www.drps.ed.ac.uk/24-25/dpt/cxedua11222.htm
2024-11-27 19:01:23,659 - INFO - 1 instances updated to ./data_container/24_11_27_18_59_52/24-25_cx_s_su819.htm.csv.
2024-11-27 19:01:23,685 - INFO - Visiting: http://www.drps.ed.ac.uk/24-25/dpt/cxedua11245.htm
2024-11-27 19:01:23,720 - INFO - 1 instances updated to ./data_container/24_11_27_18_59_52/24-25_cx_s_su819.htm.csv.
2024-11-27 19:01:23,746 - INFO - Visiting: http://www.drps.ed.ac.uk/24-25/dpt/cxedua11371.htm
2024-11-27 19:01:23,776 - INFO - 1 instances updated to ./data_container/24_11_27_18_59_52/24-25_cx_s_su819.htm.csv.
2024-11-27 19:01:24,081 - INFO - Visiting: http://www.drps.ed.ac.uk/24-25/dpt/cxedua11370.htm
2024-11-27 19:01:24,115 - INFO - 1 instances updated to ./data_container/24_11_27_18_59_52/24-25_cx_s_su819.htm.csv.
2024-11-27 19:01:24,142 - INFO - Visiting: http://www.drps.ed.ac.uk/24-25/dpt/cxedua11420.htm
2024-11-27 19:01:24,321 - INFO - 1 instances updated to ./data_container/24_11_27_18_59_52/24-25_cx_s_su819.htm.csv.
2024-11-27 19:01:24,349 - INFO - Visiting: http://www.drps.ed.ac.uk/24-25/dpt/cxedua11319.htm
2024-11-27 19:01:24,382 - INFO - 1 instances updated to ./data_container/24_11_27_18_59_52/24-25_cx_s_su819.htm.csv.
2024-11-27 19:01:24,409 - INFO - Visiting: http://www.drps.ed.ac.uk/24-25/dpt/cxedua11238.htm
2024-11-27 19:01:24,444 - INFO - 1 instances updated to ./data_container/24_11_27_18_59_52/24-25_cx_s_su819.htm.csv.
2024-11-27 19:01:24,471 - INFO - Visiting: http://www.drps.ed.ac.uk/24-25/dpt/cxedua11433.htm
2024-11-27 19:01:24,508 - INFO - 1 instances updated to ./data_container/24_11_27_18_59_52/24-25_cx_s_su819.htm.csv.
2024-11-27 19:01:24,536 - INFO - Visiting: http://www.drps.ed.ac.uk/24-25/dpt/cxedua11405.htm
2024-11-27 19:01:24,573 - INFO - 1 instances updated to ./data_container/24_11_27_18_59_52/24-25_cx_s_su819.htm.csv.
2024-11-27 19:01:24,599 - INFO - Visiting: http://www.drps.ed.ac.uk/24-25/dpt/cxedua11430.htm
2024-11-27 19:01:24,631 - INFO - 1 instances updated to ./data_container/24_11_27_18_59_52/24-25_cx_s_su819.htm.csv.
2024-11-27 19:01:24,660 - INFO - Visiting: http://www.drps.ed.ac.uk/24-25/dpt/cxedua11454.htm
2024-11-27 19:01:24,695 - INFO - 1 instances updated to ./data_container/24_11_27_18_59_52/24-25_cx_s_su819.htm.csv.
2024-11-27 19:01:24,744 - INFO - Visiting: http://www.drps.ed.ac.uk/24-25/dpt/cxedua11412.htm
2024-11-27 19:01:24,779 - INFO - 1 instances updated to ./data_container/24_11_27_18_59_52/24-25_cx_s_su819.htm.csv.
2024-11-27 19:01:24,805 - INFO - Visiting: http://www.drps.ed.ac.uk/24-25/dpt/cxedua11396.htm
2024-11-27 19:01:24,839 - INFO - 1 instances updated to ./data_container/24_11_27_18_59_52/24-25_cx_s_su819.htm.csv.
2024-11-27 19:01:24,874 - INFO - Visiting: http://www.drps.ed.ac.uk/24-25/dpt/cxedua11397.htm
2024-11-27 19:01:24,909 - INFO - 1 instances updated to ./data_container/24_11_27_18_59_52/24-25_cx_s_su819.htm.csv.
2024-11-27 19:01:24,935 - INFO - Visiting: http://www.drps.ed.ac.uk/24-25/dpt/cxedua11432.htm
2024-11-27 19:01:25,030 - INFO - 1 instances updated to ./data_container/24_11_27_18_59_52/24-25_cx_s_su819.htm.csv.
2024-11-27 19:01:25,056 - INFO - Visiting: http://www.drps.ed.ac.uk/24-25/dpt/cxedua11341.htm
2024-11-27 19:01:25,086 - INFO - 1 instances updated to ./data_container/24_11_27_18_59_52/24-25_cx_s_su819.htm.csv.
2024-11-27 19:01:25,123 - INFO - Visiting: http://www.drps.ed.ac.uk/24-25/dpt/cxedua11034.htm
2024-11-27 19:01:25,158 - INFO - 1 instances updated to ./data_container/24_11_27_18_59_52/24-25_cx_s_su819.htm.csv.
2024-11-27 19:01:25,184 - INFO - Visiting: http://www.drps.ed.ac.uk/24-25/dpt/cxedua11426.htm
2024-11-27 19:01:25,217 - INFO - 1 instances updated to ./data_container/24_11_27_18_59_52/24-25_cx_s_su819.htm.csv.
2024-11-27 19:01:25,243 - INFO - Visiting: http://www.drps.ed.ac.uk/24-25/dpt/cxedua11337.htm
2024-11-27 19:01:25,279 - INFO - 1 instances updated to ./data_container/24_11_27_18_59_52/24-25_cx_s_su819.htm.csv.
2024-11-27 19:01:25,304 - INFO - Visiting: http://www.drps.ed.ac.uk/24-25/dpt/cxedua11374.htm
2024-11-27 19:01:25,339 - INFO - 1 instances updated to ./data_container/24_11_27_18_59_52/24-25_cx_s_su819.htm.csv.
2024-11-27 19:01:25,364 - INFO - Visiting: http://www.drps.ed.ac.uk/24-25/dpt/cxedua11372.htm
2024-11-27 19:01:25,399 - INFO - 1 instances updated to ./data_container/24_11_27_18_59_52/24-25_cx_s_su819.htm.csv.
2024-11-27 19:01:25,425 - INFO - Visiting: http://www.drps.ed.ac.uk/24-25/dpt/cxedua11310.htm
2024-11-27 19:01:25,461 - INFO - 1 instances updated to ./data_container/24_11_27_18_59_52/24-25_cx_s_su819.htm.csv.
2024-11-27 19:01:25,486 - INFO - Visiting: http://www.drps.ed.ac.uk/24-25/dpt/cxedua11455.htm
2024-11-27 19:01:25,524 - INFO - 1 instances updated to ./data_container/24_11_27_18_59_52/24-25_cx_s_su819.htm.csv.
2024-11-27 19:01:25,553 - INFO - Visiting: http://www.drps.ed.ac.uk/24-25/dpt/cxedua11431.htm
2024-11-27 19:01:25,588 - INFO - 1 instances updated to ./data_container/24_11_27_18_59_52/24-25_cx_s_su819.htm.csv.
2024-11-27 19:01:25,613 - INFO - Visiting: http://www.drps.ed.ac.uk/24-25/dpt/cxedua11249.htm
2024-11-27 19:01:25,644 - INFO - 1 instances updated to ./data_container/24_11_27_18_59_52/24-25_cx_s_su819.htm.csv.
2024-11-27 19:01:25,670 - INFO - Visiting: http://www.drps.ed.ac.uk/24-25/dpt/cxedua11325.htm
2024-11-27 19:01:25,705 - INFO - 1 instances updated to ./data_container/24_11_27_18_59_52/24-25_cx_s_su819.htm.csv.
2024-11-27 19:01:25,730 - INFO - Visiting: http://www.drps.ed.ac.uk/24-25/dpt/cxedua11358.htm
2024-11-27 19:01:25,766 - INFO - 1 instances updated to ./data_container/24_11_27_18_59_52/24-25_cx_s_su819.htm.csv.
2024-11-27 19:01:25,817 - INFO - Visiting: http://www.drps.ed.ac.uk/24-25/dpt/cxedua11336.htm
2024-11-27 19:01:25,855 - INFO - 1 instances updated to ./data_container/24_11_27_18_59_52/24-25_cx_s_su819.htm.csv.
2024-11-27 19:01:25,882 - INFO - Visiting: http://www.drps.ed.ac.uk/24-25/dpt/cxedua11174.htm
2024-11-27 19:01:25,919 - INFO - 1 instances updated to ./data_container/24_11_27_18_59_52/24-25_cx_s_su819.htm.csv.
2024-11-27 19:01:25,944 - INFO - Visiting: http://www.drps.ed.ac.uk/24-25/dpt/cxedua11364.htm
2024-11-27 19:01:26,038 - INFO - 1 instances updated to ./data_container/24_11_27_18_59_52/24-25_cx_s_su819.htm.csv.
2024-11-27 19:01:26,065 - INFO - Visiting: http://www.drps.ed.ac.uk/24-25/dpt/cxedua11053.htm
2024-11-27 19:01:26,102 - INFO - 1 instances updated to ./data_container/24_11_27_18_59_52/24-25_cx_s_su819.htm.csv.
2024-11-27 19:01:26,136 - INFO - Visiting: http://www.drps.ed.ac.uk/24-25/dpt/cxedua11296.htm
2024-11-27 19:01:26,171 - INFO - 1 instances updated to ./data_container/24_11_27_18_59_52/24-25_cx_s_su819.htm.csv.
2024-11-27 19:01:26,200 - INFO - Visiting: http://www.drps.ed.ac.uk/24-25/dpt/cxedua11223.htm
2024-11-27 19:01:26,234 - INFO - 1 instances updated to ./data_container/24_11_27_18_59_52/24-25_cx_s_su819.htm.csv.
2024-11-27 19:01:26,265 - INFO - Visiting: http://www.drps.ed.ac.uk/24-25/dpt/cxedua11224.htm
2024-11-27 19:01:26,300 - INFO - 1 instances updated to ./data_container/24_11_27_18_59_52/24-25_cx_s_su819.htm.csv.
2024-11-27 19:01:26,325 - INFO - Visiting: http://www.drps.ed.ac.uk/24-25/dpt/cxedua11323.htm
2024-11-27 19:01:26,359 - INFO - 1 instances updated to ./data_container/24_11_27_18_59_52/24-25_cx_s_su819.htm.csv.
2024-11-27 19:01:26,387 - INFO - Visiting: http://www.drps.ed.ac.uk/24-25/dpt/cxedua11444.htm
2024-11-27 19:01:26,424 - INFO - 1 instances updated to ./data_container/24_11_27_18_59_52/24-25_cx_s_su819.htm.csv.
2024-11-27 19:01:26,929 - INFO - Visiting: http://www.drps.ed.ac.uk/24-25/dpt/cxedua11444.htm
2024-11-27 19:01:26,967 - INFO - 1 instances updated to ./data_container/24_11_27_18_59_52/24-25_cx_s_su819.htm.csv.
2024-11-27 19:01:26,993 - INFO - Visiting: http://www.drps.ed.ac.uk/24-25/dpt/cxedua11417.htm
2024-11-27 19:01:27,031 - INFO - 1 instances updated to ./data_container/24_11_27_18_59_52/24-25_cx_s_su819.htm.csv.
2024-11-27 19:01:27,531 - INFO - Visiting: http://www.drps.ed.ac.uk/24-25/dpt/cxedua11440.htm
2024-11-27 19:01:27,569 - INFO - 1 instances updated to ./data_container/24_11_27_18_59_52/24-25_cx_s_su819.htm.csv.
2024-11-27 19:01:27,596 - INFO - Visiting: http://www.drps.ed.ac.uk/24-25/dpt/cxedua11309.htm
2024-11-27 19:01:27,634 - INFO - 1 instances updated to ./data_container/24_11_27_18_59_52/24-25_cx_s_su819.htm.csv.
2024-11-27 19:01:27,659 - INFO - Visiting: http://www.drps.ed.ac.uk/24-25/dpt/cxedua11292.htm
2024-11-27 19:01:27,697 - INFO - 1 instances updated to ./data_container/24_11_27_18_59_52/24-25_cx_s_su819.htm.csv.
2024-11-27 19:01:27,724 - INFO - Visiting: http://www.drps.ed.ac.uk/24-25/dpt/cxedua11291.htm
2024-11-27 19:01:27,764 - INFO - 1 instances updated to ./data_container/24_11_27_18_59_52/24-25_cx_s_su819.htm.csv.
2024-11-27 19:01:27,789 - INFO - Visiting: http://www.drps.ed.ac.uk/24-25/dpt/cxedua11293.htm
2024-11-27 19:01:27,864 - INFO - 1 instances updated to ./data_container/24_11_27_18_59_52/24-25_cx_s_su819.htm.csv.
2024-11-27 19:01:27,890 - INFO - Visiting: http://www.drps.ed.ac.uk/24-25/dpt/cxedua11209.htm
2024-11-27 19:01:27,922 - INFO - 1 instances updated to ./data_container/24_11_27_18_59_52/24-25_cx_s_su819.htm.csv.
2024-11-27 19:01:27,947 - INFO - Visiting: http://www.drps.ed.ac.uk/24-25/dpt/cxedua11239.htm
2024-11-27 19:01:27,985 - INFO - 1 instances updated to ./data_container/24_11_27_18_59_52/24-25_cx_s_su819.htm.csv.
2024-11-27 19:01:28,012 - INFO - Visiting: http://www.drps.ed.ac.uk/24-25/dpt/cxedua11451.htm
2024-11-27 19:01:28,050 - INFO - 1 instances updated to ./data_container/24_11_27_18_59_52/24-25_cx_s_su819.htm.csv.
2024-11-27 19:01:28,079 - INFO - Visiting: http://www.drps.ed.ac.uk/24-25/dpt/cxedua11386.htm
2024-11-27 19:01:28,118 - INFO - 1 instances updated to ./data_container/24_11_27_18_59_52/24-25_cx_s_su819.htm.csv.
2024-11-27 19:01:28,143 - INFO - Visiting: http://www.drps.ed.ac.uk/24-25/dpt/cxedua11375.htm
2024-11-27 19:01:28,179 - INFO - 1 instances updated to ./data_container/24_11_27_18_59_52/24-25_cx_s_su819.htm.csv.
2024-11-27 19:01:28,206 - INFO - Visiting: http://www.drps.ed.ac.uk/24-25/dpt/cxedua11384.htm
2024-11-27 19:01:28,246 - INFO - 1 instances updated to ./data_container/24_11_27_18_59_52/24-25_cx_s_su819.htm.csv.
2024-11-27 19:01:28,274 - INFO - Visiting: http://www.drps.ed.ac.uk/24-25/dpt/cxedua11352.htm
2024-11-27 19:01:28,304 - INFO - 1 instances updated to ./data_container/24_11_27_18_59_52/24-25_cx_s_su819.htm.csv.
2024-11-27 19:01:28,332 - INFO - Visiting: http://www.drps.ed.ac.uk/24-25/dpt/cxedua11345.htm
2024-11-27 19:01:28,367 - INFO - 1 instances updated to ./data_container/24_11_27_18_59_52/24-25_cx_s_su819.htm.csv.
2024-11-27 19:01:28,395 - INFO - Visiting: http://www.drps.ed.ac.uk/24-25/dpt/cxedua11343.htm
2024-11-27 19:01:28,433 - INFO - 1 instances updated to ./data_container/24_11_27_18_59_52/24-25_cx_s_su819.htm.csv.
2024-11-27 19:01:28,458 - INFO - Visiting: http://www.drps.ed.ac.uk/24-25/dpt/cxedua11186.htm
2024-11-27 19:01:28,492 - INFO - 1 instances updated to ./data_container/24_11_27_18_59_52/24-25_cx_s_su819.htm.csv.
2024-11-27 19:01:28,517 - INFO - Visiting: http://www.drps.ed.ac.uk/24-25/dpt/cxedua11389.htm
2024-11-27 19:01:28,555 - INFO - 1 instances updated to ./data_container/24_11_27_18_59_52/24-25_cx_s_su819.htm.csv.
2024-11-27 19:01:28,581 - INFO - Visiting: http://www.drps.ed.ac.uk/24-25/dpt/cxedua11294.htm
2024-11-27 19:01:28,616 - INFO - 1 instances updated to ./data_container/24_11_27_18_59_52/24-25_cx_s_su819.htm.csv.
2024-11-27 19:01:28,648 - INFO - Visiting: http://www.drps.ed.ac.uk/24-25/dpt/cxedua11320.htm
2024-11-27 19:01:28,686 - INFO - 1 instances updated to ./data_container/24_11_27_18_59_52/24-25_cx_s_su819.htm.csv.
2024-11-27 19:01:28,711 - INFO - Visiting: http://www.drps.ed.ac.uk/24-25/dpt/cxedua11448.htm
2024-11-27 19:01:28,750 - INFO - 1 instances updated to ./data_container/24_11_27_18_59_52/24-25_cx_s_su819.htm.csv.
2024-11-27 19:01:28,780 - INFO - Visiting: http://www.drps.ed.ac.uk/24-25/dpt/cxedua11321.htm
2024-11-27 19:01:28,819 - INFO - 1 instances updated to ./data_container/24_11_27_18_59_52/24-25_cx_s_su819.htm.csv.
2024-11-27 19:01:28,843 - INFO - Visiting: http://www.drps.ed.ac.uk/24-25/dpt/cxedua11214.htm
2024-11-27 19:01:28,882 - INFO - 1 instances updated to ./data_container/24_11_27_18_59_52/24-25_cx_s_su819.htm.csv.
2024-11-27 19:01:28,907 - INFO - Visiting: http://www.drps.ed.ac.uk/24-25/dpt/cxedua11427.htm
2024-11-27 19:01:28,946 - INFO - 1 instances updated to ./data_container/24_11_27_18_59_52/24-25_cx_s_su819.htm.csv.
2024-11-27 19:01:28,983 - INFO - Visiting: http://www.drps.ed.ac.uk/24-25/dpt/cxedua11441.htm
2024-11-27 19:01:29,022 - INFO - 1 instances updated to ./data_container/24_11_27_18_59_52/24-25_cx_s_su819.htm.csv.
2024-11-27 19:01:29,048 - INFO - Visiting: http://www.drps.ed.ac.uk/24-25/dpt/cxedua11302.htm
2024-11-27 19:01:29,085 - INFO - 1 instances updated to ./data_container/24_11_27_18_59_52/24-25_cx_s_su819.htm.csv.
2024-11-27 19:01:29,112 - INFO - Visiting: http://www.drps.ed.ac.uk/24-25/dpt/cxedua11039.htm
2024-11-27 19:01:29,153 - INFO - 1 instances updated to ./data_container/24_11_27_18_59_52/24-25_cx_s_su819.htm.csv.
2024-11-27 19:01:29,179 - INFO - Visiting: http://www.drps.ed.ac.uk/24-25/dpt/cxedua11120.htm
2024-11-27 19:01:29,220 - INFO - 1 instances updated to ./data_container/24_11_27_18_59_52/24-25_cx_s_su819.htm.csv.
2024-11-27 19:01:29,246 - INFO - Visiting: http://www.drps.ed.ac.uk/24-25/dpt/cxedua11318.htm
2024-11-27 19:01:29,284 - INFO - 1 instances updated to ./data_container/24_11_27_18_59_52/24-25_cx_s_su819.htm.csv.
2024-11-27 19:01:29,309 - INFO - Visiting: http://www.drps.ed.ac.uk/24-25/dpt/cxedua11400.htm
2024-11-27 19:01:29,348 - INFO - 1 instances updated to ./data_container/24_11_27_18_59_52/24-25_cx_s_su819.htm.csv.
2024-11-27 19:01:29,382 - INFO - Visiting: http://www.drps.ed.ac.uk/24-25/dpt/cxedua11187.htm
2024-11-27 19:01:29,420 - INFO - 1 instances updated to ./data_container/24_11_27_18_59_52/24-25_cx_s_su819.htm.csv.
2024-11-27 19:01:29,450 - INFO - Visiting: http://www.drps.ed.ac.uk/24-25/dpt/cxedua11425.htm
2024-11-27 19:01:29,491 - INFO - 1 instances updated to ./data_container/24_11_27_18_59_52/24-25_cx_s_su819.htm.csv.
2024-11-27 19:01:29,516 - INFO - Visiting: http://www.drps.ed.ac.uk/24-25/dpt/cxedua11322.htm
2024-11-27 19:01:29,900 - INFO - 1 instances updated to ./data_container/24_11_27_18_59_52/24-25_cx_s_su819.htm.csv.
2024-11-27 19:01:29,927 - INFO - Visiting: http://www.drps.ed.ac.uk/24-25/dpt/cxedua11236.htm
2024-11-27 19:01:29,967 - INFO - 1 instances updated to ./data_container/24_11_27_18_59_52/24-25_cx_s_su819.htm.csv.
2024-11-27 19:01:29,997 - INFO - Visiting: http://www.drps.ed.ac.uk/24-25/dpt/cxedua11215.htm
2024-11-27 19:01:30,039 - INFO - 1 instances updated to ./data_container/24_11_27_18_59_52/24-25_cx_s_su819.htm.csv.
2024-11-27 19:01:30,072 - INFO - Visiting: http://www.drps.ed.ac.uk/24-25/dpt/cxedua11450.htm
2024-11-27 19:01:30,171 - INFO - 1 instances updated to ./data_container/24_11_27_18_59_52/24-25_cx_s_su819.htm.csv.
2024-11-27 19:01:30,197 - INFO - Visiting: http://www.drps.ed.ac.uk/24-25/dpt/cxedua11456.htm
2024-11-27 19:01:30,237 - INFO - 1 instances updated to ./data_container/24_11_27_18_59_52/24-25_cx_s_su819.htm.csv.
2024-11-27 19:01:30,264 - INFO - Visiting: http://www.drps.ed.ac.uk/24-25/dpt/cxedua11333.htm
2024-11-27 19:01:30,304 - INFO - 1 instances updated to ./data_container/24_11_27_18_59_52/24-25_cx_s_su819.htm.csv.
2024-11-27 19:01:30,329 - INFO - Visiting: http://www.drps.ed.ac.uk/24-25/dpt/cxedua11317.htm
2024-11-27 19:01:30,370 - INFO - 1 instances updated to ./data_container/24_11_27_18_59_52/24-25_cx_s_su819.htm.csv.
2024-11-27 19:01:30,395 - INFO - Visiting: http://www.drps.ed.ac.uk/24-25/dpt/cxedua11414.htm
2024-11-27 19:01:30,436 - INFO - 1 instances updated to ./data_container/24_11_27_18_59_52/24-25_cx_s_su819.htm.csv.
2024-11-27 19:01:30,473 - INFO - Visiting: http://www.drps.ed.ac.uk/24-25/dpt/cxedua11255.htm
2024-11-27 19:01:30,514 - INFO - 1 instances updated to ./data_container/24_11_27_18_59_52/24-25_cx_s_su819.htm.csv.
2024-11-27 19:01:30,542 - INFO - Visiting: http://www.drps.ed.ac.uk/24-25/dpt/cxedua11303.htm
2024-11-27 19:01:30,580 - INFO - 1 instances updated to ./data_container/24_11_27_18_59_52/24-25_cx_s_su819.htm.csv.
2024-11-27 19:01:30,611 - INFO - Visiting: http://www.drps.ed.ac.uk/24-25/dpt/cxedua11353.htm
2024-11-27 19:01:30,651 - INFO - 1 instances updated to ./data_container/24_11_27_18_59_52/24-25_cx_s_su819.htm.csv.
2024-11-27 19:01:30,676 - INFO - Visiting: http://www.drps.ed.ac.uk/24-25/dpt/cxedua11446.htm
2024-11-27 19:01:30,717 - INFO - 1 instances updated to ./data_container/24_11_27_18_59_52/24-25_cx_s_su819.htm.csv.
2024-11-27 19:01:30,743 - INFO - Visiting: http://www.drps.ed.ac.uk/24-25/dpt/cxedua11388.htm
2024-11-27 19:01:30,783 - INFO - 1 instances updated to ./data_container/24_11_27_18_59_52/24-25_cx_s_su819.htm.csv.
2024-11-27 19:01:30,813 - INFO - Visiting: http://www.drps.ed.ac.uk/24-25/dpt/cxedua11314.htm
2024-11-27 19:01:30,851 - INFO - 1 instances updated to ./data_container/24_11_27_18_59_52/24-25_cx_s_su819.htm.csv.
2024-11-27 19:01:30,880 - INFO - Visiting: http://www.drps.ed.ac.uk/24-25/dpt/cxedua11404.htm
2024-11-27 19:01:30,920 - INFO - 1 instances updated to ./data_container/24_11_27_18_59_52/24-25_cx_s_su819.htm.csv.
2024-11-27 19:01:30,954 - INFO - Visiting: http://www.drps.ed.ac.uk/24-25/dpt/cxedua11259.htm
2024-11-27 19:01:30,994 - INFO - 1 instances updated to ./data_container/24_11_27_18_59_52/24-25_cx_s_su819.htm.csv.
2024-11-27 19:01:31,021 - INFO - Visiting: http://www.drps.ed.ac.uk/24-25/dpt/cxedua11408.htm
2024-11-27 19:01:31,063 - INFO - 1 instances updated to ./data_container/24_11_27_18_59_52/24-25_cx_s_su819.htm.csv.
2024-11-27 19:01:31,088 - INFO - Visiting: http://www.drps.ed.ac.uk/24-25/dpt/cxedua11305.htm
2024-11-27 19:01:31,130 - INFO - 1 instances updated to ./data_container/24_11_27_18_59_52/24-25_cx_s_su819.htm.csv.
2024-11-27 19:01:31,155 - INFO - Visiting: http://www.drps.ed.ac.uk/24-25/dpt/cxedua11434.htm
2024-11-27 19:01:31,196 - INFO - 1 instances updated to ./data_container/24_11_27_18_59_52/24-25_cx_s_su819.htm.csv.
2024-11-27 19:01:31,228 - INFO - Visiting: http://www.drps.ed.ac.uk/24-25/dpt/cxedua11418.htm
2024-11-27 19:01:31,267 - INFO - 1 instances updated to ./data_container/24_11_27_18_59_52/24-25_cx_s_su819.htm.csv.
2024-11-27 19:01:31,299 - INFO - Visiting: http://www.drps.ed.ac.uk/24-25/dpt/cxedua11169.htm
2024-11-27 19:01:31,338 - INFO - 1 instances updated to ./data_container/24_11_27_18_59_52/24-25_cx_s_su819.htm.csv.
2024-11-27 19:01:31,364 - INFO - Visiting: http://www.drps.ed.ac.uk/24-25/dpt/cxedua11244.htm
2024-11-27 19:01:31,397 - INFO - 1 instances updated to ./data_container/24_11_27_18_59_52/24-25_cx_s_su819.htm.csv.
2024-11-27 19:01:31,426 - INFO - Visiting: http://www.drps.ed.ac.uk/24-25/dpt/cxedua11399.htm
2024-11-27 19:01:31,468 - INFO - 1 instances updated to ./data_container/24_11_27_18_59_52/24-25_cx_s_su819.htm.csv.
2024-11-27 19:01:31,494 - INFO - Visiting: http://www.drps.ed.ac.uk/24-25/dpt/cxedua11342.htm
2024-11-27 19:01:31,543 - INFO - 1 instances updated to ./data_container/24_11_27_18_59_52/24-25_cx_s_su819.htm.csv.
2024-11-27 19:01:31,569 - INFO - Visiting: http://www.drps.ed.ac.uk/24-25/dpt/cxedua11410.htm
2024-11-27 19:01:31,611 - INFO - 1 instances updated to ./data_container/24_11_27_18_59_52/24-25_cx_s_su819.htm.csv.
2024-11-27 19:01:31,636 - INFO - Visiting: http://www.drps.ed.ac.uk/24-25/dpt/cxedua11152.htm
2024-11-27 19:01:31,676 - INFO - 1 instances updated to ./data_container/24_11_27_18_59_52/24-25_cx_s_su819.htm.csv.
2024-11-27 19:01:31,701 - INFO - Visiting: http://www.drps.ed.ac.uk/24-25/dpt/cxedua11428.htm
2024-11-27 19:01:31,744 - INFO - 1 instances updated to ./data_container/24_11_27_18_59_52/24-25_cx_s_su819.htm.csv.
2024-11-27 19:01:31,774 - INFO - Visiting: http://www.drps.ed.ac.uk/24-25/dpt/cxedua11445.htm
2024-11-27 19:01:31,815 - INFO - 1 instances updated to ./data_container/24_11_27_18_59_52/24-25_cx_s_su819.htm.csv.
2024-11-27 19:01:31,840 - INFO - Visiting: http://www.drps.ed.ac.uk/24-25/dpt/cxedua11011.htm
2024-11-27 19:01:31,880 - INFO - 1 instances updated to ./data_container/24_11_27_18_59_52/24-25_cx_s_su819.htm.csv.
2024-11-27 19:01:31,905 - INFO - Visiting: http://www.drps.ed.ac.uk/24-25/dpt/cxedua11119.htm
2024-11-27 19:01:31,947 - INFO - 1 instances updated to ./data_container/24_11_27_18_59_52/24-25_cx_s_su819.htm.csv.
2024-11-27 19:01:31,984 - INFO - Visiting: http://www.drps.ed.ac.uk/24-25/dpt/cxedua11437.htm
2024-11-27 19:01:32,029 - INFO - 1 instances updated to ./data_container/24_11_27_18_59_52/24-25_cx_s_su819.htm.csv.
2024-11-27 19:01:32,054 - INFO - Visiting: http://www.drps.ed.ac.uk/24-25/dpt/cxedua11436.htm
2024-11-27 19:01:32,096 - INFO - 1 instances updated to ./data_container/24_11_27_18_59_52/24-25_cx_s_su819.htm.csv.
2024-11-27 19:01:32,131 - INFO - Visiting: http://www.drps.ed.ac.uk/24-25/dpt/cxedua11316.htm
2024-11-27 19:01:32,172 - INFO - 1 instances updated to ./data_container/24_11_27_18_59_52/24-25_cx_s_su819.htm.csv.
2024-11-27 19:01:32,202 - INFO - Visiting: http://www.drps.ed.ac.uk/24-25/dpt/cxedua11282.htm
2024-11-27 19:01:32,244 - INFO - 1 instances updated to ./data_container/24_11_27_18_59_52/24-25_cx_s_su819.htm.csv.
2024-11-27 19:01:32,270 - INFO - Visiting: http://www.drps.ed.ac.uk/24-25/dpt/cxedua11407.htm
2024-11-27 19:01:32,314 - INFO - 1 instances updated to ./data_container/24_11_27_18_59_52/24-25_cx_s_su819.htm.csv.
2024-11-27 19:01:32,339 - INFO - Visiting: http://www.drps.ed.ac.uk/24-25/dpt/cxedua11247.htm
2024-11-27 19:01:32,385 - INFO - 1 instances updated to ./data_container/24_11_27_18_59_52/24-25_cx_s_su819.htm.csv.
2024-11-27 19:01:32,411 - INFO - Visiting: http://www.drps.ed.ac.uk/24-25/dpt/cxedua11283.htm
2024-11-27 19:01:32,457 - INFO - 1 instances updated to ./data_container/24_11_27_18_59_52/24-25_cx_s_su819.htm.csv.
2024-11-27 19:01:32,506 - INFO - Visiting: http://www.drps.ed.ac.uk/24-25/dpt/cxedua11415.htm
2024-11-27 19:01:32,550 - INFO - 1 instances updated to ./data_container/24_11_27_18_59_52/24-25_cx_s_su819.htm.csv.
2024-11-27 19:01:32,574 - INFO - Visiting: http://www.drps.ed.ac.uk/24-25/dpt/cxedua11045.htm
2024-11-27 19:01:32,617 - INFO - 1 instances updated to ./data_container/24_11_27_18_59_52/24-25_cx_s_su819.htm.csv.
2024-11-27 19:01:32,652 - INFO - Visiting: http://www.drps.ed.ac.uk/24-25/dpt/cxedua11240.htm
2024-11-27 19:01:32,695 - INFO - 1 instances updated to ./data_container/24_11_27_18_59_52/24-25_cx_s_su819.htm.csv.
2024-11-27 19:01:32,721 - INFO - Visiting: http://www.drps.ed.ac.uk/24-25/dpt/cxedua11413.htm
2024-11-27 19:01:32,763 - INFO - 1 instances updated to ./data_container/24_11_27_18_59_52/24-25_cx_s_su819.htm.csv.
2024-11-27 19:01:32,789 - INFO - Visiting: http://www.drps.ed.ac.uk/24-25/dpt/cxedua11248.htm
2024-11-27 19:01:32,835 - INFO - 1 instances updated to ./data_container/24_11_27_18_59_52/24-25_cx_s_su819.htm.csv.
2024-11-27 19:01:32,861 - INFO - Visiting: http://www.drps.ed.ac.uk/24-25/dpt/cxedua11201.htm
2024-11-27 19:01:32,901 - INFO - 1 instances updated to ./data_container/24_11_27_18_59_52/24-25_cx_s_su819.htm.csv.
2024-11-27 19:01:32,927 - INFO - Visiting: http://www.drps.ed.ac.uk/24-25/dpt/cxedua11419.htm
2024-11-27 19:01:32,971 - INFO - 1 instances updated to ./data_container/24_11_27_18_59_52/24-25_cx_s_su819.htm.csv.
2024-11-27 19:01:32,996 - INFO - Visiting: http://www.drps.ed.ac.uk/24-25/dpt/cxedua11392.htm
2024-11-27 19:01:33,041 - INFO - 1 instances updated to ./data_container/24_11_27_18_59_52/24-25_cx_s_su819.htm.csv.
2024-11-27 19:01:33,066 - INFO - Visiting: http://www.drps.ed.ac.uk/24-25/dpt/cxedua11346.htm
2024-11-27 19:01:33,164 - INFO - 1 instances updated to ./data_container/24_11_27_18_59_52/24-25_cx_s_su819.htm.csv.
2024-11-27 19:01:33,189 - INFO - Visiting: http://www.drps.ed.ac.uk/24-25/dpt/cxedua11125.htm
2024-11-27 19:01:33,231 - INFO - 1 instances updated to ./data_container/24_11_27_18_59_52/24-25_cx_s_su819.htm.csv.
2024-11-27 19:01:33,257 - INFO - Visiting: http://www.drps.ed.ac.uk/24-25/dpt/cxedua11344.htm
2024-11-27 19:01:33,302 - INFO - 1 instances updated to ./data_container/24_11_27_18_59_52/24-25_cx_s_su819.htm.csv.
2024-11-27 19:01:33,327 - INFO - Visiting: http://www.drps.ed.ac.uk/24-25/dpt/cxedua11252.htm
2024-11-27 19:01:33,369 - INFO - 1 instances updated to ./data_container/24_11_27_18_59_52/24-25_cx_s_su819.htm.csv.
2024-11-27 19:01:33,396 - INFO - Visiting: http://www.drps.ed.ac.uk/24-25/dpt/cxedua11443.htm
2024-11-27 19:01:33,468 - INFO - 1 instances updated to ./data_container/24_11_27_18_59_52/24-25_cx_s_su819.htm.csv.
2024-11-27 19:01:33,494 - INFO - Visiting: http://www.drps.ed.ac.uk/24-25/dpt/cxedua11327.htm
2024-11-27 19:01:33,538 - INFO - 1 instances updated to ./data_container/24_11_27_18_59_52/24-25_cx_s_su819.htm.csv.
2024-11-27 19:01:33,572 - INFO - Visiting: http://www.drps.ed.ac.uk/24-25/dpt/cxedua11094.htm
2024-11-27 19:01:33,614 - INFO - 1 instances updated to ./data_container/24_11_27_18_59_52/24-25_cx_s_su819.htm.csv.
2024-11-27 19:01:33,640 - INFO - Visiting: http://www.drps.ed.ac.uk/24-25/dpt/cxedua11383.htm
2024-11-27 19:01:33,682 - INFO - 1 instances updated to ./data_container/24_11_27_18_59_52/24-25_cx_s_su819.htm.csv.
2024-11-27 19:01:33,708 - INFO - Visiting: http://www.drps.ed.ac.uk/24-25/dpt/cxedua11442.htm
2024-11-27 19:01:33,753 - INFO - 1 instances updated to ./data_container/24_11_27_18_59_52/24-25_cx_s_su819.htm.csv.
2024-11-27 19:01:33,790 - INFO - Visiting: http://www.drps.ed.ac.uk/24-25/dpt/cxedua11460.htm
2024-11-27 19:01:33,834 - INFO - 1 instances updated to ./data_container/24_11_27_18_59_52/24-25_cx_s_su819.htm.csv.
2024-11-27 19:01:33,860 - INFO - Visiting: http://www.drps.ed.ac.uk/24-25/dpt/cxedua11459.htm
2024-11-27 19:01:33,903 - INFO - 1 instances updated to ./data_container/24_11_27_18_59_52/24-25_cx_s_su819.htm.csv.
2024-11-27 19:01:33,929 - INFO - Visiting: http://www.drps.ed.ac.uk/24-25/dpt/cxedua11373.htm
2024-11-27 19:01:33,972 - INFO - 1 instances updated to ./data_container/24_11_27_18_59_52/24-25_cx_s_su819.htm.csv.
2024-11-27 19:01:34,004 - INFO - Visiting: http://www.drps.ed.ac.uk/24-25/dpt/cxedua11212.htm
2024-11-27 19:01:34,050 - INFO - 1 instances updated to ./data_container/24_11_27_18_59_52/24-25_cx_s_su819.htm.csv.
2024-11-27 19:01:34,347 - INFO - Visiting: http://www.drps.ed.ac.uk/24-25/dpt/cxedua11328.htm
2024-11-27 19:01:34,393 - INFO - 1 instances updated to ./data_container/24_11_27_18_59_52/24-25_cx_s_su819.htm.csv.
2024-11-27 19:01:34,418 - INFO - Visiting: http://www.drps.ed.ac.uk/24-25/dpt/cxedua11423.htm
2024-11-27 19:01:34,463 - INFO - 1 instances updated to ./data_container/24_11_27_18_59_52/24-25_cx_s_su819.htm.csv.
2024-11-27 19:01:34,489 - INFO - Visiting: http://www.drps.ed.ac.uk/24-25/dpt/cxedua11117.htm
2024-11-27 19:01:34,537 - INFO - 1 instances updated to ./data_container/24_11_27_18_59_52/24-25_cx_s_su819.htm.csv.
2024-11-27 19:01:34,562 - INFO - Visiting: http://www.drps.ed.ac.uk/24-25/dpt/cxedua11452.htm
2024-11-27 19:01:34,607 - INFO - 1 instances updated to ./data_container/24_11_27_18_59_52/24-25_cx_s_su819.htm.csv.
2024-11-27 19:01:34,636 - INFO - Visiting: http://www.drps.ed.ac.uk/24-25/dpt/cxedua11290.htm
2024-11-27 19:01:34,681 - INFO - 1 instances updated to ./data_container/24_11_27_18_59_52/24-25_cx_s_su819.htm.csv.
2024-11-27 19:01:34,711 - INFO - Visiting: http://www.drps.ed.ac.uk/24-25/dpt/cxedua11289.htm
2024-11-27 19:01:34,753 - INFO - 1 instances updated to ./data_container/24_11_27_18_59_52/24-25_cx_s_su819.htm.csv.
2024-11-27 19:01:34,778 - INFO - Visiting: http://www.drps.ed.ac.uk/24-25/dpt/cxedua11288.htm
2024-11-27 19:01:34,823 - INFO - 1 instances updated to ./data_container/24_11_27_18_59_52/24-25_cx_s_su819.htm.csv.
2024-11-27 19:01:34,849 - INFO - Visiting: http://www.drps.ed.ac.uk/24-25/dpt/cxedua11332.htm
2024-11-27 19:01:34,892 - INFO - 1 instances updated to ./data_container/24_11_27_18_59_52/24-25_cx_s_su819.htm.csv.
2024-11-27 19:01:35,216 - INFO - Visiting: http://www.drps.ed.ac.uk/24-25/dpt/cxedua11041.htm
2024-11-27 19:01:35,262 - INFO - 1 instances updated to ./data_container/24_11_27_18_59_52/24-25_cx_s_su819.htm.csv.
2024-11-27 19:01:35,288 - INFO - Visiting: http://www.drps.ed.ac.uk/24-25/dpt/cxedua11449.htm
2024-11-27 19:01:35,334 - INFO - 1 instances updated to ./data_container/24_11_27_18_59_52/24-25_cx_s_su819.htm.csv.
2024-11-27 19:01:35,360 - INFO - Visiting: http://www.drps.ed.ac.uk/24-25/dpt/cxedua11403.htm
2024-11-27 19:01:35,406 - INFO - 1 instances updated to ./data_container/24_11_27_18_59_52/24-25_cx_s_su819.htm.csv.
2024-11-27 19:01:35,431 - INFO - Visiting: http://www.drps.ed.ac.uk/24-25/dpt/cxedua11116.htm
2024-11-27 19:01:35,479 - INFO - 1 instances updated to ./data_container/24_11_27_18_59_52/24-25_cx_s_su819.htm.csv.
2024-11-27 19:01:35,504 - INFO - Visiting: http://www.drps.ed.ac.uk/24-25/dpt/cxedua11105.htm
2024-11-27 19:01:35,549 - INFO - 1 instances updated to ./data_container/24_11_27_18_59_52/24-25_cx_s_su819.htm.csv.
2024-11-27 19:01:35,573 - INFO - Visiting: http://www.drps.ed.ac.uk/24-25/dpt/cxedua11453.htm
2024-11-27 19:01:35,610 - INFO - 1 instances updated to ./data_container/24_11_27_18_59_52/24-25_cx_s_su819.htm.csv.
2024-11-27 19:01:35,635 - INFO - Visiting: http://www.drps.ed.ac.uk/24-25/dpt/cxedua11421.htm
2024-11-27 19:01:35,682 - INFO - 1 instances updated to ./data_container/24_11_27_18_59_52/24-25_cx_s_su819.htm.csv.
2024-11-27 19:01:35,708 - INFO - Visiting: http://www.drps.ed.ac.uk/24-25/dpt/cxedua11409.htm
2024-11-27 19:01:35,756 - INFO - 1 instances updated to ./data_container/24_11_27_18_59_52/24-25_cx_s_su819.htm.csv.
2024-11-27 19:01:35,782 - INFO - Visiting: http://www.drps.ed.ac.uk/24-25/dpt/cxedua11258.htm
2024-11-27 19:01:35,827 - INFO - 1 instances updated to ./data_container/24_11_27_18_59_52/24-25_cx_s_su819.htm.csv.
2024-11-27 19:01:35,851 - INFO - Visiting: http://www.drps.ed.ac.uk/24-25/dpt/cxedua11040.htm
2024-11-27 19:01:35,897 - INFO - 1 instances updated to ./data_container/24_11_27_18_59_52/24-25_cx_s_su819.htm.csv.
2024-11-27 19:01:35,922 - INFO - Visiting: http://www.drps.ed.ac.uk/24-25/dpt/cxedua11326.htm
2024-11-27 19:01:35,969 - INFO - 1 instances updated to ./data_container/24_11_27_18_59_52/24-25_cx_s_su819.htm.csv.
2024-11-27 19:01:35,999 - INFO - Visiting: http://www.drps.ed.ac.uk/24-25/dpt/cxedua11350.htm
2024-11-27 19:01:36,044 - INFO - 1 instances updated to ./data_container/24_11_27_18_59_52/24-25_cx_s_su819.htm.csv.
2024-11-27 19:01:36,069 - INFO - Visiting: http://www.drps.ed.ac.uk/24-25/dpt/cxedua11287.htm
2024-11-27 19:01:36,115 - INFO - 1 instances updated to ./data_container/24_11_27_18_59_52/24-25_cx_s_su819.htm.csv.
2024-11-27 19:01:36,139 - INFO - Visiting: http://www.drps.ed.ac.uk/24-25/dpt/cxedua11285.htm
2024-11-27 19:01:36,184 - INFO - 1 instances updated to ./data_container/24_11_27_18_59_52/24-25_cx_s_su819.htm.csv.
2024-11-27 19:01:36,212 - INFO - Visiting: http://www.drps.ed.ac.uk/24-25/dpt/cxedua11286.htm
2024-11-27 19:01:36,259 - INFO - 1 instances updated to ./data_container/24_11_27_18_59_52/24-25_cx_s_su819.htm.csv.
2024-11-27 19:01:36,284 - INFO - Visiting: http://www.drps.ed.ac.uk/24-25/dpt/cxedua11210.htm
2024-11-27 19:01:36,333 - INFO - 1 instances updated to ./data_container/24_11_27_18_59_52/24-25_cx_s_su819.htm.csv.
2024-11-27 19:01:36,358 - INFO - Visiting: http://www.drps.ed.ac.uk/24-25/dpt/cxedua11194.htm
2024-11-27 19:01:36,404 - INFO - 1 instances updated to ./data_container/24_11_27_18_59_52/24-25_cx_s_su819.htm.csv.
2024-11-27 19:01:36,430 - INFO - Visiting: http://www.drps.ed.ac.uk/24-25/dpt/cxedua11334.htm
2024-11-27 19:01:36,476 - INFO - 1 instances updated to ./data_container/24_11_27_18_59_52/24-25_cx_s_su819.htm.csv.
2024-11-27 19:01:36,502 - INFO - Visiting: http://www.drps.ed.ac.uk/24-25/dpt/cxedua11461.htm
2024-11-27 19:01:36,549 - INFO - 1 instances updated to ./data_container/24_11_27_18_59_52/24-25_cx_s_su819.htm.csv.
2024-11-27 19:01:36,574 - INFO - Visiting: http://www.drps.ed.ac.uk/24-25/dpt/cxedua11048.htm
2024-11-27 19:01:36,620 - INFO - 1 instances updated to ./data_container/24_11_27_18_59_52/24-25_cx_s_su819.htm.csv.
2024-11-27 19:01:36,644 - INFO - Visiting: http://www.drps.ed.ac.uk/24-25/dpt/cxedua11042.htm
2024-11-27 19:01:36,685 - INFO - 1 instances updated to ./data_container/24_11_27_18_59_52/24-25_cx_s_su819.htm.csv.
2024-11-27 19:01:36,712 - INFO - Visiting: http://www.drps.ed.ac.uk/24-25/dpt/cxedua11439.htm
2024-11-27 19:01:36,758 - INFO - 1 instances updated to ./data_container/24_11_27_18_59_52/24-25_cx_s_su819.htm.csv.
2024-11-27 19:01:36,783 - INFO - Visiting: http://www.drps.ed.ac.uk/24-25/dpt/cxedua11354.htm
2024-11-27 19:01:36,886 - INFO - 1 instances updated to ./data_container/24_11_27_18_59_52/24-25_cx_s_su819.htm.csv.
2024-11-27 19:01:36,912 - INFO - Visiting: http://www.drps.ed.ac.uk/24-25/dpt/cxedua11391.htm
2024-11-27 19:01:36,958 - INFO - 1 instances updated to ./data_container/24_11_27_18_59_52/24-25_cx_s_su819.htm.csv.
2024-11-27 19:01:36,985 - INFO - Visiting: http://www.drps.ed.ac.uk/24-25/dpt/cxedua11284.htm
2024-11-27 19:01:37,036 - INFO - 1 instances updated to ./data_container/24_11_27_18_59_52/24-25_cx_s_su819.htm.csv.
2024-11-27 19:01:37,062 - INFO - Visiting: http://www.drps.ed.ac.uk/24-25/dpt/cxedua11124.htm
2024-11-27 19:01:37,106 - INFO - 1 instances updated to ./data_container/24_11_27_18_59_52/24-25_cx_s_su819.htm.csv.
2024-11-27 19:01:37,131 - INFO - Visiting: http://www.drps.ed.ac.uk/24-25/dpt/cxedua11257.htm
2024-11-27 19:01:37,178 - INFO - 1 instances updated to ./data_container/24_11_27_18_59_52/24-25_cx_s_su819.htm.csv.
2024-11-27 19:01:37,203 - INFO - Visiting: http://www.drps.ed.ac.uk/24-25/dpt/cxedua11351.htm
2024-11-27 19:01:37,248 - INFO - 1 instances updated to ./data_container/24_11_27_18_59_52/24-25_cx_s_su819.htm.csv.
2024-11-27 19:01:37,274 - INFO - Visiting: http://www.drps.ed.ac.uk/24-25/dpt/cxedua11462.htm
2024-11-27 19:01:37,323 - INFO - 1 instances updated to ./data_container/24_11_27_18_59_52/24-25_cx_s_su819.htm.csv.
2024-11-27 19:01:37,360 - INFO - Visiting: http://www.drps.ed.ac.uk/24-25/dpt/cxedua11416.htm
2024-11-27 19:01:37,411 - INFO - 1 instances updated to ./data_container/24_11_27_18_59_52/24-25_cx_s_su819.htm.csv.
2024-11-27 19:01:37,439 - INFO - Visiting: http://www.drps.ed.ac.uk/24-25/dpt/cxedua11304.htm
2024-11-27 19:01:37,489 - INFO - 1 instances updated to ./data_container/24_11_27_18_59_52/24-25_cx_s_su819.htm.csv.
2024-11-27 19:01:37,515 - INFO - Visiting: http://www.drps.ed.ac.uk/24-25/dpt/cxedua11235.htm
2024-11-27 19:01:37,562 - INFO - 1 instances updated to ./data_container/24_11_27_18_59_52/24-25_cx_s_su819.htm.csv.
2024-11-27 19:01:37,588 - INFO - Visiting: http://www.drps.ed.ac.uk/24-25/dpt/cxedua11300.htm
2024-11-27 19:01:37,635 - INFO - 1 instances updated to ./data_container/24_11_27_18_59_52/24-25_cx_s_su819.htm.csv.
2024-11-27 19:01:37,662 - INFO - Visiting: http://www.drps.ed.ac.uk/24-25/dpt/cxedua11301.htm
2024-11-27 19:01:37,710 - INFO - 1 instances updated to ./data_container/24_11_27_18_59_52/24-25_cx_s_su819.htm.csv.
2024-11-27 19:01:37,736 - INFO - Visiting: http://www.drps.ed.ac.uk/24-25/dpt/cxedua11297.htm
2024-11-27 19:01:37,783 - INFO - 1 instances updated to ./data_container/24_11_27_18_59_52/24-25_cx_s_su819.htm.csv.
2024-11-27 19:01:37,809 - INFO - Visiting: http://www.drps.ed.ac.uk/24-25/dpt/cxedua11457.htm
2024-11-27 19:01:37,859 - INFO - 1 instances updated to ./data_container/24_11_27_18_59_52/24-25_cx_s_su819.htm.csv.
2024-11-27 19:01:37,884 - INFO - Visiting: http://www.drps.ed.ac.uk/24-25/dpt/cxedua11298.htm
2024-11-27 19:01:37,934 - INFO - 1 instances updated to ./data_container/24_11_27_18_59_52/24-25_cx_s_su819.htm.csv.
2024-11-27 19:01:37,962 - INFO - Visiting: http://www.drps.ed.ac.uk/24-25/dpt/cxedua11299.htm
2024-11-27 19:01:38,095 - INFO - 1 instances updated to ./data_container/24_11_27_18_59_52/24-25_cx_s_su819.htm.csv.
2024-11-27 19:01:38,120 - INFO - Visiting: http://www.drps.ed.ac.uk/24-25/dpt/cxedua11038.htm
2024-11-27 19:01:38,164 - INFO - 1 instances updated to ./data_container/24_11_27_18_59_52/24-25_cx_s_su819.htm.csv.
2024-11-27 19:01:38,195 - INFO - Visiting: http://www.drps.ed.ac.uk/24-25/dpt/cxedua11463.htm
2024-11-27 19:01:38,245 - INFO - 1 instances updated to ./data_container/24_11_27_18_59_52/24-25_cx_s_su819.htm.csv.
2024-11-27 19:01:38,272 - INFO - Visiting: http://www.drps.ed.ac.uk/24-25/dpt/cxedua11368.htm
2024-11-27 19:01:38,319 - INFO - 1 instances updated to ./data_container/24_11_27_18_59_52/24-25_cx_s_su819.htm.csv.
2024-11-27 19:01:38,343 - INFO - Visiting: http://www.drps.ed.ac.uk/24-25/dpt/cxedua11377.htm
2024-11-27 19:01:38,423 - INFO - 1 instances updated to ./data_container/24_11_27_18_59_52/24-25_cx_s_su819.htm.csv.
2024-11-27 19:01:38,451 - INFO - Visiting: http://www.drps.ed.ac.uk/24-25/dpt/cxedua11369.htm
2024-11-27 19:01:38,528 - INFO - 1 instances updated to ./data_container/24_11_27_18_59_52/24-25_cx_s_su819.htm.csv.
2024-11-27 19:01:38,552 - INFO - Visiting: http://www.drps.ed.ac.uk/24-25/dpt/cxedua11382.htm
2024-11-27 19:01:38,600 - INFO - 1 instances updated to ./data_container/24_11_27_18_59_52/24-25_cx_s_su819.htm.csv.
2024-11-27 19:01:38,626 - INFO - Visiting: http://www.drps.ed.ac.uk/24-25/dpt/cxedua11402.htm
2024-11-27 19:01:38,676 - INFO - 1 instances updated to ./data_container/24_11_27_18_59_52/24-25_cx_s_su819.htm.csv.
2024-11-27 19:01:38,702 - INFO - Visiting: http://www.drps.ed.ac.uk/24-25/dpt/cxedua11365.htm
2024-11-27 19:01:38,751 - INFO - 1 instances updated to ./data_container/24_11_27_18_59_52/24-25_cx_s_su819.htm.csv.
2024-11-27 19:01:38,779 - INFO - Visiting: http://www.drps.ed.ac.uk/24-25/dpt/cxedua11366.htm
2024-11-27 19:01:38,905 - INFO - 1 instances updated to ./data_container/24_11_27_18_59_52/24-25_cx_s_su819.htm.csv.
2024-11-27 19:01:38,930 - INFO - Visiting: http://www.drps.ed.ac.uk/24-25/dpt/cxedua11401.htm
2024-11-27 19:01:38,978 - INFO - 1 instances updated to ./data_container/24_11_27_18_59_52/24-25_cx_s_su819.htm.csv.
2024-11-27 19:01:39,003 - INFO - Visiting: http://www.drps.ed.ac.uk/24-25/dpt/cxedua11381.htm
2024-11-27 19:01:39,054 - INFO - 1 instances updated to ./data_container/24_11_27_18_59_52/24-25_cx_s_su819.htm.csv.
2024-11-27 19:01:39,084 - INFO - Visiting: http://www.drps.ed.ac.uk/24-25/dpt/cxedua11380.htm
2024-11-27 19:01:39,135 - INFO - 1 instances updated to ./data_container/24_11_27_18_59_52/24-25_cx_s_su819.htm.csv.
2024-11-27 19:01:39,160 - INFO - Visiting: http://www.drps.ed.ac.uk/24-25/dpt/cxedua11424.htm
2024-11-27 19:01:39,344 - INFO - 1 instances updated to ./data_container/24_11_27_18_59_52/24-25_cx_s_su819.htm.csv.
2024-11-27 19:01:39,369 - INFO - Visiting: http://www.drps.ed.ac.uk/24-25/dpt/cxedua11329.htm
2024-11-27 19:01:39,421 - INFO - 1 instances updated to ./data_container/24_11_27_18_59_52/24-25_cx_s_su819.htm.csv.
2024-11-27 19:01:39,447 - INFO - Visiting: http://www.drps.ed.ac.uk/24-25/dpt/cxedua11367.htm
2024-11-27 19:01:39,501 - INFO - 1 instances updated to ./data_container/24_11_27_18_59_52/24-25_cx_s_su819.htm.csv.
2024-11-27 19:01:39,526 - INFO - Visiting: http://www.drps.ed.ac.uk/24-25/dpt/cxedua11340.htm
2024-11-27 19:01:39,576 - INFO - 1 instances updated to ./data_container/24_11_27_18_59_52/24-25_cx_s_su819.htm.csv.
2024-11-27 19:01:39,602 - INFO - Visiting: http://www.drps.ed.ac.uk/24-25/dpt/cxedua11347.htm
2024-11-27 19:01:39,653 - INFO - 1 instances updated to ./data_container/24_11_27_18_59_52/24-25_cx_s_su819.htm.csv.
2024-11-27 19:01:39,681 - INFO - Visiting: http://www.drps.ed.ac.uk/24-25/dpt/cxedua11206.htm
2024-11-27 19:01:39,734 - INFO - 1 instances updated to ./data_container/24_11_27_18_59_52/24-25_cx_s_su819.htm.csv.
2024-11-27 19:01:39,758 - INFO - Visiting: http://www.drps.ed.ac.uk/24-25/dpt/cxedua11233.htm
2024-11-27 19:01:39,805 - INFO - 1 instances updated to ./data_container/24_11_27_18_59_52/24-25_cx_s_su819.htm.csv.
2024-11-27 19:01:39,832 - INFO - Visiting: http://www.drps.ed.ac.uk/24-25/dpt/cxedua11385.htm
2024-11-27 19:01:39,883 - INFO - 1 instances updated to ./data_container/24_11_27_18_59_52/24-25_cx_s_su819.htm.csv.
2024-11-27 19:01:39,912 - INFO - Visiting: http://www.drps.ed.ac.uk/24-25/dpt/cxedua11338.htm
2024-11-27 19:01:39,964 - INFO - 1 instances updated to ./data_container/24_11_27_18_59_52/24-25_cx_s_su819.htm.csv.
2024-11-27 19:01:39,989 - INFO - Visiting: http://www.drps.ed.ac.uk/24-25/dpt/cxedua11250.htm
2024-11-27 19:01:40,057 - INFO - 1 instances updated to ./data_container/24_11_27_18_59_52/24-25_cx_s_su819.htm.csv.
2024-11-27 19:01:40,116 - INFO - Visiting: http://www.drps.ed.ac.uk/24-25/dpt/cxedua11458.htm
2024-11-27 19:01:40,168 - INFO - 1 instances updated to ./data_container/24_11_27_18_59_52/24-25_cx_s_su819.htm.csv.
2024-11-27 19:01:40,193 - INFO - Visiting: http://www.drps.ed.ac.uk/24-25/dpt/cxedua11363.htm
2024-11-27 19:01:40,284 - INFO - 1 instances updated to ./data_container/24_11_27_18_59_52/24-25_cx_s_su819.htm.csv.
2024-11-27 19:01:40,309 - INFO - Visiting: http://www.drps.ed.ac.uk/24-25/dpt/cxedua11324.htm
2024-11-27 19:01:40,362 - INFO - 1 instances updated to ./data_container/24_11_27_18_59_52/24-25_cx_s_su819.htm.csv.
2024-11-27 19:01:40,386 - INFO - Visiting: http://www.drps.ed.ac.uk/24-25/dpt/cxedua11376.htm
2024-11-27 19:01:40,496 - INFO - 1 instances updated to ./data_container/24_11_27_18_59_52/24-25_cx_s_su819.htm.csv.
2024-11-27 19:01:40,522 - INFO - Visiting: http://www.drps.ed.ac.uk/24-25/dpt/cxedua11335.htm
2024-11-27 19:01:40,572 - INFO - 1 instances updated to ./data_container/24_11_27_18_59_52/24-25_cx_s_su819.htm.csv.
2024-11-27 19:01:40,601 - INFO - Visiting: http://www.drps.ed.ac.uk/24-25/dpt/cxedua11179.htm
2024-11-27 19:01:40,659 - INFO - 1 instances updated to ./data_container/24_11_27_18_59_52/24-25_cx_s_su819.htm.csv.
2024-11-27 19:01:40,685 - INFO - Visiting: http://www.drps.ed.ac.uk/24-25/dpt/cxedua11438.htm
2024-11-27 19:01:40,736 - INFO - 1 instances updated to ./data_container/24_11_27_18_59_52/24-25_cx_s_su819.htm.csv.
2024-11-27 19:01:40,765 - INFO - Visiting: http://www.drps.ed.ac.uk/24-25/dpt/cxedua11348.htm
2024-11-27 19:01:40,818 - INFO - 1 instances updated to ./data_container/24_11_27_18_59_52/24-25_cx_s_su819.htm.csv.
2024-11-27 19:01:40,842 - INFO - Visiting: http://www.drps.ed.ac.uk/24-25/dpt/cxedua12001.htm
2024-11-27 19:01:40,893 - INFO - 1 instances updated to ./data_container/24_11_27_18_59_52/24-25_cx_s_su819.htm.csv.
2024-11-27 19:01:40,893 - INFO - Mining for keywords Accessibility,Inclusive design,Disability rights,Adaptive tools is success.
2024-11-27 19:01:40,935 - INFO - Visiting: http://www.drps.ed.ac.uk/24-25/dpt/cx_sb_redu.htm
2024-11-27 19:01:40,986 - INFO - Visiting: http://www.drps.ed.ac.uk/24-25/dpt/cxredu11074.htm
2024-11-27 19:01:41,011 - INFO - 1 instances updated to ./data_container/24_11_27_18_59_52/24-25_cx_s_su819.htm.csv.
2024-11-27 19:01:41,035 - INFO - Visiting: http://www.drps.ed.ac.uk/24-25/dpt/cxredu11079.htm
2024-11-27 19:01:41,056 - INFO - 1 instances updated to ./data_container/24_11_27_18_59_52/24-25_cx_s_su819.htm.csv.
2024-11-27 19:01:41,080 - INFO - Visiting: http://www.drps.ed.ac.uk/24-25/dpt/cxredu11076.htm
2024-11-27 19:01:41,101 - INFO - 1 instances updated to ./data_container/24_11_27_18_59_52/24-25_cx_s_su819.htm.csv.
2024-11-27 19:01:41,131 - INFO - Visiting: http://www.drps.ed.ac.uk/24-25/dpt/cxredu11045.htm
2024-11-27 19:01:41,152 - INFO - 1 instances updated to ./data_container/24_11_27_18_59_52/24-25_cx_s_su819.htm.csv.
2024-11-27 19:01:41,186 - INFO - Visiting: http://www.drps.ed.ac.uk/24-25/dpt/cxredu11091.htm
2024-11-27 19:01:41,209 - INFO - 1 instances updated to ./data_container/24_11_27_18_59_52/24-25_cx_s_su819.htm.csv.
2024-11-27 19:01:41,237 - INFO - Visiting: http://www.drps.ed.ac.uk/24-25/dpt/cxredu11073.htm
2024-11-27 19:01:41,259 - INFO - 1 instances updated to ./data_container/24_11_27_18_59_52/24-25_cx_s_su819.htm.csv.
2024-11-27 19:01:41,285 - INFO - Visiting: http://www.drps.ed.ac.uk/24-25/dpt/cxredu11089.htm
2024-11-27 19:01:41,307 - INFO - 1 instances updated to ./data_container/24_11_27_18_59_52/24-25_cx_s_su819.htm.csv.
2024-11-27 19:01:41,334 - INFO - Visiting: http://www.drps.ed.ac.uk/24-25/dpt/cxredu11060.htm
2024-11-27 19:01:41,355 - INFO - 1 instances updated to ./data_container/24_11_27_18_59_52/24-25_cx_s_su819.htm.csv.
2024-11-27 19:01:41,381 - INFO - Visiting: http://www.drps.ed.ac.uk/24-25/dpt/cxredu11087.htm
2024-11-27 19:01:41,406 - INFO - 1 instances updated to ./data_container/24_11_27_18_59_52/24-25_cx_s_su819.htm.csv.
2024-11-27 19:01:41,430 - INFO - Visiting: http://www.drps.ed.ac.uk/24-25/dpt/cxredu11082.htm
2024-11-27 19:01:41,453 - INFO - 1 instances updated to ./data_container/24_11_27_18_59_52/24-25_cx_s_su819.htm.csv.
2024-11-27 19:01:41,478 - INFO - Visiting: http://www.drps.ed.ac.uk/24-25/dpt/cxredu11083.htm
2024-11-27 19:01:41,501 - INFO - 1 instances updated to ./data_container/24_11_27_18_59_52/24-25_cx_s_su819.htm.csv.
2024-11-27 19:01:41,528 - INFO - Visiting: http://www.drps.ed.ac.uk/24-25/dpt/cxredu11052.htm
2024-11-27 19:01:41,551 - INFO - 1 instances updated to ./data_container/24_11_27_18_59_52/24-25_cx_s_su819.htm.csv.
2024-11-27 19:01:41,575 - INFO - Visiting: http://www.drps.ed.ac.uk/24-25/dpt/cxredu11088.htm
2024-11-27 19:01:41,601 - INFO - 1 instances updated to ./data_container/24_11_27_18_59_52/24-25_cx_s_su819.htm.csv.
2024-11-27 19:01:41,626 - INFO - Visiting: http://www.drps.ed.ac.uk/24-25/dpt/cxredu11092.htm
2024-11-27 19:01:41,651 - INFO - 1 instances updated to ./data_container/24_11_27_18_59_52/24-25_cx_s_su819.htm.csv.
2024-11-27 19:01:41,676 - INFO - Visiting: http://www.drps.ed.ac.uk/24-25/dpt/cxredu11086.htm
2024-11-27 19:01:41,702 - INFO - 1 instances updated to ./data_container/24_11_27_18_59_52/24-25_cx_s_su819.htm.csv.
2024-11-27 19:01:41,732 - INFO - Visiting: http://www.drps.ed.ac.uk/24-25/dpt/cxredu11085.htm
2024-11-27 19:01:41,757 - INFO - 1 instances updated to ./data_container/24_11_27_18_59_52/24-25_cx_s_su819.htm.csv.
2024-11-27 19:01:41,783 - INFO - Visiting: http://www.drps.ed.ac.uk/24-25/dpt/cxredu11080.htm
2024-11-27 19:01:41,807 - INFO - 1 instances updated to ./data_container/24_11_27_18_59_52/24-25_cx_s_su819.htm.csv.
2024-11-27 19:01:41,833 - INFO - Visiting: http://www.drps.ed.ac.uk/24-25/dpt/cxredu11077.htm
2024-11-27 19:01:41,856 - INFO - 1 instances updated to ./data_container/24_11_27_18_59_52/24-25_cx_s_su819.htm.csv.
2024-11-27 19:01:41,881 - INFO - Visiting: http://www.drps.ed.ac.uk/24-25/dpt/cxredu11081.htm
2024-11-27 19:01:41,906 - INFO - 1 instances updated to ./data_container/24_11_27_18_59_52/24-25_cx_s_su819.htm.csv.
2024-11-27 19:01:41,933 - INFO - Visiting: http://www.drps.ed.ac.uk/24-25/dpt/cxredu11084.htm
2024-11-27 19:01:41,959 - INFO - 1 instances updated to ./data_container/24_11_27_18_59_52/24-25_cx_s_su819.htm.csv.
2024-11-27 19:01:41,983 - INFO - Visiting: http://www.drps.ed.ac.uk/24-25/dpt/cxredu11064.htm
2024-11-27 19:01:42,007 - INFO - 1 instances updated to ./data_container/24_11_27_18_59_52/24-25_cx_s_su819.htm.csv.
2024-11-27 19:01:42,039 - INFO - Visiting: http://www.drps.ed.ac.uk/24-25/dpt/cxredu11050.htm
2024-11-27 19:01:42,062 - INFO - 1 instances updated to ./data_container/24_11_27_18_59_52/24-25_cx_s_su819.htm.csv.
2024-11-27 19:01:42,086 - INFO - Visiting: http://www.drps.ed.ac.uk/24-25/dpt/cxredu11051.htm
2024-11-27 19:01:42,109 - INFO - 1 instances updated to ./data_container/24_11_27_18_59_52/24-25_cx_s_su819.htm.csv.
2024-11-27 19:01:42,133 - INFO - Visiting: http://www.drps.ed.ac.uk/24-25/dpt/cxredu11024.htm
2024-11-27 19:01:42,161 - INFO - 1 instances updated to ./data_container/24_11_27_18_59_52/24-25_cx_s_su819.htm.csv.
2024-11-27 19:01:42,185 - INFO - Visiting: http://www.drps.ed.ac.uk/24-25/dpt/cxredu11075.htm
2024-11-27 19:01:42,211 - INFO - 1 instances updated to ./data_container/24_11_27_18_59_52/24-25_cx_s_su819.htm.csv.
2024-11-27 19:01:42,237 - INFO - Visiting: http://www.drps.ed.ac.uk/24-25/dpt/cxredu11026.htm
2024-11-27 19:01:42,262 - INFO - 1 instances updated to ./data_container/24_11_27_18_59_52/24-25_cx_s_su819.htm.csv.
2024-11-27 19:01:42,287 - INFO - Visiting: http://www.drps.ed.ac.uk/24-25/dpt/cxredu11056.htm
2024-11-27 19:01:42,311 - INFO - 1 instances updated to ./data_container/24_11_27_18_59_52/24-25_cx_s_su819.htm.csv.
2024-11-27 19:01:42,347 - INFO - Visiting: http://www.drps.ed.ac.uk/24-25/dpt/cxredu11059.htm
2024-11-27 19:01:42,372 - INFO - 1 instances updated to ./data_container/24_11_27_18_59_52/24-25_cx_s_su819.htm.csv.
2024-11-27 19:01:42,398 - INFO - Visiting: http://www.drps.ed.ac.uk/24-25/dpt/cxredu11093.htm
2024-11-27 19:01:42,423 - INFO - 1 instances updated to ./data_container/24_11_27_18_59_52/24-25_cx_s_su819.htm.csv.
2024-11-27 19:01:42,448 - INFO - Visiting: http://www.drps.ed.ac.uk/24-25/dpt/cxredu11048.htm
2024-11-27 19:01:42,471 - INFO - 1 instances updated to ./data_container/24_11_27_18_59_52/24-25_cx_s_su819.htm.csv.
2024-11-27 19:01:42,497 - INFO - Visiting: http://www.drps.ed.ac.uk/24-25/dpt/cxredu11078.htm
2024-11-27 19:01:42,522 - INFO - 1 instances updated to ./data_container/24_11_27_18_59_52/24-25_cx_s_su819.htm.csv.
2024-11-27 19:01:42,547 - INFO - Visiting: http://www.drps.ed.ac.uk/24-25/dpt/cxredu11028.htm
2024-11-27 19:01:42,572 - INFO - 1 instances updated to ./data_container/24_11_27_18_59_52/24-25_cx_s_su819.htm.csv.
2024-11-27 19:01:42,597 - INFO - Visiting: http://www.drps.ed.ac.uk/24-25/dpt/cxredu11029.htm
2024-11-27 19:01:42,623 - INFO - 1 instances updated to ./data_container/24_11_27_18_59_52/24-25_cx_s_su819.htm.csv.
2024-11-27 19:01:42,649 - INFO - Visiting: http://www.drps.ed.ac.uk/24-25/dpt/cxredu11063.htm
2024-11-27 19:01:42,672 - INFO - 1 instances updated to ./data_container/24_11_27_18_59_52/24-25_cx_s_su819.htm.csv.
2024-11-27 19:01:42,697 - INFO - Visiting: http://www.drps.ed.ac.uk/24-25/dpt/cxredu11011.htm
2024-11-27 19:01:42,722 - INFO - 1 instances updated to ./data_container/24_11_27_18_59_52/24-25_cx_s_su819.htm.csv.
2024-11-27 19:01:42,750 - INFO - Visiting: http://www.drps.ed.ac.uk/24-25/dpt/cxredu11002.htm
2024-11-27 19:01:42,843 - INFO - 1 instances updated to ./data_container/24_11_27_18_59_52/24-25_cx_s_su819.htm.csv.
2024-11-27 19:01:42,870 - INFO - Visiting: http://www.drps.ed.ac.uk/24-25/dpt/cxredu11046.htm
2024-11-27 19:01:42,896 - INFO - 1 instances updated to ./data_container/24_11_27_18_59_52/24-25_cx_s_su819.htm.csv.
2024-11-27 19:01:42,921 - INFO - Visiting: http://www.drps.ed.ac.uk/24-25/dpt/cxredu11010.htm
2024-11-27 19:01:42,946 - INFO - 1 instances updated to ./data_container/24_11_27_18_59_52/24-25_cx_s_su819.htm.csv.
2024-11-27 19:01:42,977 - INFO - Visiting: http://www.drps.ed.ac.uk/24-25/dpt/cxredu12004.htm
2024-11-27 19:01:42,997 - INFO - 1 instances updated to ./data_container/24_11_27_18_59_52/24-25_cx_s_su819.htm.csv.
2024-11-27 19:01:43,022 - INFO - Visiting: http://www.drps.ed.ac.uk/24-25/dpt/cxredu12006.htm
2024-11-27 19:01:43,047 - INFO - 1 instances updated to ./data_container/24_11_27_18_59_52/24-25_cx_s_su819.htm.csv.
2024-11-27 19:01:43,072 - INFO - Visiting: http://www.drps.ed.ac.uk/24-25/dpt/cxredu12001.htm
2024-11-27 19:01:43,095 - INFO - 1 instances updated to ./data_container/24_11_27_18_59_52/24-25_cx_s_su819.htm.csv.
2024-11-27 19:01:43,119 - INFO - Visiting: http://www.drps.ed.ac.uk/24-25/dpt/cxredu12005.htm
2024-11-27 19:01:43,137 - INFO - 1 instances updated to ./data_container/24_11_27_18_59_52/24-25_cx_s_su819.htm.csv.
2024-11-27 19:01:43,162 - INFO - Visiting: http://www.drps.ed.ac.uk/24-25/dpt/cxredu12002.htm
2024-11-27 19:01:43,185 - INFO - 1 instances updated to ./data_container/24_11_27_18_59_52/24-25_cx_s_su819.htm.csv.
2024-11-27 19:01:43,186 - INFO - Mining for keywords Accessibility,Inclusive design,Disability rights,Adaptive tools is success.
2024-11-27 19:01:43,218 - INFO - Visiting: http://www.drps.ed.ac.uk/24-25/dpt/cx_sb_sprt.htm
2024-11-27 19:01:43,276 - INFO - Visiting: http://www.drps.ed.ac.uk/24-25/dpt/cxsprt08026.htm
2024-11-27 19:01:43,298 - INFO - 1 instances updated to ./data_container/24_11_27_18_59_52/24-25_cx_s_su819.htm.csv.
2024-11-27 19:01:43,327 - INFO - Visiting: http://www.drps.ed.ac.uk/24-25/dpt/cxsprt08032.htm
2024-11-27 19:01:43,350 - INFO - 1 instances updated to ./data_container/24_11_27_18_59_52/24-25_cx_s_su819.htm.csv.
2024-11-27 19:01:43,378 - INFO - Visiting: http://www.drps.ed.ac.uk/24-25/dpt/cxsprt08018.htm
2024-11-27 19:01:43,400 - INFO - 1 instances updated to ./data_container/24_11_27_18_59_52/24-25_cx_s_su819.htm.csv.
2024-11-27 19:01:43,425 - INFO - Visiting: http://www.drps.ed.ac.uk/24-25/dpt/cxsprt08030.htm
2024-11-27 19:01:43,447 - INFO - 1 instances updated to ./data_container/24_11_27_18_59_52/24-25_cx_s_su819.htm.csv.
2024-11-27 19:01:43,472 - INFO - Visiting: http://www.drps.ed.ac.uk/24-25/dpt/cxsprt08031.htm
2024-11-27 19:01:43,494 - INFO - 1 instances updated to ./data_container/24_11_27_18_59_52/24-25_cx_s_su819.htm.csv.
2024-11-27 19:01:43,520 - INFO - Visiting: http://www.drps.ed.ac.uk/24-25/dpt/cxsprt08029.htm
2024-11-27 19:01:43,542 - INFO - 1 instances updated to ./data_container/24_11_27_18_59_52/24-25_cx_s_su819.htm.csv.
2024-11-27 19:01:43,567 - INFO - Visiting: http://www.drps.ed.ac.uk/24-25/dpt/cxsprt08033.htm
2024-11-27 19:01:43,590 - INFO - 1 instances updated to ./data_container/24_11_27_18_59_52/24-25_cx_s_su819.htm.csv.
2024-11-27 19:01:43,615 - INFO - Visiting: http://www.drps.ed.ac.uk/24-25/dpt/cxsprt08021.htm
2024-11-27 19:01:43,640 - INFO - 1 instances updated to ./data_container/24_11_27_18_59_52/24-25_cx_s_su819.htm.csv.
2024-11-27 19:01:43,665 - INFO - Visiting: http://www.drps.ed.ac.uk/24-25/dpt/cxsprt08022.htm
2024-11-27 19:01:43,689 - INFO - 1 instances updated to ./data_container/24_11_27_18_59_52/24-25_cx_s_su819.htm.csv.
2024-11-27 19:01:43,716 - INFO - Visiting: http://www.drps.ed.ac.uk/24-25/dpt/cxsprt08019.htm
2024-11-27 19:01:43,743 - INFO - 1 instances updated to ./data_container/24_11_27_18_59_52/24-25_cx_s_su819.htm.csv.
2024-11-27 19:01:43,769 - INFO - Visiting: http://www.drps.ed.ac.uk/24-25/dpt/cxsprt08024.htm
2024-11-27 19:01:43,794 - INFO - 1 instances updated to ./data_container/24_11_27_18_59_52/24-25_cx_s_su819.htm.csv.
2024-11-27 19:01:43,823 - INFO - Visiting: http://www.drps.ed.ac.uk/24-25/dpt/cxsprt08020.htm
2024-11-27 19:01:43,847 - INFO - 1 instances updated to ./data_container/24_11_27_18_59_52/24-25_cx_s_su819.htm.csv.
2024-11-27 19:01:43,871 - INFO - Visiting: http://www.drps.ed.ac.uk/24-25/dpt/cxsprt08023.htm
2024-11-27 19:01:43,893 - INFO - 1 instances updated to ./data_container/24_11_27_18_59_52/24-25_cx_s_su819.htm.csv.
2024-11-27 19:01:43,918 - INFO - Visiting: http://www.drps.ed.ac.uk/24-25/dpt/cxsprt08001.htm
2024-11-27 19:01:43,942 - INFO - 1 instances updated to ./data_container/24_11_27_18_59_52/24-25_cx_s_su819.htm.csv.
2024-11-27 19:01:43,966 - INFO - Visiting: http://www.drps.ed.ac.uk/24-25/dpt/cxsprt08016.htm
2024-11-27 19:01:43,993 - INFO - 1 instances updated to ./data_container/24_11_27_18_59_52/24-25_cx_s_su819.htm.csv.
2024-11-27 19:01:44,017 - INFO - Visiting: http://www.drps.ed.ac.uk/24-25/dpt/cxsprt08014.htm
2024-11-27 19:01:44,112 - INFO - 1 instances updated to ./data_container/24_11_27_18_59_52/24-25_cx_s_su819.htm.csv.
2024-11-27 19:01:44,141 - INFO - Visiting: http://www.drps.ed.ac.uk/24-25/dpt/cxsprt08012.htm
2024-11-27 19:01:44,186 - INFO - 1 instances updated to ./data_container/24_11_27_18_59_52/24-25_cx_s_su819.htm.csv.
2024-11-27 19:01:44,213 - INFO - Visiting: http://www.drps.ed.ac.uk/24-25/dpt/cxsprt08028.htm
2024-11-27 19:01:44,237 - INFO - 1 instances updated to ./data_container/24_11_27_18_59_52/24-25_cx_s_su819.htm.csv.
2024-11-27 19:01:44,263 - INFO - Visiting: http://www.drps.ed.ac.uk/24-25/dpt/cxsprt08017.htm
2024-11-27 19:01:44,285 - INFO - 1 instances updated to ./data_container/24_11_27_18_59_52/24-25_cx_s_su819.htm.csv.
2024-11-27 19:01:44,311 - INFO - Visiting: http://www.drps.ed.ac.uk/24-25/dpt/cxsprt08027.htm
2024-11-27 19:01:44,335 - INFO - 1 instances updated to ./data_container/24_11_27_18_59_52/24-25_cx_s_su819.htm.csv.
2024-11-27 19:01:44,359 - INFO - Visiting: http://www.drps.ed.ac.uk/24-25/dpt/cxsprt08025.htm
2024-11-27 19:01:44,383 - INFO - 1 instances updated to ./data_container/24_11_27_18_59_52/24-25_cx_s_su819.htm.csv.
2024-11-27 19:01:44,408 - INFO - Visiting: http://www.drps.ed.ac.uk/24-25/dpt/cxsprt10037.htm
2024-11-27 19:01:44,436 - INFO - 1 instances updated to ./data_container/24_11_27_18_59_52/24-25_cx_s_su819.htm.csv.
2024-11-27 19:01:44,460 - INFO - Visiting: http://www.drps.ed.ac.uk/24-25/dpt/cxsprt10064.htm
2024-11-27 19:01:44,484 - INFO - 1 instances updated to ./data_container/24_11_27_18_59_52/24-25_cx_s_su819.htm.csv.
2024-11-27 19:01:44,514 - INFO - Visiting: http://www.drps.ed.ac.uk/24-25/dpt/cxsprt10059.htm
2024-11-27 19:01:44,539 - INFO - 1 instances updated to ./data_container/24_11_27_18_59_52/24-25_cx_s_su819.htm.csv.
2024-11-27 19:01:44,564 - INFO - Visiting: http://www.drps.ed.ac.uk/24-25/dpt/cxsprt10024.htm
2024-11-27 19:01:44,589 - INFO - 1 instances updated to ./data_container/24_11_27_18_59_52/24-25_cx_s_su819.htm.csv.
2024-11-27 19:01:44,613 - INFO - Visiting: http://www.drps.ed.ac.uk/24-25/dpt/cxsprt10025.htm
2024-11-27 19:01:44,639 - INFO - 1 instances updated to ./data_container/24_11_27_18_59_52/24-25_cx_s_su819.htm.csv.
2024-11-27 19:01:44,664 - INFO - Visiting: http://www.drps.ed.ac.uk/24-25/dpt/cxsprt10048.htm
2024-11-27 19:01:44,688 - INFO - 1 instances updated to ./data_container/24_11_27_18_59_52/24-25_cx_s_su819.htm.csv.
2024-11-27 19:01:44,713 - INFO - Visiting: http://www.drps.ed.ac.uk/24-25/dpt/cxsprt10029.htm
2024-11-27 19:01:44,741 - INFO - 1 instances updated to ./data_container/24_11_27_18_59_52/24-25_cx_s_su819.htm.csv.
2024-11-27 19:01:44,766 - INFO - Visiting: http://www.drps.ed.ac.uk/24-25/dpt/cxsprt10054.htm
2024-11-27 19:01:44,794 - INFO - 1 instances updated to ./data_container/24_11_27_18_59_52/24-25_cx_s_su819.htm.csv.
2024-11-27 19:01:44,819 - INFO - Visiting: http://www.drps.ed.ac.uk/24-25/dpt/cxsprt10053.htm
2024-11-27 19:01:44,847 - INFO - 1 instances updated to ./data_container/24_11_27_18_59_52/24-25_cx_s_su819.htm.csv.
2024-11-27 19:01:44,873 - INFO - Visiting: http://www.drps.ed.ac.uk/24-25/dpt/cxsprt10003.htm
2024-11-27 19:01:44,900 - INFO - 1 instances updated to ./data_container/24_11_27_18_59_52/24-25_cx_s_su819.htm.csv.
2024-11-27 19:01:44,942 - INFO - Visiting: http://www.drps.ed.ac.uk/24-25/dpt/cxsprt10004.htm
2024-11-27 19:01:44,970 - INFO - 1 instances updated to ./data_container/24_11_27_18_59_52/24-25_cx_s_su819.htm.csv.
2024-11-27 19:01:44,994 - INFO - Visiting: http://www.drps.ed.ac.uk/24-25/dpt/cxsprt10046.htm
2024-11-27 19:01:45,079 - INFO - 1 instances updated to ./data_container/24_11_27_18_59_52/24-25_cx_s_su819.htm.csv.
2024-11-27 19:01:45,104 - INFO - Visiting: http://www.drps.ed.ac.uk/24-25/dpt/cxsprt10020.htm
2024-11-27 19:01:45,132 - INFO - 1 instances updated to ./data_container/24_11_27_18_59_52/24-25_cx_s_su819.htm.csv.
2024-11-27 19:01:45,166 - INFO - Visiting: http://www.drps.ed.ac.uk/24-25/dpt/cxsprt10056.htm
2024-11-27 19:01:45,192 - INFO - 1 instances updated to ./data_container/24_11_27_18_59_52/24-25_cx_s_su819.htm.csv.
2024-11-27 19:01:45,217 - INFO - Visiting: http://www.drps.ed.ac.uk/24-25/dpt/cxsprt10062.htm
2024-11-27 19:01:45,284 - INFO - 1 instances updated to ./data_container/24_11_27_18_59_52/24-25_cx_s_su819.htm.csv.
2024-11-27 19:01:45,309 - INFO - Visiting: http://www.drps.ed.ac.uk/24-25/dpt/cxsprt10065.htm
2024-11-27 19:01:45,334 - INFO - 1 instances updated to ./data_container/24_11_27_18_59_52/24-25_cx_s_su819.htm.csv.
2024-11-27 19:01:45,358 - INFO - Visiting: http://www.drps.ed.ac.uk/24-25/dpt/cxsprt10033.htm
2024-11-27 19:01:45,385 - INFO - 1 instances updated to ./data_container/24_11_27_18_59_52/24-25_cx_s_su819.htm.csv.
2024-11-27 19:01:45,412 - INFO - Visiting: http://www.drps.ed.ac.uk/24-25/dpt/cxsprt10032.htm
2024-11-27 19:01:45,439 - INFO - 1 instances updated to ./data_container/24_11_27_18_59_52/24-25_cx_s_su819.htm.csv.
2024-11-27 19:01:45,463 - INFO - Visiting: http://www.drps.ed.ac.uk/24-25/dpt/cxsprt10052.htm
2024-11-27 19:01:45,492 - INFO - 1 instances updated to ./data_container/24_11_27_18_59_52/24-25_cx_s_su819.htm.csv.
2024-11-27 19:01:45,518 - INFO - Visiting: http://www.drps.ed.ac.uk/24-25/dpt/cxsprt10050.htm
2024-11-27 19:01:45,548 - INFO - 1 instances updated to ./data_container/24_11_27_18_59_52/24-25_cx_s_su819.htm.csv.
2024-11-27 19:01:45,573 - INFO - Visiting: http://www.drps.ed.ac.uk/24-25/dpt/cxsprt10049.htm
2024-11-27 19:01:45,602 - INFO - 1 instances updated to ./data_container/24_11_27_18_59_52/24-25_cx_s_su819.htm.csv.
2024-11-27 19:01:45,644 - INFO - Visiting: http://www.drps.ed.ac.uk/24-25/dpt/cxsprt10051.htm
2024-11-27 19:01:45,672 - INFO - 1 instances updated to ./data_container/24_11_27_18_59_52/24-25_cx_s_su819.htm.csv.
2024-11-27 19:01:45,697 - INFO - Visiting: http://www.drps.ed.ac.uk/24-25/dpt/cxsprt10047.htm
2024-11-27 19:01:45,725 - INFO - 1 instances updated to ./data_container/24_11_27_18_59_52/24-25_cx_s_su819.htm.csv.
2024-11-27 19:01:45,755 - INFO - Visiting: http://www.drps.ed.ac.uk/24-25/dpt/cxsprt10027.htm
2024-11-27 19:01:45,784 - INFO - 1 instances updated to ./data_container/24_11_27_18_59_52/24-25_cx_s_su819.htm.csv.
2024-11-27 19:01:45,808 - INFO - Visiting: http://www.drps.ed.ac.uk/24-25/dpt/cxsprt10005.htm
2024-11-27 19:01:45,835 - INFO - 1 instances updated to ./data_container/24_11_27_18_59_52/24-25_cx_s_su819.htm.csv.
2024-11-27 19:01:45,860 - INFO - Visiting: http://www.drps.ed.ac.uk/24-25/dpt/cxsprt10006.htm
2024-11-27 19:01:45,887 - INFO - 1 instances updated to ./data_container/24_11_27_18_59_52/24-25_cx_s_su819.htm.csv.
2024-11-27 19:01:45,911 - INFO - Visiting: http://www.drps.ed.ac.uk/24-25/dpt/cxsprt10038.htm
2024-11-27 19:01:45,941 - INFO - 1 instances updated to ./data_container/24_11_27_18_59_52/24-25_cx_s_su819.htm.csv.
2024-11-27 19:01:45,966 - INFO - Visiting: http://www.drps.ed.ac.uk/24-25/dpt/cxsprt10060.htm
2024-11-27 19:01:45,992 - INFO - 1 instances updated to ./data_container/24_11_27_18_59_52/24-25_cx_s_su819.htm.csv.
2024-11-27 19:01:46,017 - INFO - Visiting: http://www.drps.ed.ac.uk/24-25/dpt/cxsprt10057.htm
2024-11-27 19:01:46,044 - INFO - 1 instances updated to ./data_container/24_11_27_18_59_52/24-25_cx_s_su819.htm.csv.
2024-11-27 19:01:46,074 - INFO - Visiting: http://www.drps.ed.ac.uk/24-25/dpt/cxsprt10058.htm
2024-11-27 19:01:46,104 - INFO - 1 instances updated to ./data_container/24_11_27_18_59_52/24-25_cx_s_su819.htm.csv.
2024-11-27 19:01:46,141 - INFO - Visiting: http://www.drps.ed.ac.uk/24-25/dpt/cxsprt10061.htm
2024-11-27 19:01:46,167 - INFO - 1 instances updated to ./data_container/24_11_27_18_59_52/24-25_cx_s_su819.htm.csv.
2024-11-27 19:01:46,193 - INFO - Visiting: http://www.drps.ed.ac.uk/24-25/dpt/cxsprt10021.htm
2024-11-27 19:01:46,220 - INFO - 1 instances updated to ./data_container/24_11_27_18_59_52/24-25_cx_s_su819.htm.csv.
2024-11-27 19:01:46,253 - INFO - Visiting: http://www.drps.ed.ac.uk/24-25/dpt/cxsprt10067.htm
2024-11-27 19:01:46,280 - INFO - 1 instances updated to ./data_container/24_11_27_18_59_52/24-25_cx_s_su819.htm.csv.
2024-11-27 19:01:46,304 - INFO - Visiting: http://www.drps.ed.ac.uk/24-25/dpt/cxsprt10055.htm
2024-11-27 19:01:46,328 - INFO - 1 instances updated to ./data_container/24_11_27_18_59_52/24-25_cx_s_su819.htm.csv.
2024-11-27 19:01:46,353 - INFO - Visiting: http://www.drps.ed.ac.uk/24-25/dpt/cxsprt10030.htm
2024-11-27 19:01:46,384 - INFO - 1 instances updated to ./data_container/24_11_27_18_59_52/24-25_cx_s_su819.htm.csv.
2024-11-27 19:01:46,408 - INFO - Visiting: http://www.drps.ed.ac.uk/24-25/dpt/cxsprt10012.htm
2024-11-27 19:01:46,433 - INFO - 1 instances updated to ./data_container/24_11_27_18_59_52/24-25_cx_s_su819.htm.csv.
2024-11-27 19:01:46,457 - INFO - Visiting: http://www.drps.ed.ac.uk/24-25/dpt/cxsprt10034.htm
2024-11-27 19:01:46,486 - INFO - 1 instances updated to ./data_container/24_11_27_18_59_52/24-25_cx_s_su819.htm.csv.
2024-11-27 19:01:46,496 - INFO - Visiting: http://www.drps.ed.ac.uk/24-25/dpt/cxsprt10034.htm
2024-11-27 19:01:46,523 - INFO - 1 instances updated to ./data_container/24_11_27_18_59_52/24-25_cx_s_su819.htm.csv.
2024-11-27 19:01:46,534 - INFO - Visiting: http://www.drps.ed.ac.uk/24-25/dpt/cxsprt10034.htm
2024-11-27 19:01:46,562 - INFO - 1 instances updated to ./data_container/24_11_27_18_59_52/24-25_cx_s_su819.htm.csv.
2024-11-27 19:01:46,589 - INFO - Visiting: http://www.drps.ed.ac.uk/24-25/dpt/cxsprt10031.htm
2024-11-27 19:01:46,620 - INFO - 1 instances updated to ./data_container/24_11_27_18_59_52/24-25_cx_s_su819.htm.csv.
2024-11-27 19:01:46,645 - INFO - Visiting: http://www.drps.ed.ac.uk/24-25/dpt/cxsprt10063.htm
2024-11-27 19:01:46,675 - INFO - 1 instances updated to ./data_container/24_11_27_18_59_52/24-25_cx_s_su819.htm.csv.
2024-11-27 19:01:46,701 - INFO - Visiting: http://www.drps.ed.ac.uk/24-25/dpt/cxsprt10035.htm
2024-11-27 19:01:46,730 - INFO - 1 instances updated to ./data_container/24_11_27_18_59_52/24-25_cx_s_su819.htm.csv.
2024-11-27 19:01:46,756 - INFO - Visiting: http://www.drps.ed.ac.uk/24-25/dpt/cxsprt10066.htm
2024-11-27 19:01:46,787 - INFO - 1 instances updated to ./data_container/24_11_27_18_59_52/24-25_cx_s_su819.htm.csv.
2024-11-27 19:01:46,815 - INFO - Visiting: http://www.drps.ed.ac.uk/24-25/dpt/cxsprt11014.htm
2024-11-27 19:01:46,845 - INFO - 1 instances updated to ./data_container/24_11_27_18_59_52/24-25_cx_s_su819.htm.csv.
2024-11-27 19:01:46,869 - INFO - Visiting: http://www.drps.ed.ac.uk/24-25/dpt/cxsprt11017.htm
2024-11-27 19:01:46,898 - INFO - 1 instances updated to ./data_container/24_11_27_18_59_52/24-25_cx_s_su819.htm.csv.
2024-11-27 19:01:46,922 - INFO - Visiting: http://www.drps.ed.ac.uk/24-25/dpt/cxsprt11015.htm
2024-11-27 19:01:46,952 - INFO - 1 instances updated to ./data_container/24_11_27_18_59_52/24-25_cx_s_su819.htm.csv.
2024-11-27 19:01:46,982 - INFO - Visiting: http://www.drps.ed.ac.uk/24-25/dpt/cxsprt11006.htm
2024-11-27 19:01:47,014 - INFO - 1 instances updated to ./data_container/24_11_27_18_59_52/24-25_cx_s_su819.htm.csv.
2024-11-27 19:01:47,038 - INFO - Visiting: http://www.drps.ed.ac.uk/24-25/dpt/cxsprt11011.htm
2024-11-27 19:01:47,071 - INFO - 1 instances updated to ./data_container/24_11_27_18_59_52/24-25_cx_s_su819.htm.csv.
2024-11-27 19:01:47,097 - INFO - Visiting: http://www.drps.ed.ac.uk/24-25/dpt/cxsprt11012.htm
2024-11-27 19:01:47,127 - INFO - 1 instances updated to ./data_container/24_11_27_18_59_52/24-25_cx_s_su819.htm.csv.
2024-11-27 19:01:47,152 - INFO - Visiting: http://www.drps.ed.ac.uk/24-25/dpt/cxsprt11016.htm
2024-11-27 19:01:47,181 - INFO - 1 instances updated to ./data_container/24_11_27_18_59_52/24-25_cx_s_su819.htm.csv.
2024-11-27 19:01:47,206 - INFO - Visiting: http://www.drps.ed.ac.uk/24-25/dpt/cxsprt11013.htm
2024-11-27 19:01:47,236 - INFO - 1 instances updated to ./data_container/24_11_27_18_59_52/24-25_cx_s_su819.htm.csv.
2024-11-27 19:01:47,237 - INFO - Mining for keywords Accessibility,Inclusive design,Disability rights,Adaptive tools is success.
9:01:30,304 - INFO - 1 instances updated to ./data_container/24_11_27_18_59_52/24-25_cx_s_su819.htm.csv.
2024-11-27 19:01:30,329 - INFO - Visiting: http://www.drps.ed.ac.uk/24-25/dpt/cxedua11317.htm
2024-11-27 19:01:30,370 - INFO - 1 instances updated to ./data_container/24_11_27_18_59_52/24-25_cx_s_su819.htm.csv.
2024-11-27 19:01:30,395 - INFO - Visiting: http://www.drps.ed.ac.uk/24-25/dpt/cxedua11414.htm
2024-11-27 19:01:30,436 - INFO - 1 instances updated to ./data_container/24_11_27_18_59_52/24-25_cx_s_su819.htm.csv.
2024-11-27 19:01:30,473 - INFO - Visiting: http://www.drps.ed.ac.uk/24-25/dpt/cxedua11255.htm
2024-11-27 19:01:30,514 - INFO - 1 instances updated to ./data_container/24_11_27_18_59_52/24-25_cx_s_su819.htm.csv.
2024-11-27 19:01:30,542 - INFO - Visiting: http://www.drps.ed.ac.uk/24-25/dpt/cxedua11303.htm
2024-11-27 19:01:30,580 - INFO - 1 instances updated to ./data_container/24_11_27_18_59_52/24-25_cx_s_su819.htm.csv.
2024-11-27 19:01:30,611 - INFO - Visiting: http://www.drps.ed.ac.uk/24-25/dpt/cxedua11353.htm
2024-11-27 19:01:30,651 - INFO - 1 instances updated to ./data_container/24_11_27_18_59_52/24-25_cx_s_su819.htm.csv.
2024-11-27 19:01:30,676 - INFO - Visiting: http://www.drps.ed.ac.uk/24-25/dpt/cxedua11446.htm
2024-11-27 19:01:30,717 - INFO - 1 instances updated to ./data_container/24_11_27_18_59_52/24-25_cx_s_su819.htm.csv.
2024-11-27 19:01:30,743 - INFO - Visiting: http://www.drps.ed.ac.uk/24-25/dpt/cxedua11388.htm
2024-11-27 19:01:30,783 - INFO - 1 instances updated to ./data_container/24_11_27_18_59_52/24-25_cx_s_su819.htm.csv.
2024-11-27 19:01:30,813 - INFO - Visiting: http://www.drps.ed.ac.uk/24-25/dpt/cxedua11314.htm
2024-11-27 19:01:30,851 - INFO - 1 instances updated to ./data_container/24_11_27_18_59_52/24-25_cx_s_su819.htm.csv.
2024-11-27 19:01:30,880 - INFO - Visiting: http://www.drps.ed.ac.uk/24-25/dpt/cxedua11404.htm
2024-11-27 19:01:30,920 - INFO - 1 instances updated to ./data_container/24_11_27_18_59_52/24-25_cx_s_su819.htm.csv.
2024-11-27 19:01:30,954 - INFO - Visiting: http://www.drps.ed.ac.uk/24-25/dpt/cxedua11259.htm
2024-11-27 19:01:30,994 - INFO - 1 instances updated to ./data_container/24_11_27_18_59_52/24-25_cx_s_su819.htm.csv.
2024-11-27 19:01:31,021 - INFO - Visiting: http://www.drps.ed.ac.uk/24-25/dpt/cxedua11408.htm
2024-11-27 19:01:31,063 - INFO - 1 instances updated to ./data_container/24_11_27_18_59_52/24-25_cx_s_su819.htm.csv.
2024-11-27 19:01:31,088 - INFO - Visiting: http://www.drps.ed.ac.uk/24-25/dpt/cxedua11305.htm
2024-11-27 19:01:31,130 - INFO - 1 instances updated to ./data_container/24_11_27_18_59_52/24-25_cx_s_su819.htm.csv.
2024-11-27 19:01:31,155 - INFO - Visiting: http://www.drps.ed.ac.uk/24-25/dpt/cxedua11434.htm
2024-11-27 19:01:31,196 - INFO - 1 instances updated to ./data_container/24_11_27_18_59_52/24-25_cx_s_su819.htm.csv.
2024-11-27 19:01:31,228 - INFO - Visiting: http://www.drps.ed.ac.uk/24-25/dpt/cxedua11418.htm
2024-11-27 19:01:31,267 - INFO - 1 instances updated to ./data_container/24_11_27_18_59_52/24-25_cx_s_su819.htm.csv.
2024-11-27 19:01:31,299 - INFO - Visiting: http://www.drps.ed.ac.uk/24-25/dpt/cxedua11169.htm
2024-11-27 19:01:31,338 - INFO - 1 instances updated to ./data_container/24_11_27_18_59_52/24-25_cx_s_su819.htm.csv.
2024-11-27 19:01:31,364 - INFO - Visiting: http://www.drps.ed.ac.uk/24-25/dpt/cxedua11244.htm
2024-11-27 19:01:31,397 - INFO - 1 instances updated to ./data_container/24_11_27_18_59_52/24-25_cx_s_su819.htm.csv.
2024-11-27 19:01:31,426 - INFO - Visiting: http://www.drps.ed.ac.uk/24-25/dpt/cxedua11399.htm
2024-11-27 19:01:31,468 - INFO - 1 instances updated to ./data_container/24_11_27_18_59_52/24-25_cx_s_su819.htm.csv.
2024-11-27 19:01:31,494 - INFO - Visiting: http://www.drps.ed.ac.uk/24-25/dpt/cxedua11342.htm
2024-11-27 19:01:31,543 - INFO - 1 instances updated to ./data_container/24_11_27_18_59_52/24-25_cx_s_su819.htm.csv.
2024-11-27 19:01:31,569 - INFO - Visiting: http://www.drps.ed.ac.uk/24-25/dpt/cxedua11410.htm
2024-11-27 19:01:31,611 - INFO - 1 instances updated to ./data_container/24_11_27_18_59_52/24-25_cx_s_su819.htm.csv.
2024-11-27 19:01:31,636 - INFO - Visiting: http://www.drps.ed.ac.uk/24-25/dpt/cxedua11152.htm
2024-11-27 19:01:31,676 - INFO - 1 instances updated to ./data_container/24_11_27_18_59_52/24-25_cx_s_su819.htm.csv.
2024-11-27 19:01:31,701 - INFO - Visiting: http://www.drps.ed.ac.uk/24-25/dpt/cxedua11428.htm
2024-11-27 19:01:31,744 - INFO - 1 instances updated to ./data_container/24_11_27_18_59_52/24-25_cx_s_su819.htm.csv.
2024-11-27 19:01:31,774 - INFO - Visiting: http://www.drps.ed.ac.uk/24-25/dpt/cxedua11445.htm
2024-11-27 19:01:31,815 - INFO - 1 instances updated to ./data_container/24_11_27_18_59_52/24-25_cx_s_su819.htm.csv.
2024-11-27 19:01:31,840 - INFO - Visiting: http://www.drps.ed.ac.uk/24-25/dpt/cxedua11011.htm
2024-11-27 19:01:31,880 - INFO - 1 instances updated to ./data_container/24_11_27_18_59_52/24-25_cx_s_su819.htm.csv.
2024-11-27 19:01:31,905 - INFO - Visiting: http://www.drps.ed.ac.uk/24-25/dpt/cxedua11119.htm
2024-11-27 19:01:31,947 - INFO - 1 instances updated to ./data_container/24_11_27_18_59_52/24-25_cx_s_su819.htm.csv.
2024-11-27 19:01:31,984 - INFO - Visiting: http://www.drps.ed.ac.uk/24-25/dpt/cxedua11437.htm
2024-11-27 19:01:32,029 - INFO - 1 instances updated to ./data_container/24_11_27_18_59_52/24-25_cx_s_su819.htm.csv.
2024-11-27 19:01:32,054 - INFO - Visiting: http://www.drps.ed.ac.uk/24-25/dpt/cxedua11436.htm
2024-11-27 19:01:32,096 - INFO - 1 instances updated to ./data_container/24_11_27_18_59_52/24-25_cx_s_su819.htm.csv.
2024-11-27 19:01:32,131 - INFO - Visiting: http://www.drps.ed.ac.uk/24-25/dpt/cxedua11316.htm
2024-11-27 19:01:32,172 - INFO - 1 instances updated to ./data_container/24_11_27_18_59_52/24-25_cx_s_su819.htm.csv.
2024-11-27 19:01:32,202 - INFO - Visiting: http://www.drps.ed.ac.uk/24-25/dpt/cxedua11282.htm
2024-11-27 19:01:32,244 - INFO - 1 instances updated to ./data_container/24_11_27_18_59_52/24-25_cx_s_su819.htm.csv.
2024-11-27 19:01:32,270 - INFO - Visiting: http://www.drps.ed.ac.uk/24-25/dpt/cxedua11407.htm
2024-11-27 19:01:32,314 - INFO - 1 instances updated to ./data_container/24_11_27_18_59_52/24-25_cx_s_su819.htm.csv.
2024-11-27 19:01:32,339 - INFO - Visiting: http://www.drps.ed.ac.uk/24-25/dpt/cxedua11247.htm
2024-11-27 19:01:32,385 - INFO - 1 instances updated to ./data_container/24_11_27_18_59_52/24-25_cx_s_su819.htm.csv.
2024-11-27 19:01:32,411 - INFO - Visiting: http://www.drps.ed.ac.uk/24-25/dpt/cxedua11283.htm
2024-11-27 19:01:32,457 - INFO - 1 instances updated to ./data_container/24_11_27_18_59_52/24-25_cx_s_su819.htm.csv.
2024-11-27 19:01:32,506 - INFO - Visiting: http://www.drps.ed.ac.uk/24-25/dpt/cxedua11415.htm
2024-11-27 19:01:32,550 - INFO - 1 instances updated to ./data_container/24_11_27_18_59_52/24-25_cx_s_su819.htm.csv.
2024-11-27 19:01:32,574 - INFO - Visiting: http://www.drps.ed.ac.uk/24-25/dpt/cxedua11045.htm
2024-11-27 19:01:32,617 - INFO - 1 instances updated to ./data_container/24_11_27_18_59_52/24-25_cx_s_su819.htm.csv.
2024-11-27 19:01:32,652 - INFO - Visiting: http://www.drps.ed.ac.uk/24-25/dpt/cxedua11240.htm
2024-11-27 19:01:32,695 - INFO - 1 instances updated to ./data_container/24_11_27_18_59_52/24-25_cx_s_su819.htm.csv.
2024-11-27 19:01:32,721 - INFO - Visiting: http://www.drps.ed.ac.uk/24-25/dpt/cxedua11413.htm
2024-11-27 19:01:32,763 - INFO - 1 instances updated to ./data_container/24_11_27_18_59_52/24-25_cx_s_su819.htm.csv.
2024-11-27 19:01:32,789 - INFO - Visiting: http://www.drps.ed.ac.uk/24-25/dpt/cxedua11248.htm
2024-11-27 19:01:32,835 - INFO - 1 instances updated to ./data_container/24_11_27_18_59_52/24-25_cx_s_su819.htm.csv.
2024-11-27 19:01:32,861 - INFO - Visiting: http://www.drps.ed.ac.uk/24-25/dpt/cxedua11201.htm
2024-11-27 19:01:32,901 - INFO - 1 instances updated to ./data_container/24_11_27_18_59_52/24-25_cx_s_su819.htm.csv.
2024-11-27 19:01:32,927 - INFO - Visiting: http://www.drps.ed.ac.uk/24-25/dpt/cxedua11419.htm
2024-11-27 19:01:32,971 - INFO - 1 instances updated to ./data_container/24_11_27_18_59_52/24-25_cx_s_su819.htm.csv.
2024-11-27 19:01:32,996 - INFO - Visiting: http://www.drps.ed.ac.uk/24-25/dpt/cxedua11392.htm
2024-11-27 19:01:33,041 - INFO - 1 instances updated to ./data_container/24_11_27_18_59_52/24-25_cx_s_su819.htm.csv.
2024-11-27 19:01:33,066 - INFO - Visiting: http://www.drps.ed.ac.uk/24-25/dpt/cxedua11346.htm
2024-11-27 19:01:33,164 - INFO - 1 instances updated to ./data_container/24_11_27_18_59_52/24-25_cx_s_su819.htm.csv.
2024-11-27 19:01:33,189 - INFO - Visiting: http://www.drps.ed.ac.uk/24-25/dpt/cxedua11125.htm
2024-11-27 19:01:33,231 - INFO - 1 instances updated to ./data_container/24_11_27_18_59_52/24-25_cx_s_su819.htm.csv.
2024-11-27 19:01:33,257 - INFO - Visiting: http://www.drps.ed.ac.uk/24-25/dpt/cxedua11344.htm
2024-11-27 19:01:33,302 - INFO - 1 instances updated to ./data_container/24_11_27_18_59_52/24-25_cx_s_su819.htm.csv.
2024-11-27 19:01:33,327 - INFO - Visiting: http://www.drps.ed.ac.uk/24-25/dpt/cxedua11252.htm
2024-11-27 19:01:33,369 - INFO - 1 instances updated to ./data_container/24_11_27_18_59_52/24-25_cx_s_su819.htm.csv.
2024-11-27 19:01:33,396 - INFO - Visiting: http://www.drps.ed.ac.uk/24-25/dpt/cxedua11443.htm
2024-11-27 19:01:33,468 - INFO - 1 instances updated to ./data_container/24_11_27_18_59_52/24-25_cx_s_su819.htm.csv.
2024-11-27 19:01:33,494 - INFO - Visiting: http://www.drps.ed.ac.uk/24-25/dpt/cxedua11327.htm
2024-11-27 19:01:33,538 - INFO - 1 instances updated to ./data_container/24_11_27_18_59_52/24-25_cx_s_su819.htm.csv.
2024-11-27 19:01:33,572 - INFO - Visiting: http://www.drps.ed.ac.uk/24-25/dpt/cxedua11094.htm
2024-11-27 19:01:33,614 - INFO - 1 instances updated to ./data_container/24_11_27_18_59_52/24-25_cx_s_su819.htm.csv.
2024-11-27 19:01:33,640 - INFO - Visiting: http://www.drps.ed.ac.uk/24-25/dpt/cxedua11383.htm
2024-11-27 19:01:33,682 - INFO - 1 instances updated to ./data_container/24_11_27_18_59_52/24-25_cx_s_su819.htm.csv.
2024-11-27 19:01:33,708 - INFO - Visiting: http://www.drps.ed.ac.uk/24-25/dpt/cxedua11442.htm
2024-11-27 19:01:33,753 - INFO - 1 instances updated to ./data_container/24_11_27_18_59_52/24-25_cx_s_su819.htm.csv.
2024-11-27 19:01:33,790 - INFO - Visiting: http://www.drps.ed.ac.uk/24-25/dpt/cxedua11460.htm
2024-11-27 19:01:33,834 - INFO - 1 instances updated to ./data_container/24_11_27_18_59_52/24-25_cx_s_su819.htm.csv.
2024-11-27 19:01:33,860 - INFO - Visiting: http://www.drps.ed.ac.uk/24-25/dpt/cxedua11459.htm
2024-11-27 19:01:33,903 - INFO - 1 instances updated to ./data_container/24_11_27_18_59_52/24-25_cx_s_su819.htm.csv.
2024-11-27 19:01:33,929 - INFO - Visiting: http://www.drps.ed.ac.uk/24-25/dpt/cxedua11373.htm
2024-11-27 19:01:33,972 - INFO - 1 instances updated to ./data_container/24_11_27_18_59_52/24-25_cx_s_su819.htm.csv.
2024-11-27 19:01:34,004 - INFO - Visiting: http://www.drps.ed.ac.uk/24-25/dpt/cxedua11212.htm
2024-11-27 19:01:34,050 - INFO - 1 instances updated to ./data_container/24_11_27_18_59_52/24-25_cx_s_su819.htm.csv.
2024-11-27 19:01:34,347 - INFO - Visiting: http://www.drps.ed.ac.uk/24-25/dpt/cxedua11328.htm
2024-11-27 19:01:34,393 - INFO - 1 instances updated to ./data_container/24_11_27_18_59_52/24-25_cx_s_su819.htm.csv.
2024-11-27 19:01:34,418 - INFO - Visiting: http://www.drps.ed.ac.uk/24-25/dpt/cxedua11423.htm
2024-11-27 19:01:34,463 - INFO - 1 instances updated to ./data_container/24_11_27_18_59_52/24-25_cx_s_su819.htm.csv.
2024-11-27 19:01:34,489 - INFO - Visiting: http://www.drps.ed.ac.uk/24-25/dpt/cxedua11117.htm
2024-11-27 19:01:34,537 - INFO - 1 instances updated to ./data_container/24_11_27_18_59_52/24-25_cx_s_su819.htm.csv.
2024-11-27 19:01:34,562 - INFO - Visiting: http://www.drps.ed.ac.uk/24-25/dpt/cxedua11452.htm
2024-11-27 19:01:34,607 - INFO - 1 instances updated to ./data_container/24_11_27_18_59_52/24-25_cx_s_su819.htm.csv.
2024-11-27 19:01:34,636 - INFO - Visiting: http://www.drps.ed.ac.uk/24-25/dpt/cxedua11290.htm
2024-11-27 19:01:34,681 - INFO - 1 instances updated to ./data_container/24_11_27_18_59_52/24-25_cx_s_su819.htm.csv.
2024-11-27 19:01:34,711 - INFO - Visiting: http://www.drps.ed.ac.uk/24-25/dpt/cxedua11289.htm
2024-11-27 19:01:34,753 - INFO - 1 instances updated to ./data_container/24_11_27_18_59_52/24-25_cx_s_su819.htm.csv.
2024-11-27 19:01:34,778 - INFO - Visiting: http://www.drps.ed.ac.uk/24-25/dpt/cxedua11288.htm
2024-11-27 19:01:34,823 - INFO - 1 instances updated to ./data_container/24_11_27_18_59_52/24-25_cx_s_su819.htm.csv.
2024-11-27 19:01:34,849 - INFO - Visiting: http://www.drps.ed.ac.uk/24-25/dpt/cxedua11332.htm
2024-11-27 19:01:34,892 - INFO - 1 instances updated to ./data_container/24_11_27_18_59_52/24-25_cx_s_su819.htm.csv.
2024-11-27 19:01:35,216 - INFO - Visiting: http://www.drps.ed.ac.uk/24-25/dpt/cxedua11041.htm
2024-11-27 19:01:35,262 - INFO - 1 instances updated to ./data_container/24_11_27_18_59_52/24-25_cx_s_su819.htm.csv.
2024-11-27 19:01:35,288 - INFO - Visiting: http://www.drps.ed.ac.uk/24-25/dpt/cxedua11449.htm
2024-11-27 19:01:35,334 - INFO - 1 instances updated to ./data_container/24_11_27_18_59_52/24-25_cx_s_su819.htm.csv.
2024-11-27 19:01:35,360 - INFO - Visiting: http://www.drps.ed.ac.uk/24-25/dpt/cxedua11403.htm
2024-11-27 19:01:35,406 - INFO - 1 instances updated to ./data_container/24_11_27_18_59_52/24-25_cx_s_su819.htm.csv.
2024-11-27 19:01:35,431 - INFO - Visiting: http://www.drps.ed.ac.uk/24-25/dpt/cxedua11116.htm
2024-11-27 19:01:35,479 - INFO - 1 instances updated to ./data_container/24_11_27_18_59_52/24-25_cx_s_su819.htm.csv.
2024-11-27 19:01:35,504 - INFO - Visiting: http://www.drps.ed.ac.uk/24-25/dpt/cxedua11105.htm
2024-11-27 19:01:35,549 - INFO - 1 instances updated to ./data_container/24_11_27_18_59_52/24-25_cx_s_su819.htm.csv.
2024-11-27 19:01:35,573 - INFO - Visiting: http://www.drps.ed.ac.uk/24-25/dpt/cxedua11453.htm
2024-11-27 19:01:35,610 - INFO - 1 instances updated to ./data_container/24_11_27_18_59_52/24-25_cx_s_su819.htm.csv.
2024-11-27 19:01:35,635 - INFO - Visiting: http://www.drps.ed.ac.uk/24-25/dpt/cxedua11421.htm
2024-11-27 19:01:35,682 - INFO - 1 instances updated to ./data_container/24_11_27_18_59_52/24-25_cx_s_su819.htm.csv.
2024-11-27 19:01:35,708 - INFO - Visiting: http://www.drps.ed.ac.uk/24-25/dpt/cxedua11409.htm
2024-11-27 19:01:35,756 - INFO - 1 instances updated to ./data_container/24_11_27_18_59_52/24-25_cx_s_su819.htm.csv.
2024-11-27 19:01:35,782 - INFO - Visiting: http://www.drps.ed.ac.uk/24-25/dpt/cxedua11258.htm
2024-11-27 19:01:35,827 - INFO - 1 instances updated to ./data_container/24_11_27_18_59_52/24-25_cx_s_su819.htm.csv.
2024-11-27 19:01:35,851 - INFO - Visiting: http://www.drps.ed.ac.uk/24-25/dpt/cxedua11040.htm
2024-11-27 19:01:35,897 - INFO - 1 instances updated to ./data_container/24_11_27_18_59_52/24-25_cx_s_su819.htm.csv.
2024-11-27 19:01:35,922 - INFO - Visiting: http://www.drps.ed.ac.uk/24-25/dpt/cxedua11326.htm
2024-11-27 19:01:35,969 - INFO - 1 instances updated to ./data_container/24_11_27_18_59_52/24-25_cx_s_su819.htm.csv.
2024-11-27 19:01:35,999 - INFO - Visiting: http://www.drps.ed.ac.uk/24-25/dpt/cxedua11350.htm
2024-11-27 19:01:36,044 - INFO - 1 instances updated to ./data_container/24_11_27_18_59_52/24-25_cx_s_su819.htm.csv.
2024-11-27 19:01:36,069 - INFO - Visiting: http://www.drps.ed.ac.uk/24-25/dpt/cxedua11287.htm
2024-11-27 19:01:36,115 - INFO - 1 instances updated to ./data_container/24_11_27_18_59_52/24-25_cx_s_su819.htm.csv.
2024-11-27 19:01:36,139 - INFO - Visiting: http://www.drps.ed.ac.uk/24-25/dpt/cxedua11285.htm
2024-11-27 19:01:36,184 - INFO - 1 instances updated to ./data_container/24_11_27_18_59_52/24-25_cx_s_su819.htm.csv.
2024-11-27 19:01:36,212 - INFO - Visiting: http://www.drps.ed.ac.uk/24-25/dpt/cxedua11286.htm
2024-11-27 19:01:36,259 - INFO - 1 instances updated to ./data_container/24_11_27_18_59_52/24-25_cx_s_su819.htm.csv.
2024-11-27 19:01:36,284 - INFO - Visiting: http://www.drps.ed.ac.uk/24-25/dpt/cxedua11210.htm
2024-11-27 19:01:36,333 - INFO - 1 instances updated to ./data_container/24_11_27_18_59_52/24-25_cx_s_su819.htm.csv.
2024-11-27 19:01:36,358 - INFO - Visiting: http://www.drps.ed.ac.uk/24-25/dpt/cxedua11194.htm
2024-11-27 19:01:36,404 - INFO - 1 instances updated to ./data_container/24_11_27_18_59_52/24-25_cx_s_su819.htm.csv.
2024-11-27 19:01:36,430 - INFO - Visiting: http://www.drps.ed.ac.uk/24-25/dpt/cxedua11334.htm
2024-11-27 19:01:36,476 - INFO - 1 instances updated to ./data_container/24_11_27_18_59_52/24-25_cx_s_su819.htm.csv.
2024-11-27 19:01:36,502 - INFO - Visiting: http://www.drps.ed.ac.uk/24-25/dpt/cxedua11461.htm
2024-11-27 19:01:36,549 - INFO - 1 instances updated to ./data_container/24_11_27_18_59_52/24-25_cx_s_su819.htm.csv.
2024-11-27 19:01:36,574 - INFO - Visiting: http://www.drps.ed.ac.uk/24-25/dpt/cxedua11048.htm
2024-11-27 19:01:36,620 - INFO - 1 instances updated to ./data_container/24_11_27_18_59_52/24-25_cx_s_su819.htm.csv.
2024-11-27 19:01:36,644 - INFO - Visiting: http://www.drps.ed.ac.uk/24-25/dpt/cxedua11042.htm
2024-11-27 19:01:36,685 - INFO - 1 instances updated to ./data_container/24_11_27_18_59_52/24-25_cx_s_su819.htm.csv.
2024-11-27 19:01:36,712 - INFO - Visiting: http://www.drps.ed.ac.uk/24-25/dpt/cxedua11439.htm
2024-11-27 19:01:36,758 - INFO - 1 instances updated to ./data_container/24_11_27_18_59_52/24-25_cx_s_su819.htm.csv.
2024-11-27 19:01:36,783 - INFO - Visiting: http://www.drps.ed.ac.uk/24-25/dpt/cxedua11354.htm
2024-11-27 19:01:36,886 - INFO - 1 instances updated to ./data_container/24_11_27_18_59_52/24-25_cx_s_su819.htm.csv.
2024-11-27 19:01:36,912 - INFO - Visiting: http://www.drps.ed.ac.uk/24-25/dpt/cxedua11391.htm
2024-11-27 19:01:36,958 - INFO - 1 instances updated to ./data_container/24_11_27_18_59_52/24-25_cx_s_su819.htm.csv.
2024-11-27 19:01:36,985 - INFO - Visiting: http://www.drps.ed.ac.uk/24-25/dpt/cxedua11284.htm
2024-11-27 19:01:37,036 - INFO - 1 instances updated to ./data_container/24_11_27_18_59_52/24-25_cx_s_su819.htm.csv.
2024-11-27 19:01:37,062 - INFO - Visiting: http://www.drps.ed.ac.uk/24-25/dpt/cxedua11124.htm
2024-11-27 19:01:37,106 - INFO - 1 instances updated to ./data_container/24_11_27_18_59_52/24-25_cx_s_su819.htm.csv.
2024-11-27 19:01:37,131 - INFO - Visiting: http://www.drps.ed.ac.uk/24-25/dpt/cxedua11257.htm
2024-11-27 19:01:37,178 - INFO - 1 instances updated to ./data_container/24_11_27_18_59_52/24-25_cx_s_su819.htm.csv.
2024-11-27 19:01:37,203 - INFO - Visiting: http://www.drps.ed.ac.uk/24-25/dpt/cxedua11351.htm
2024-11-27 19:01:37,248 - INFO - 1 instances updated to ./data_container/24_11_27_18_59_52/24-25_cx_s_su819.htm.csv.
2024-11-27 19:01:37,274 - INFO - Visiting: http://www.drps.ed.ac.uk/24-25/dpt/cxedua11462.htm
2024-11-27 19:01:37,323 - INFO - 1 instances updated to ./data_container/24_11_27_18_59_52/24-25_cx_s_su819.htm.csv.
2024-11-27 19:01:37,360 - INFO - Visiting: http://www.drps.ed.ac.uk/24-25/dpt/cxedua11416.htm
2024-11-27 19:01:37,411 - INFO - 1 instances updated to ./data_container/24_11_27_18_59_52/24-25_cx_s_su819.htm.csv.
2024-11-27 19:01:37,439 - INFO - Visiting: http://www.drps.ed.ac.uk/24-25/dpt/cxedua11304.htm
2024-11-27 19:01:37,489 - INFO - 1 instances updated to ./data_container/24_11_27_18_59_52/24-25_cx_s_su819.htm.csv.
2024-11-27 19:01:37,515 - INFO - Visiting: http://www.drps.ed.ac.uk/24-25/dpt/cxedua11235.htm
2024-11-27 19:01:37,562 - INFO - 1 instances updated to ./data_container/24_11_27_18_59_52/24-25_cx_s_su819.htm.csv.
2024-11-27 19:01:37,588 - INFO - Visiting: http://www.drps.ed.ac.uk/24-25/dpt/cxedua11300.htm
2024-11-27 19:01:37,635 - INFO - 1 instances updated to ./data_container/24_11_27_18_59_52/24-25_cx_s_su819.htm.csv.
2024-11-27 19:01:37,662 - INFO - Visiting: http://www.drps.ed.ac.uk/24-25/dpt/cxedua11301.htm
2024-11-27 19:01:37,710 - INFO - 1 instances updated to ./data_container/24_11_27_18_59_52/24-25_cx_s_su819.htm.csv.
2024-11-27 19:01:37,736 - INFO - Visiting: http://www.drps.ed.ac.uk/24-25/dpt/cxedua11297.htm
2024-11-27 19:01:37,783 - INFO - 1 instances updated to ./data_container/24_11_27_18_59_52/24-25_cx_s_su819.htm.csv.
2024-11-27 19:01:37,809 - INFO - Visiting: http://www.drps.ed.ac.uk/24-25/dpt/cxedua11457.htm
2024-11-27 19:01:37,859 - INFO - 1 instances updated to ./data_container/24_11_27_18_59_52/24-25_cx_s_su819.htm.csv.
2024-11-27 19:01:37,884 - INFO - Visiting: http://www.drps.ed.ac.uk/24-25/dpt/cxedua11298.htm
2024-11-27 19:01:37,934 - INFO - 1 instances updated to ./data_container/24_11_27_18_59_52/24-25_cx_s_su819.htm.csv.
2024-11-27 19:01:37,962 - INFO - Visiting: http://www.drps.ed.ac.uk/24-25/dpt/cxedua11299.htm
2024-11-27 19:01:38,095 - INFO - 1 instances updated to ./data_container/24_11_27_18_59_52/24-25_cx_s_su819.htm.csv.
2024-11-27 19:01:38,120 - INFO - Visiting: http://www.drps.ed.ac.uk/24-25/dpt/cxedua11038.htm
2024-11-27 19:01:38,164 - INFO - 1 instances updated to ./data_container/24_11_27_18_59_52/24-25_cx_s_su819.htm.csv.
2024-11-27 19:01:38,195 - INFO - Visiting: http://www.drps.ed.ac.uk/24-25/dpt/cxedua11463.htm
2024-11-27 19:01:38,245 - INFO - 1 instances updated to ./data_container/24_11_27_18_59_52/24-25_cx_s_su819.htm.csv.
2024-11-27 19:01:38,272 - INFO - Visiting: http://www.drps.ed.ac.uk/24-25/dpt/cxedua11368.htm
2024-11-27 19:01:38,319 - INFO - 1 instances updated to ./data_container/24_11_27_18_59_52/24-25_cx_s_su819.htm.csv.
2024-11-27 19:01:38,343 - INFO - Visiting: http://www.drps.ed.ac.uk/24-25/dpt/cxedua11377.htm
2024-11-27 19:01:38,423 - INFO - 1 instances updated to ./data_container/24_11_27_18_59_52/24-25_cx_s_su819.htm.csv.
2024-11-27 19:01:38,451 - INFO - Visiting: http://www.drps.ed.ac.uk/24-25/dpt/cxedua11369.htm
2024-11-27 19:01:38,528 - INFO - 1 instances updated to ./data_container/24_11_27_18_59_52/24-25_cx_s_su819.htm.csv.
2024-11-27 19:01:38,552 - INFO - Visiting: http://www.drps.ed.ac.uk/24-25/dpt/cxedua11382.htm
2024-11-27 19:01:38,600 - INFO - 1 instances updated to ./data_container/24_11_27_18_59_52/24-25_cx_s_su819.htm.csv.
2024-11-27 19:01:38,626 - INFO - Visiting: http://www.drps.ed.ac.uk/24-25/dpt/cxedua11402.htm
2024-11-27 19:01:38,676 - INFO - 1 instances updated to ./data_container/24_11_27_18_59_52/24-25_cx_s_su819.htm.csv.
2024-11-27 19:01:38,702 - INFO - Visiting: http://www.drps.ed.ac.uk/24-25/dpt/cxedua11365.htm
2024-11-27 19:01:38,751 - INFO - 1 instances updated to ./data_container/24_11_27_18_59_52/24-25_cx_s_su819.htm.csv.
2024-11-27 19:01:38,779 - INFO - Visiting: http://www.drps.ed.ac.uk/24-25/dpt/cxedua11366.htm
2024-11-27 19:01:38,905 - INFO - 1 instances updated to ./data_container/24_11_27_18_59_52/24-25_cx_s_su819.htm.csv.
2024-11-27 19:01:38,930 - INFO - Visiting: http://www.drps.ed.ac.uk/24-25/dpt/cxedua11401.htm
2024-11-27 19:01:38,978 - INFO - 1 instances updated to ./data_container/24_11_27_18_59_52/24-25_cx_s_su819.htm.csv.
2024-11-27 19:01:39,003 - INFO - Visiting: http://www.drps.ed.ac.uk/24-25/dpt/cxedua11381.htm
2024-11-27 19:01:39,054 - INFO - 1 instances updated to ./data_container/24_11_27_18_59_52/24-25_cx_s_su819.htm.csv.
2024-11-27 19:01:39,084 - INFO - Visiting: http://www.drps.ed.ac.uk/24-25/dpt/cxedua11380.htm
2024-11-27 19:01:39,135 - INFO - 1 instances updated to ./data_container/24_11_27_18_59_52/24-25_cx_s_su819.htm.csv.
2024-11-27 19:01:39,160 - INFO - Visiting: http://www.drps.ed.ac.uk/24-25/dpt/cxedua11424.htm
2024-11-27 19:01:39,344 - INFO - 1 instances updated to ./data_container/24_11_27_18_59_52/24-25_cx_s_su819.htm.csv.
2024-11-27 19:01:39,369 - INFO - Visiting: http://www.drps.ed.ac.uk/24-25/dpt/cxedua11329.htm
2024-11-27 19:01:39,421 - INFO - 1 instances updated to ./data_container/24_11_27_18_59_52/24-25_cx_s_su819.htm.csv.
2024-11-27 19:01:39,447 - INFO - Visiting: http://www.drps.ed.ac.uk/24-25/dpt/cxedua11367.htm
2024-11-27 19:01:39,501 - INFO - 1 instances updated to ./data_container/24_11_27_18_59_52/24-25_cx_s_su819.htm.csv.
2024-11-27 19:01:39,526 - INFO - Visiting: http://www.drps.ed.ac.uk/24-25/dpt/cxedua11340.htm
2024-11-27 19:01:39,576 - INFO - 1 instances updated to ./data_container/24_11_27_18_59_52/24-25_cx_s_su819.htm.csv.
2024-11-27 19:01:39,602 - INFO - Visiting: http://www.drps.ed.ac.uk/24-25/dpt/cxedua11347.htm
2024-11-27 19:01:39,653 - INFO - 1 instances updated to ./data_container/24_11_27_18_59_52/24-25_cx_s_su819.htm.csv.
2024-11-27 19:01:39,681 - INFO - Visiting: http://www.drps.ed.ac.uk/24-25/dpt/cxedua11206.htm
2024-11-27 19:01:39,734 - INFO - 1 instances updated to ./data_container/24_11_27_18_59_52/24-25_cx_s_su819.htm.csv.
2024-11-27 19:01:39,758 - INFO - Visiting: http://www.drps.ed.ac.uk/24-25/dpt/cxedua11233.htm
2024-11-27 19:01:39,805 - INFO - 1 instances updated to ./data_container/24_11_27_18_59_52/24-25_cx_s_su819.htm.csv.
2024-11-27 19:01:39,832 - INFO - Visiting: http://www.drps.ed.ac.uk/24-25/dpt/cxedua11385.htm
2024-11-27 19:01:39,883 - INFO - 1 instances updated to ./data_container/24_11_27_18_59_52/24-25_cx_s_su819.htm.csv.
2024-11-27 19:01:39,912 - INFO - Visiting: http://www.drps.ed.ac.uk/24-25/dpt/cxedua11338.htm
2024-11-27 19:01:39,964 - INFO - 1 instances updated to ./data_container/24_11_27_18_59_52/24-25_cx_s_su819.htm.csv.
2024-11-27 19:01:39,989 - INFO - Visiting: http://www.drps.ed.ac.uk/24-25/dpt/cxedua11250.htm
2024-11-27 19:01:40,057 - INFO - 1 instances updated to ./data_container/24_11_27_18_59_52/24-25_cx_s_su819.htm.csv.
2024-11-27 19:01:40,116 - INFO - Visiting: http://www.drps.ed.ac.uk/24-25/dpt/cxedua11458.htm
2024-11-27 19:01:40,168 - INFO - 1 instances updated to ./data_container/24_11_27_18_59_52/24-25_cx_s_su819.htm.csv.
2024-11-27 19:01:40,193 - INFO - Visiting: http://www.drps.ed.ac.uk/24-25/dpt/cxedua11363.htm
2024-11-27 19:01:40,284 - INFO - 1 instances updated to ./data_container/24_11_27_18_59_52/24-25_cx_s_su819.htm.csv.
2024-11-27 19:01:40,309 - INFO - Visiting: http://www.drps.ed.ac.uk/24-25/dpt/cxedua11324.htm
2024-11-27 19:01:40,362 - INFO - 1 instances updated to ./data_container/24_11_27_18_59_52/24-25_cx_s_su819.htm.csv.
2024-11-27 19:01:40,386 - INFO - Visiting: http://www.drps.ed.ac.uk/24-25/dpt/cxedua11376.htm
2024-11-27 19:01:40,496 - INFO - 1 instances updated to ./data_container/24_11_27_18_59_52/24-25_cx_s_su819.htm.csv.
2024-11-27 19:01:40,522 - INFO - Visiting: http://www.drps.ed.ac.uk/24-25/dpt/cxedua11335.htm
2024-11-27 19:01:40,572 - INFO - 1 instances updated to ./data_container/24_11_27_18_59_52/24-25_cx_s_su819.htm.csv.
2024-11-27 19:01:40,601 - INFO - Visiting: http://www.drps.ed.ac.uk/24-25/dpt/cxedua11179.htm
2024-11-27 19:01:40,659 - INFO - 1 instances updated to ./data_container/24_11_27_18_59_52/24-25_cx_s_su819.htm.csv.
2024-11-27 19:01:40,685 - INFO - Visiting: http://www.drps.ed.ac.uk/24-25/dpt/cxedua11438.htm
2024-11-27 19:01:40,736 - INFO - 1 instances updated to ./data_container/24_11_27_18_59_52/24-25_cx_s_su819.htm.csv.
2024-11-27 19:01:40,765 - INFO - Visiting: http://www.drps.ed.ac.uk/24-25/dpt/cxedua11348.htm
2024-11-27 19:01:40,818 - INFO - 1 instances updated to ./data_container/24_11_27_18_59_52/24-25_cx_s_su819.htm.csv.
2024-11-27 19:01:40,842 - INFO - Visiting: http://www.drps.ed.ac.uk/24-25/dpt/cxedua12001.htm
2024-11-27 19:01:40,893 - INFO - 1 instances updated to ./data_container/24_11_27_18_59_52/24-25_cx_s_su819.htm.csv.
2024-11-27 19:01:40,893 - INFO - Mining for keywords Accessibility,Inclusive design,Disability rights,Adaptive tools is success.
2024-11-27 19:01:40,935 - INFO - Visiting: http://www.drps.ed.ac.uk/24-25/dpt/cx_sb_redu.htm
2024-11-27 19:01:40,986 - INFO - Visiting: http://www.drps.ed.ac.uk/24-25/dpt/cxredu11074.htm
2024-11-27 19:01:41,011 - INFO - 1 instances updated to ./data_container/24_11_27_18_59_52/24-25_cx_s_su819.htm.csv.
2024-11-27 19:01:41,035 - INFO - Visiting: http://www.drps.ed.ac.uk/24-25/dpt/cxredu11079.htm
2024-11-27 19:01:41,056 - INFO - 1 instances updated to ./data_container/24_11_27_18_59_52/24-25_cx_s_su819.htm.csv.
2024-11-27 19:01:41,080 - INFO - Visiting: http://www.drps.ed.ac.uk/24-25/dpt/cxredu11076.htm
2024-11-27 19:01:41,101 - INFO - 1 instances updated to ./data_container/24_11_27_18_59_52/24-25_cx_s_su819.htm.csv.
2024-11-27 19:01:41,131 - INFO - Visiting: http://www.drps.ed.ac.uk/24-25/dpt/cxredu11045.htm
2024-11-27 19:01:41,152 - INFO - 1 instances updated to ./data_container/24_11_27_18_59_52/24-25_cx_s_su819.htm.csv.
2024-11-27 19:01:41,186 - INFO - Visiting: http://www.drps.ed.ac.uk/24-25/dpt/cxredu11091.htm
2024-11-27 19:01:41,209 - INFO - 1 instances updated to ./data_container/24_11_27_18_59_52/24-25_cx_s_su819.htm.csv.
2024-11-27 19:01:41,237 - INFO - Visiting: http://www.drps.ed.ac.uk/24-25/dpt/cxredu11073.htm
2024-11-27 19:01:41,259 - INFO - 1 instances updated to ./data_container/24_11_27_18_59_52/24-25_cx_s_su819.htm.csv.
2024-11-27 19:01:41,285 - INFO - Visiting: http://www.drps.ed.ac.uk/24-25/dpt/cxredu11089.htm
2024-11-27 19:01:41,307 - INFO - 1 instances updated to ./data_container/24_11_27_18_59_52/24-25_cx_s_su819.htm.csv.
2024-11-27 19:01:41,334 - INFO - Visiting: http://www.drps.ed.ac.uk/24-25/dpt/cxredu11060.htm
2024-11-27 19:01:41,355 - INFO - 1 instances updated to ./data_container/24_11_27_18_59_52/24-25_cx_s_su819.htm.csv.
2024-11-27 19:01:41,381 - INFO - Visiting: http://www.drps.ed.ac.uk/24-25/dpt/cxredu11087.htm
2024-11-27 19:01:41,406 - INFO - 1 instances updated to ./data_container/24_11_27_18_59_52/24-25_cx_s_su819.htm.csv.
2024-11-27 19:01:41,430 - INFO - Visiting: http://www.drps.ed.ac.uk/24-25/dpt/cxredu11082.htm
2024-11-27 19:01:41,453 - INFO - 1 instances updated to ./data_container/24_11_27_18_59_52/24-25_cx_s_su819.htm.csv.
2024-11-27 19:01:41,478 - INFO - Visiting: http://www.drps.ed.ac.uk/24-25/dpt/cxredu11083.htm
2024-11-27 19:01:41,501 - INFO - 1 instances updated to ./data_container/24_11_27_18_59_52/24-25_cx_s_su819.htm.csv.
2024-11-27 19:01:41,528 - INFO - Visiting: http://www.drps.ed.ac.uk/24-25/dpt/cxredu11052.htm
2024-11-27 19:01:41,551 - INFO - 1 instances updated to ./data_container/24_11_27_18_59_52/24-25_cx_s_su819.htm.csv.
2024-11-27 19:01:41,575 - INFO - Visiting: http://www.drps.ed.ac.uk/24-25/dpt/cxredu11088.htm
2024-11-27 19:01:41,601 - INFO - 1 instances updated to ./data_container/24_11_27_18_59_52/24-25_cx_s_su819.htm.csv.
2024-11-27 19:01:41,626 - INFO - Visiting: http://www.drps.ed.ac.uk/24-25/dpt/cxredu11092.htm
2024-11-27 19:01:41,651 - INFO - 1 instances updated to ./data_container/24_11_27_18_59_52/24-25_cx_s_su819.htm.csv.
2024-11-27 19:01:41,676 - INFO - Visiting: http://www.drps.ed.ac.uk/24-25/dpt/cxredu11086.htm
2024-11-27 19:01:41,702 - INFO - 1 instances updated to ./data_container/24_11_27_18_59_52/24-25_cx_s_su819.htm.csv.
2024-11-27 19:01:41,732 - INFO - Visiting: http://www.drps.ed.ac.uk/24-25/dpt/cxredu11085.htm
2024-11-27 19:01:41,757 - INFO - 1 instances updated to ./data_container/24_11_27_18_59_52/24-25_cx_s_su819.htm.csv.
2024-11-27 19:01:41,783 - INFO - Visiting: http://www.drps.ed.ac.uk/24-25/dpt/cxredu11080.htm
2024-11-27 19:01:41,807 - INFO - 1 instances updated to ./data_container/24_11_27_18_59_52/24-25_cx_s_su819.htm.csv.
2024-11-27 19:01:41,833 - INFO - Visiting: http://www.drps.ed.ac.uk/24-25/dpt/cxredu11077.htm
2024-11-27 19:01:41,856 - INFO - 1 instances updated to ./data_container/24_11_27_18_59_52/24-25_cx_s_su819.htm.csv.
2024-11-27 19:01:41,881 - INFO - Visiting: http://www.drps.ed.ac.uk/24-25/dpt/cxredu11081.htm
2024-11-27 19:01:41,906 - INFO - 1 instances updated to ./data_container/24_11_27_18_59_52/24-25_cx_s_su819.htm.csv.
2024-11-27 19:01:41,933 - INFO - Visiting: http://www.drps.ed.ac.uk/24-25/dpt/cxredu11084.htm
2024-11-27 19:01:41,959 - INFO - 1 instances updated to ./data_container/24_11_27_18_59_52/24-25_cx_s_su819.htm.csv.
2024-11-27 19:01:41,983 - INFO - Visiting: http://www.drps.ed.ac.uk/24-25/dpt/cxredu11064.htm
2024-11-27 19:01:42,007 - INFO - 1 instances updated to ./data_container/24_11_27_18_59_52/24-25_cx_s_su819.htm.csv.
2024-11-27 19:01:42,039 - INFO - Visiting: http://www.drps.ed.ac.uk/24-25/dpt/cxredu11050.htm
2024-11-27 19:01:42,062 - INFO - 1 instances updated to ./data_container/24_11_27_18_59_52/24-25_cx_s_su819.htm.csv.
2024-11-27 19:01:42,086 - INFO - Visiting: http://www.drps.ed.ac.uk/24-25/dpt/cxredu11051.htm
2024-11-27 19:01:42,109 - INFO - 1 instances updated to ./data_container/24_11_27_18_59_52/24-25_cx_s_su819.htm.csv.
2024-11-27 19:01:42,133 - INFO - Visiting: http://www.drps.ed.ac.uk/24-25/dpt/cxredu11024.htm
2024-11-27 19:01:42,161 - INFO - 1 instances updated to ./data_container/24_11_27_18_59_52/24-25_cx_s_su819.htm.csv.
2024-11-27 19:01:42,185 - INFO - Visiting: http://www.drps.ed.ac.uk/24-25/dpt/cxredu11075.htm
2024-11-27 19:01:42,211 - INFO - 1 instances updated to ./data_container/24_11_27_18_59_52/24-25_cx_s_su819.htm.csv.
2024-11-27 19:01:42,237 - INFO - Visiting: http://www.drps.ed.ac.uk/24-25/dpt/cxredu11026.htm
2024-11-27 19:01:42,262 - INFO - 1 instances updated to ./data_container/24_11_27_18_59_52/24-25_cx_s_su819.htm.csv.
2024-11-27 19:01:42,287 - INFO - Visiting: http://www.drps.ed.ac.uk/24-25/dpt/cxredu11056.htm
2024-11-27 19:01:42,311 - INFO - 1 instances updated to ./data_container/24_11_27_18_59_52/24-25_cx_s_su819.htm.csv.
2024-11-27 19:01:42,347 - INFO - Visiting: http://www.drps.ed.ac.uk/24-25/dpt/cxredu11059.htm
2024-11-27 19:01:42,372 - INFO - 1 instances updated to ./data_container/24_11_27_18_59_52/24-25_cx_s_su819.htm.csv.
2024-11-27 19:01:42,398 - INFO - Visiting: http://www.drps.ed.ac.uk/24-25/dpt/cxredu11093.htm
2024-11-27 19:01:42,423 - INFO - 1 instances updated to ./data_container/24_11_27_18_59_52/24-25_cx_s_su819.htm.csv.
2024-11-27 19:01:42,448 - INFO - Visiting: http://www.drps.ed.ac.uk/24-25/dpt/cxredu11048.htm
2024-11-27 19:01:42,471 - INFO - 1 instances updated to ./data_container/24_11_27_18_59_52/24-25_cx_s_su819.htm.csv.
2024-11-27 19:01:42,497 - INFO - Visiting: http://www.drps.ed.ac.uk/24-25/dpt/cxredu11078.htm
2024-11-27 19:01:42,522 - INFO - 1 instances updated to ./data_container/24_11_27_18_59_52/24-25_cx_s_su819.htm.csv.
2024-11-27 19:01:42,547 - INFO - Visiting: http://www.drps.ed.ac.uk/24-25/dpt/cxredu11028.htm
2024-11-27 19:01:42,572 - INFO - 1 instances updated to ./data_container/24_11_27_18_59_52/24-25_cx_s_su819.htm.csv.
2024-11-27 19:01:42,597 - INFO - Visiting: http://www.drps.ed.ac.uk/24-25/dpt/cxredu11029.htm
2024-11-27 19:01:42,623 - INFO - 1 instances updated to ./data_container/24_11_27_18_59_52/24-25_cx_s_su819.htm.csv.
2024-11-27 19:01:42,649 - INFO - Visiting: http://www.drps.ed.ac.uk/24-25/dpt/cxredu11063.htm
2024-11-27 19:01:42,672 - INFO - 1 instances updated to ./data_container/24_11_27_18_59_52/24-25_cx_s_su819.htm.csv.
2024-11-27 19:01:42,697 - INFO - Visiting: http://www.drps.ed.ac.uk/24-25/dpt/cxredu11011.htm
2024-11-27 19:01:42,722 - INFO - 1 instances updated to ./data_container/24_11_27_18_59_52/24-25_cx_s_su819.htm.csv.
2024-11-27 19:01:42,750 - INFO - Visiting: http://www.drps.ed.ac.uk/24-25/dpt/cxredu11002.htm
2024-11-27 19:01:42,843 - INFO - 1 instances updated to ./data_container/24_11_27_18_59_52/24-25_cx_s_su819.htm.csv.
2024-11-27 19:01:42,870 - INFO - Visiting: http://www.drps.ed.ac.uk/24-25/dpt/cxredu11046.htm
2024-11-27 19:01:42,896 - INFO - 1 instances updated to ./data_container/24_11_27_18_59_52/24-25_cx_s_su819.htm.csv.
2024-11-27 19:01:42,921 - INFO - Visiting: http://www.drps.ed.ac.uk/24-25/dpt/cxredu11010.htm
2024-11-27 19:01:42,946 - INFO - 1 instances updated to ./data_container/24_11_27_18_59_52/24-25_cx_s_su819.htm.csv.
2024-11-27 19:01:42,977 - INFO - Visiting: http://www.drps.ed.ac.uk/24-25/dpt/cxredu12004.htm
2024-11-27 19:01:42,997 - INFO - 1 instances updated to ./data_container/24_11_27_18_59_52/24-25_cx_s_su819.htm.csv.
2024-11-27 19:01:43,022 - INFO - Visiting: http://www.drps.ed.ac.uk/24-25/dpt/cxredu12006.htm
2024-11-27 19:01:43,047 - INFO - 1 instances updated to ./data_container/24_11_27_18_59_52/24-25_cx_s_su819.htm.csv.
2024-11-27 19:01:43,072 - INFO - Visiting: http://www.drps.ed.ac.uk/24-25/dpt/cxredu12001.htm
2024-11-27 19:01:43,095 - INFO - 1 instances updated to ./data_container/24_11_27_18_59_52/24-25_cx_s_su819.htm.csv.
2024-11-27 19:01:43,119 - INFO - Visiting: http://www.drps.ed.ac.uk/24-25/dpt/cxredu12005.htm
2024-11-27 19:01:43,137 - INFO - 1 instances updated to ./data_container/24_11_27_18_59_52/24-25_cx_s_su819.htm.csv.
2024-11-27 19:01:43,162 - INFO - Visiting: http://www.drps.ed.ac.uk/24-25/dpt/cxredu12002.htm
2024-11-27 19:01:43,185 - INFO - 1 instances updated to ./data_container/24_11_27_18_59_52/24-25_cx_s_su819.htm.csv.
2024-11-27 19:01:43,186 - INFO - Mining for keywords Accessibility,Inclusive design,Disability rights,Adaptive tools is success.
2024-11-27 19:01:43,218 - INFO - Visiting: http://www.drps.ed.ac.uk/24-25/dpt/cx_sb_sprt.htm
2024-11-27 19:01:43,276 - INFO - Visiting: http://www.drps.ed.ac.uk/24-25/dpt/cxsprt08026.htm
2024-11-27 19:01:43,298 - INFO - 1 instances updated to ./data_container/24_11_27_18_59_52/24-25_cx_s_su819.htm.csv.
2024-11-27 19:01:43,327 - INFO - Visiting: http://www.drps.ed.ac.uk/24-25/dpt/cxsprt08032.htm
2024-11-27 19:01:43,350 - INFO - 1 instances updated to ./data_container/24_11_27_18_59_52/24-25_cx_s_su819.htm.csv.
2024-11-27 19:01:43,378 - INFO - Visiting: http://www.drps.ed.ac.uk/24-25/dpt/cxsprt08018.htm
2024-11-27 19:01:43,400 - INFO - 1 instances updated to ./data_container/24_11_27_18_59_52/24-25_cx_s_su819.htm.csv.
2024-11-27 19:01:43,425 - INFO - Visiting: http://www.drps.ed.ac.uk/24-25/dpt/cxsprt08030.htm
2024-11-27 19:01:43,447 - INFO - 1 instances updated to ./data_container/24_11_27_18_59_52/24-25_cx_s_su819.htm.csv.
2024-11-27 19:01:43,472 - INFO - Visiting: http://www.drps.ed.ac.uk/24-25/dpt/cxsprt08031.htm
2024-11-27 19:01:43,494 - INFO - 1 instances updated to ./data_container/24_11_27_18_59_52/24-25_cx_s_su819.htm.csv.
2024-11-27 19:01:43,520 - INFO - Visiting: http://www.drps.ed.ac.uk/24-25/dpt/cxsprt08029.htm
2024-11-27 19:01:43,542 - INFO - 1 instances updated to ./data_container/24_11_27_18_59_52/24-25_cx_s_su819.htm.csv.
2024-11-27 19:01:43,567 - INFO - Visiting: http://www.drps.ed.ac.uk/24-25/dpt/cxsprt08033.htm
2024-11-27 19:01:43,590 - INFO - 1 instances updated to ./data_container/24_11_27_18_59_52/24-25_cx_s_su819.htm.csv.
2024-11-27 19:01:43,615 - INFO - Visiting: http://www.drps.ed.ac.uk/24-25/dpt/cxsprt08021.htm
2024-11-27 19:01:43,640 - INFO - 1 instances updated to ./data_container/24_11_27_18_59_52/24-25_cx_s_su819.htm.csv.
2024-11-27 19:01:43,665 - INFO - Visiting: http://www.drps.ed.ac.uk/24-25/dpt/cxsprt08022.htm
2024-11-27 19:01:43,689 - INFO - 1 instances updated to ./data_container/24_11_27_18_59_52/24-25_cx_s_su819.htm.csv.
2024-11-27 19:01:43,716 - INFO - Visiting: http://www.drps.ed.ac.uk/24-25/dpt/cxsprt08019.htm
2024-11-27 19:01:43,743 - INFO - 1 instances updated to ./data_container/24_11_27_18_59_52/24-25_cx_s_su819.htm.csv.
2024-11-27 19:01:43,769 - INFO - Visiting: http://www.drps.ed.ac.uk/24-25/dpt/cxsprt08024.htm
2024-11-27 19:01:43,794 - INFO - 1 instances updated to ./data_container/24_11_27_18_59_52/24-25_cx_s_su819.htm.csv.
2024-11-27 19:01:43,823 - INFO - Visiting: http://www.drps.ed.ac.uk/24-25/dpt/cxsprt08020.htm
2024-11-27 19:01:43,847 - INFO - 1 instances updated to ./data_container/24_11_27_18_59_52/24-25_cx_s_su819.htm.csv.
2024-11-27 19:01:43,871 - INFO - Visiting: http://www.drps.ed.ac.uk/24-25/dpt/cxsprt08023.htm
2024-11-27 19:01:43,893 - INFO - 1 instances updated to ./data_container/24_11_27_18_59_52/24-25_cx_s_su819.htm.csv.
2024-11-27 19:01:43,918 - INFO - Visiting: http://www.drps.ed.ac.uk/24-25/dpt/cxsprt08001.htm
2024-11-27 19:01:43,942 - INFO - 1 instances updated to ./data_container/24_11_27_18_59_52/24-25_cx_s_su819.htm.csv.
2024-11-27 19:01:43,966 - INFO - Visiting: http://www.drps.ed.ac.uk/24-25/dpt/cxsprt08016.htm
2024-11-27 19:01:43,993 - INFO - 1 instances updated to ./data_container/24_11_27_18_59_52/24-25_cx_s_su819.htm.csv.
2024-11-27 19:01:44,017 - INFO - Visiting: http://www.drps.ed.ac.uk/24-25/dpt/cxsprt08014.htm
2024-11-27 19:01:44,112 - INFO - 1 instances updated to ./data_container/24_11_27_18_59_52/24-25_cx_s_su819.htm.csv.
2024-11-27 19:01:44,141 - INFO - Visiting: http://www.drps.ed.ac.uk/24-25/dpt/cxsprt08012.htm
2024-11-27 19:01:44,186 - INFO - 1 instances updated to ./data_container/24_11_27_18_59_52/24-25_cx_s_su819.htm.csv.
2024-11-27 19:01:44,213 - INFO - Visiting: http://www.drps.ed.ac.uk/24-25/dpt/cxsprt08028.htm
2024-11-27 19:01:44,237 - INFO - 1 instances updated to ./data_container/24_11_27_18_59_52/24-25_cx_s_su819.htm.csv.
2024-11-27 19:01:44,263 - INFO - Visiting: http://www.drps.ed.ac.uk/24-25/dpt/cxsprt08017.htm
2024-11-27 19:01:44,285 - INFO - 1 instances updated to ./data_container/24_11_27_18_59_52/24-25_cx_s_su819.htm.csv.
2024-11-27 19:01:44,311 - INFO - Visiting: http://www.drps.ed.ac.uk/24-25/dpt/cxsprt08027.htm
2024-11-27 19:01:44,335 - INFO - 1 instances updated to ./data_container/24_11_27_18_59_52/24-25_cx_s_su819.htm.csv.
2024-11-27 19:01:44,359 - INFO - Visiting: http://www.drps.ed.ac.uk/24-25/dpt/cxsprt08025.htm
2024-11-27 19:01:44,383 - INFO - 1 instances updated to ./data_container/24_11_27_18_59_52/24-25_cx_s_su819.htm.csv.
2024-11-27 19:01:44,408 - INFO - Visiting: http://www.drps.ed.ac.uk/24-25/dpt/cxsprt10037.htm
2024-11-27 19:01:44,436 - INFO - 1 instances updated to ./data_container/24_11_27_18_59_52/24-25_cx_s_su819.htm.csv.
2024-11-27 19:01:44,460 - INFO - Visiting: http://www.drps.ed.ac.uk/24-25/dpt/cxsprt10064.htm
2024-11-27 19:01:44,484 - INFO - 1 instances updated to ./data_container/24_11_27_18_59_52/24-25_cx_s_su819.htm.csv.
2024-11-27 19:01:44,514 - INFO - Visiting: http://www.drps.ed.ac.uk/24-25/dpt/cxsprt10059.htm
2024-11-27 19:01:44,539 - INFO - 1 instances updated to ./data_container/24_11_27_18_59_52/24-25_cx_s_su819.htm.csv.
2024-11-27 19:01:44,564 - INFO - Visiting: http://www.drps.ed.ac.uk/24-25/dpt/cxsprt10024.htm
2024-11-27 19:01:44,589 - INFO - 1 instances updated to ./data_container/24_11_27_18_59_52/24-25_cx_s_su819.htm.csv.
2024-11-27 19:01:44,613 - INFO - Visiting: http://www.drps.ed.ac.uk/24-25/dpt/cxsprt10025.htm
2024-11-27 19:01:44,639 - INFO - 1 instances updated to ./data_container/24_11_27_18_59_52/24-25_cx_s_su819.htm.csv.
2024-11-27 19:01:44,664 - INFO - Visiting: http://www.drps.ed.ac.uk/24-25/dpt/cxsprt10048.htm
2024-11-27 19:01:44,688 - INFO - 1 instances updated to ./data_container/24_11_27_18_59_52/24-25_cx_s_su819.htm.csv.
2024-11-27 19:01:44,713 - INFO - Visiting: http://www.drps.ed.ac.uk/24-25/dpt/cxsprt10029.htm
2024-11-27 19:01:44,741 - INFO - 1 instances updated to ./data_container/24_11_27_18_59_52/24-25_cx_s_su819.htm.csv.
2024-11-27 19:01:44,766 - INFO - Visiting: http://www.drps.ed.ac.uk/24-25/dpt/cxsprt10054.htm
2024-11-27 19:01:44,794 - INFO - 1 instances updated to ./data_container/24_11_27_18_59_52/24-25_cx_s_su819.htm.csv.
2024-11-27 19:01:44,819 - INFO - Visiting: http://www.drps.ed.ac.uk/24-25/dpt/cxsprt10053.htm
2024-11-27 19:01:44,847 - INFO - 1 instances updated to ./data_container/24_11_27_18_59_52/24-25_cx_s_su819.htm.csv.
2024-11-27 19:01:44,873 - INFO - Visiting: http://www.drps.ed.ac.uk/24-25/dpt/cxsprt10003.htm
2024-11-27 19:01:44,900 - INFO - 1 instances updated to ./data_container/24_11_27_18_59_52/24-25_cx_s_su819.htm.csv.
2024-11-27 19:01:44,942 - INFO - Visiting: http://www.drps.ed.ac.uk/24-25/dpt/cxsprt10004.htm
2024-11-27 19:01:44,970 - INFO - 1 instances updated to ./data_container/24_11_27_18_59_52/24-25_cx_s_su819.htm.csv.
2024-11-27 19:01:44,994 - INFO - Visiting: http://www.drps.ed.ac.uk/24-25/dpt/cxsprt10046.htm
2024-11-27 19:01:45,079 - INFO - 1 instances updated to ./data_container/24_11_27_18_59_52/24-25_cx_s_su819.htm.csv.
2024-11-27 19:01:45,104 - INFO - Visiting: http://www.drps.ed.ac.uk/24-25/dpt/cxsprt10020.htm
2024-11-27 19:01:45,132 - INFO - 1 instances updated to ./data_container/24_11_27_18_59_52/24-25_cx_s_su819.htm.csv.
2024-11-27 19:01:45,166 - INFO - Visiting: http://www.drps.ed.ac.uk/24-25/dpt/cxsprt10056.htm
2024-11-27 19:01:45,192 - INFO - 1 instances updated to ./data_container/24_11_27_18_59_52/24-25_cx_s_su819.htm.csv.
2024-11-27 19:01:45,217 - INFO - Visiting: http://www.drps.ed.ac.uk/24-25/dpt/cxsprt10062.htm
2024-11-27 19:01:45,284 - INFO - 1 instances updated to ./data_container/24_11_27_18_59_52/24-25_cx_s_su819.htm.csv.
2024-11-27 19:01:45,309 - INFO - Visiting: http://www.drps.ed.ac.uk/24-25/dpt/cxsprt10065.htm
2024-11-27 19:01:45,334 - INFO - 1 instances updated to ./data_container/24_11_27_18_59_52/24-25_cx_s_su819.htm.csv.
2024-11-27 19:01:45,358 - INFO - Visiting: http://www.drps.ed.ac.uk/24-25/dpt/cxsprt10033.htm
2024-11-27 19:01:45,385 - INFO - 1 instances updated to ./data_container/24_11_27_18_59_52/24-25_cx_s_su819.htm.csv.
2024-11-27 19:01:45,412 - INFO - Visiting: http://www.drps.ed.ac.uk/24-25/dpt/cxsprt10032.htm
2024-11-27 19:01:45,439 - INFO - 1 instances updated to ./data_container/24_11_27_18_59_52/24-25_cx_s_su819.htm.csv.
2024-11-27 19:01:45,463 - INFO - Visiting: http://www.drps.ed.ac.uk/24-25/dpt/cxsprt10052.htm
2024-11-27 19:01:45,492 - INFO - 1 instances updated to ./data_container/24_11_27_18_59_52/24-25_cx_s_su819.htm.csv.
2024-11-27 19:01:45,518 - INFO - Visiting: http://www.drps.ed.ac.uk/24-25/dpt/cxsprt10050.htm
2024-11-27 19:01:45,548 - INFO - 1 instances updated to ./data_container/24_11_27_18_59_52/24-25_cx_s_su819.htm.csv.
2024-11-27 19:01:45,573 - INFO - Visiting: http://www.drps.ed.ac.uk/24-25/dpt/cxsprt10049.htm
2024-11-27 19:01:45,602 - INFO - 1 instances updated to ./data_container/24_11_27_18_59_52/24-25_cx_s_su819.htm.csv.
2024-11-27 19:01:45,644 - INFO - Visiting: http://www.drps.ed.ac.uk/24-25/dpt/cxsprt10051.htm
2024-11-27 19:01:45,672 - INFO - 1 instances updated to ./data_container/24_11_27_18_59_52/24-25_cx_s_su819.htm.csv.
2024-11-27 19:01:45,697 - INFO - Visiting: http://www.drps.ed.ac.uk/24-25/dpt/cxsprt10047.htm
2024-11-27 19:01:45,725 - INFO - 1 instances updated to ./data_container/24_11_27_18_59_52/24-25_cx_s_su819.htm.csv.
2024-11-27 19:01:45,755 - INFO - Visiting: http://www.drps.ed.ac.uk/24-25/dpt/cxsprt10027.htm
2024-11-27 19:01:45,784 - INFO - 1 instances updated to ./data_container/24_11_27_18_59_52/24-25_cx_s_su819.htm.csv.
2024-11-27 19:01:45,808 - INFO - Visiting: http://www.drps.ed.ac.uk/24-25/dpt/cxsprt10005.htm
2024-11-27 19:01:45,835 - INFO - 1 instances updated to ./data_container/24_11_27_18_59_52/24-25_cx_s_su819.htm.csv.
2024-11-27 19:01:45,860 - INFO - Visiting: http://www.drps.ed.ac.uk/24-25/dpt/cxsprt10006.htm
2024-11-27 19:01:45,887 - INFO - 1 instances updated to ./data_container/24_11_27_18_59_52/24-25_cx_s_su819.htm.csv.
2024-11-27 19:01:45,911 - INFO - Visiting: http://www.drps.ed.ac.uk/24-25/dpt/cxsprt10038.htm
2024-11-27 19:01:45,941 - INFO - 1 instances updated to ./data_container/24_11_27_18_59_52/24-25_cx_s_su819.htm.csv.
2024-11-27 19:01:45,966 - INFO - Visiting: http://www.drps.ed.ac.uk/24-25/dpt/cxsprt10060.htm
2024-11-27 19:01:45,992 - INFO - 1 instances updated to ./data_container/24_11_27_18_59_52/24-25_cx_s_su819.htm.csv.
2024-11-27 19:01:46,017 - INFO - Visiting: http://www.drps.ed.ac.uk/24-25/dpt/cxsprt10057.htm
2024-11-27 19:01:46,044 - INFO - 1 instances updated to ./data_container/24_11_27_18_59_52/24-25_cx_s_su819.htm.csv.
2024-11-27 19:01:46,074 - INFO - Visiting: http://www.drps.ed.ac.uk/24-25/dpt/cxsprt10058.htm
2024-11-27 19:01:46,104 - INFO - 1 instances updated to ./data_container/24_11_27_18_59_52/24-25_cx_s_su819.htm.csv.
2024-11-27 19:01:46,141 - INFO - Visiting: http://www.drps.ed.ac.uk/24-25/dpt/cxsprt10061.htm
2024-11-27 19:01:46,167 - INFO - 1 instances updated to ./data_container/24_11_27_18_59_52/24-25_cx_s_su819.htm.csv.
2024-11-27 19:01:46,193 - INFO - Visiting: http://www.drps.ed.ac.uk/24-25/dpt/cxsprt10021.htm
2024-11-27 19:01:46,220 - INFO - 1 instances updated to ./data_container/24_11_27_18_59_52/24-25_cx_s_su819.htm.csv.
2024-11-27 19:01:46,253 - INFO - Visiting: http://www.drps.ed.ac.uk/24-25/dpt/cxsprt10067.htm
2024-11-27 19:01:46,280 - INFO - 1 instances updated to ./data_container/24_11_27_18_59_52/24-25_cx_s_su819.htm.csv.
2024-11-27 19:01:46,304 - INFO - Visiting: http://www.drps.ed.ac.uk/24-25/dpt/cxsprt10055.htm
2024-11-27 19:01:46,328 - INFO - 1 instances updated to ./data_container/24_11_27_18_59_52/24-25_cx_s_su819.htm.csv.
2024-11-27 19:01:46,353 - INFO - Visiting: http://www.drps.ed.ac.uk/24-25/dpt/cxsprt10030.htm
2024-11-27 19:01:46,384 - INFO - 1 instances updated to ./data_container/24_11_27_18_59_52/24-25_cx_s_su819.htm.csv.
2024-11-27 19:01:46,408 - INFO - Visiting: http://www.drps.ed.ac.uk/24-25/dpt/cxsprt10012.htm
2024-11-27 19:01:46,433 - INFO - 1 instances updated to ./data_container/24_11_27_18_59_52/24-25_cx_s_su819.htm.csv.
2024-11-27 19:01:46,457 - INFO - Visiting: http://www.drps.ed.ac.uk/24-25/dpt/cxsprt10034.htm
2024-11-27 19:01:46,486 - INFO - 1 instances updated to ./data_container/24_11_27_18_59_52/24-25_cx_s_su819.htm.csv.
2024-11-27 19:01:46,496 - INFO - Visiting: http://www.drps.ed.ac.uk/24-25/dpt/cxsprt10034.htm
2024-11-27 19:01:46,523 - INFO - 1 instances updated to ./data_container/24_11_27_18_59_52/24-25_cx_s_su819.htm.csv.
2024-11-27 19:01:46,534 - INFO - Visiting: http://www.drps.ed.ac.uk/24-25/dpt/cxsprt10034.htm
2024-11-27 19:01:46,562 - INFO - 1 instances updated to ./data_container/24_11_27_18_59_52/24-25_cx_s_su819.htm.csv.
2024-11-27 19:01:46,589 - INFO - Visiting: http://www.drps.ed.ac.uk/24-25/dpt/cxsprt10031.htm
2024-11-27 19:01:46,620 - INFO - 1 instances updated to ./data_container/24_11_27_18_59_52/24-25_cx_s_su819.htm.csv.
2024-11-27 19:01:46,645 - INFO - Visiting: http://www.drps.ed.ac.uk/24-25/dpt/cxsprt10063.htm
2024-11-27 19:01:46,675 - INFO - 1 instances updated to ./data_container/24_11_27_18_59_52/24-25_cx_s_su819.htm.csv.
2024-11-27 19:01:46,701 - INFO - Visiting: http://www.drps.ed.ac.uk/24-25/dpt/cxsprt10035.htm
2024-11-27 19:01:46,730 - INFO - 1 instances updated to ./data_container/24_11_27_18_59_52/24-25_cx_s_su819.htm.csv.
2024-11-27 19:01:46,756 - INFO - Visiting: http://www.drps.ed.ac.uk/24-25/dpt/cxsprt10066.htm
2024-11-27 19:01:46,787 - INFO - 1 instances updated to ./data_container/24_11_27_18_59_52/24-25_cx_s_su819.htm.csv.
2024-11-27 19:01:46,815 - INFO - Visiting: http://www.drps.ed.ac.uk/24-25/dpt/cxsprt11014.htm
2024-11-27 19:01:46,845 - INFO - 1 instances updated to ./data_container/24_11_27_18_59_52/24-25_cx_s_su819.htm.csv.
2024-11-27 19:01:46,869 - INFO - Visiting: http://www.drps.ed.ac.uk/24-25/dpt/cxsprt11017.htm
2024-11-27 19:01:46,898 - INFO - 1 instances updated to ./data_container/24_11_27_18_59_52/24-25_cx_s_su819.htm.csv.
2024-11-27 19:01:46,922 - INFO - Visiting: http://www.drps.ed.ac.uk/24-25/dpt/cxsprt11015.htm
2024-11-27 19:01:46,952 - INFO - 1 instances updated to ./data_container/24_11_27_18_59_52/24-25_cx_s_su819.htm.csv.
2024-11-27 19:01:46,982 - INFO - Visiting: http://www.drps.ed.ac.uk/24-25/dpt/cxsprt11006.htm
2024-11-27 19:01:47,014 - INFO - 1 instances updated to ./data_container/24_11_27_18_59_52/24-25_cx_s_su819.htm.csv.
2024-11-27 19:01:47,038 - INFO - Visiting: http://www.drps.ed.ac.uk/24-25/dpt/cxsprt11011.htm
2024-11-27 19:01:47,071 - INFO - 1 instances updated to ./data_container/24_11_27_18_59_52/24-25_cx_s_su819.htm.csv.
2024-11-27 19:01:47,097 - INFO - Visiting: http://www.drps.ed.ac.uk/24-25/dpt/cxsprt11012.htm
2024-11-27 19:01:47,127 - INFO - 1 instances updated to ./data_container/24_11_27_18_59_52/24-25_cx_s_su819.htm.csv.
2024-11-27 19:01:47,152 - INFO - Visiting: http://www.drps.ed.ac.uk/24-25/dpt/cxsprt11016.htm
2024-11-27 19:01:47,181 - INFO - 1 instances updated to ./data_container/24_11_27_18_59_52/24-25_cx_s_su819.htm.csv.
2024-11-27 19:01:47,206 - INFO - Visiting: http://www.drps.ed.ac.uk/24-25/dpt/cxsprt11013.htm
2024-11-27 19:01:47,236 - INFO - 1 instances updated to ./data_container/24_11_27_18_59_52/24-25_cx_s_su819.htm.csv.
2024-11-27 19:01:47,237 - INFO - Mining for keywords Accessibility,Inclusive design,Disability rights,Adaptive tools is success.
024-11-27 19:01:28,118 - INFO - 1 instances updated to ./data_container/24_11_27_18_59_52/24-25_cx_s_su819.htm.csv.
2024-11-27 19:01:28,143 - INFO - Visiting: http://www.drps.ed.ac.uk/24-25/dpt/cxedua11375.htm
2024-11-27 19:01:28,179 - INFO - 1 instances updated to ./data_container/24_11_27_18_59_52/24-25_cx_s_su819.htm.csv.
2024-11-27 19:01:28,206 - INFO - Visiting: http://www.drps.ed.ac.uk/24-25/dpt/cxedua11384.htm
2024-11-27 19:01:28,246 - INFO - 1 instances updated to ./data_container/24_11_27_18_59_52/24-25_cx_s_su819.htm.csv.
2024-11-27 19:01:28,274 - INFO - Visiting: http://www.drps.ed.ac.uk/24-25/dpt/cxedua11352.htm
2024-11-27 19:01:28,304 - INFO - 1 instances updated to ./data_container/24_11_27_18_59_52/24-25_cx_s_su819.htm.csv.
2024-11-27 19:01:28,332 - INFO - Visiting: http://www.drps.ed.ac.uk/24-25/dpt/cxedua11345.htm
2024-11-27 19:01:28,367 - INFO - 1 instances updated to ./data_container/24_11_27_18_59_52/24-25_cx_s_su819.htm.csv.
2024-11-27 19:01:28,395 - INFO - Visiting: http://www.drps.ed.ac.uk/24-25/dpt/cxedua11343.htm
2024-11-27 19:01:28,433 - INFO - 1 instances updated to ./data_container/24_11_27_18_59_52/24-25_cx_s_su819.htm.csv.
2024-11-27 19:01:28,458 - INFO - Visiting: http://www.drps.ed.ac.uk/24-25/dpt/cxedua11186.htm
2024-11-27 19:01:28,492 - INFO - 1 instances updated to ./data_container/24_11_27_18_59_52/24-25_cx_s_su819.htm.csv.
2024-11-27 19:01:28,517 - INFO - Visiting: http://www.drps.ed.ac.uk/24-25/dpt/cxedua11389.htm
2024-11-27 19:01:28,555 - INFO - 1 instances updated to ./data_container/24_11_27_18_59_52/24-25_cx_s_su819.htm.csv.
2024-11-27 19:01:28,581 - INFO - Visiting: http://www.drps.ed.ac.uk/24-25/dpt/cxedua11294.htm
2024-11-27 19:01:28,616 - INFO - 1 instances updated to ./data_container/24_11_27_18_59_52/24-25_cx_s_su819.htm.csv.
2024-11-27 19:01:28,648 - INFO - Visiting: http://www.drps.ed.ac.uk/24-25/dpt/cxedua11320.htm
2024-11-27 19:01:28,686 - INFO - 1 instances updated to ./data_container/24_11_27_18_59_52/24-25_cx_s_su819.htm.csv.
2024-11-27 19:01:28,711 - INFO - Visiting: http://www.drps.ed.ac.uk/24-25/dpt/cxedua11448.htm
2024-11-27 19:01:28,750 - INFO - 1 instances updated to ./data_container/24_11_27_18_59_52/24-25_cx_s_su819.htm.csv.
2024-11-27 19:01:28,780 - INFO - Visiting: http://www.drps.ed.ac.uk/24-25/dpt/cxedua11321.htm
2024-11-27 19:01:28,819 - INFO - 1 instances updated to ./data_container/24_11_27_18_59_52/24-25_cx_s_su819.htm.csv.
2024-11-27 19:01:28,843 - INFO - Visiting: http://www.drps.ed.ac.uk/24-25/dpt/cxedua11214.htm
2024-11-27 19:01:28,882 - INFO - 1 instances updated to ./data_container/24_11_27_18_59_52/24-25_cx_s_su819.htm.csv.
2024-11-27 19:01:28,907 - INFO - Visiting: http://www.drps.ed.ac.uk/24-25/dpt/cxedua11427.htm
2024-11-27 19:01:28,946 - INFO - 1 instances updated to ./data_container/24_11_27_18_59_52/24-25_cx_s_su819.htm.csv.
2024-11-27 19:01:28,983 - INFO - Visiting: http://www.drps.ed.ac.uk/24-25/dpt/cxedua11441.htm
2024-11-27 19:01:29,022 - INFO - 1 instances updated to ./data_container/24_11_27_18_59_52/24-25_cx_s_su819.htm.csv.
2024-11-27 19:01:29,048 - INFO - Visiting: http://www.drps.ed.ac.uk/24-25/dpt/cxedua11302.htm
2024-11-27 19:01:29,085 - INFO - 1 instances updated to ./data_container/24_11_27_18_59_52/24-25_cx_s_su819.htm.csv.
2024-11-27 19:01:29,112 - INFO - Visiting: http://www.drps.ed.ac.uk/24-25/dpt/cxedua11039.htm
2024-11-27 19:01:29,153 - INFO - 1 instances updated to ./data_container/24_11_27_18_59_52/24-25_cx_s_su819.htm.csv.
2024-11-27 19:01:29,179 - INFO - Visiting: http://www.drps.ed.ac.uk/24-25/dpt/cxedua11120.htm
2024-11-27 19:01:29,220 - INFO - 1 instances updated to ./data_container/24_11_27_18_59_52/24-25_cx_s_su819.htm.csv.
2024-11-27 19:01:29,246 - INFO - Visiting: http://www.drps.ed.ac.uk/24-25/dpt/cxedua11318.htm
2024-11-27 19:01:29,284 - INFO - 1 instances updated to ./data_container/24_11_27_18_59_52/24-25_cx_s_su819.htm.csv.
2024-11-27 19:01:29,309 - INFO - Visiting: http://www.drps.ed.ac.uk/24-25/dpt/cxedua11400.htm
2024-11-27 19:01:29,348 - INFO - 1 instances updated to ./data_container/24_11_27_18_59_52/24-25_cx_s_su819.htm.csv.
2024-11-27 19:01:29,382 - INFO - Visiting: http://www.drps.ed.ac.uk/24-25/dpt/cxedua11187.htm
2024-11-27 19:01:29,420 - INFO - 1 instances updated to ./data_container/24_11_27_18_59_52/24-25_cx_s_su819.htm.csv.
2024-11-27 19:01:29,450 - INFO - Visiting: http://www.drps.ed.ac.uk/24-25/dpt/cxedua11425.htm
2024-11-27 19:01:29,491 - INFO - 1 instances updated to ./data_container/24_11_27_18_59_52/24-25_cx_s_su819.htm.csv.
2024-11-27 19:01:29,516 - INFO - Visiting: http://www.drps.ed.ac.uk/24-25/dpt/cxedua11322.htm
2024-11-27 19:01:29,900 - INFO - 1 instances updated to ./data_container/24_11_27_18_59_52/24-25_cx_s_su819.htm.csv.
2024-11-27 19:01:29,927 - INFO - Visiting: http://www.drps.ed.ac.uk/24-25/dpt/cxedua11236.htm
2024-11-27 19:01:29,967 - INFO - 1 instances updated to ./data_container/24_11_27_18_59_52/24-25_cx_s_su819.htm.csv.
2024-11-27 19:01:29,997 - INFO - Visiting: http://www.drps.ed.ac.uk/24-25/dpt/cxedua11215.htm
2024-11-27 19:01:30,039 - INFO - 1 instances updated to ./data_container/24_11_27_18_59_52/24-25_cx_s_su819.htm.csv.
2024-11-27 19:01:30,072 - INFO - Visiting: http://www.drps.ed.ac.uk/24-25/dpt/cxedua11450.htm
2024-11-27 19:01:30,171 - INFO - 1 instances updated to ./data_container/24_11_27_18_59_52/24-25_cx_s_su819.htm.csv.
2024-11-27 19:01:30,197 - INFO - Visiting: http://www.drps.ed.ac.uk/24-25/dpt/cxedua11456.htm
2024-11-27 19:01:30,237 - INFO - 1 instances updated to ./data_container/24_11_27_18_59_52/24-25_cx_s_su819.htm.csv.
2024-11-27 19:01:30,264 - INFO - Visiting: http://www.drps.ed.ac.uk/24-25/dpt/cxedua11333.htm
2024-11-27 19:01:30,304 - INFO - 1 instances updated to ./data_container/24_11_27_18_59_52/24-25_cx_s_su819.htm.csv.
2024-11-27 19:01:30,329 - INFO - Visiting: http://www.drps.ed.ac.uk/24-25/dpt/cxedua11317.htm
2024-11-27 19:01:30,370 - INFO - 1 instances updated to ./data_container/24_11_27_18_59_52/24-25_cx_s_su819.htm.csv.
2024-11-27 19:01:30,395 - INFO - Visiting: http://www.drps.ed.ac.uk/24-25/dpt/cxedua11414.htm
2024-11-27 19:01:30,436 - INFO - 1 instances updated to ./data_container/24_11_27_18_59_52/24-25_cx_s_su819.htm.csv.
2024-11-27 19:01:30,473 - INFO - Visiting: http://www.drps.ed.ac.uk/24-25/dpt/cxedua11255.htm
2024-11-27 19:01:30,514 - INFO - 1 instances updated to ./data_container/24_11_27_18_59_52/24-25_cx_s_su819.htm.csv.
2024-11-27 19:01:30,542 - INFO - Visiting: http://www.drps.ed.ac.uk/24-25/dpt/cxedua11303.htm
2024-11-27 19:01:30,580 - INFO - 1 instances updated to ./data_container/24_11_27_18_59_52/24-25_cx_s_su819.htm.csv.
2024-11-27 19:01:30,611 - INFO - Visiting: http://www.drps.ed.ac.uk/24-25/dpt/cxedua11353.htm
2024-11-27 19:01:30,651 - INFO - 1 instances updated to ./data_container/24_11_27_18_59_52/24-25_cx_s_su819.htm.csv.
2024-11-27 19:01:30,676 - INFO - Visiting: http://www.drps.ed.ac.uk/24-25/dpt/cxedua11446.htm
2024-11-27 19:01:30,717 - INFO - 1 instances updated to ./data_container/24_11_27_18_59_52/24-25_cx_s_su819.htm.csv.
2024-11-27 19:01:30,743 - INFO - Visiting: http://www.drps.ed.ac.uk/24-25/dpt/cxedua11388.htm
2024-11-27 19:01:30,783 - INFO - 1 instances updated to ./data_container/24_11_27_18_59_52/24-25_cx_s_su819.htm.csv.
2024-11-27 19:01:30,813 - INFO - Visiting: http://www.drps.ed.ac.uk/24-25/dpt/cxedua11314.htm
2024-11-27 19:01:30,851 - INFO - 1 instances updated to ./data_container/24_11_27_18_59_52/24-25_cx_s_su819.htm.csv.
2024-11-27 19:01:30,880 - INFO - Visiting: http://www.drps.ed.ac.uk/24-25/dpt/cxedua11404.htm
2024-11-27 19:01:30,920 - INFO - 1 instances updated to ./data_container/24_11_27_18_59_52/24-25_cx_s_su819.htm.csv.
2024-11-27 19:01:30,954 - INFO - Visiting: http://www.drps.ed.ac.uk/24-25/dpt/cxedua11259.htm
2024-11-27 19:01:30,994 - INFO - 1 instances updated to ./data_container/24_11_27_18_59_52/24-25_cx_s_su819.htm.csv.
2024-11-27 19:01:31,021 - INFO - Visiting: http://www.drps.ed.ac.uk/24-25/dpt/cxedua11408.htm
2024-11-27 19:01:31,063 - INFO - 1 instances updated to ./data_container/24_11_27_18_59_52/24-25_cx_s_su819.htm.csv.
2024-11-27 19:01:31,088 - INFO - Visiting: http://www.drps.ed.ac.uk/24-25/dpt/cxedua11305.htm
2024-11-27 19:01:31,130 - INFO - 1 instances updated to ./data_container/24_11_27_18_59_52/24-25_cx_s_su819.htm.csv.
2024-11-27 19:01:31,155 - INFO - Visiting: http://www.drps.ed.ac.uk/24-25/dpt/cxedua11434.htm
2024-11-27 19:01:31,196 - INFO - 1 instances updated to ./data_container/24_11_27_18_59_52/24-25_cx_s_su819.htm.csv.
2024-11-27 19:01:31,228 - INFO - Visiting: http://www.drps.ed.ac.uk/24-25/dpt/cxedua11418.htm
2024-11-27 19:01:31,267 - INFO - 1 instances updated to ./data_container/24_11_27_18_59_52/24-25_cx_s_su819.htm.csv.
2024-11-27 19:01:31,299 - INFO - Visiting: http://www.drps.ed.ac.uk/24-25/dpt/cxedua11169.htm
2024-11-27 19:01:31,338 - INFO - 1 instances updated to ./data_container/24_11_27_18_59_52/24-25_cx_s_su819.htm.csv.
2024-11-27 19:01:31,364 - INFO - Visiting: http://www.drps.ed.ac.uk/24-25/dpt/cxedua11244.htm
2024-11-27 19:01:31,397 - INFO - 1 instances updated to ./data_container/24_11_27_18_59_52/24-25_cx_s_su819.htm.csv.
2024-11-27 19:01:31,426 - INFO - Visiting: http://www.drps.ed.ac.uk/24-25/dpt/cxedua11399.htm
2024-11-27 19:01:31,468 - INFO - 1 instances updated to ./data_container/24_11_27_18_59_52/24-25_cx_s_su819.htm.csv.
2024-11-27 19:01:31,494 - INFO - Visiting: http://www.drps.ed.ac.uk/24-25/dpt/cxedua11342.htm
2024-11-27 19:01:31,543 - INFO - 1 instances updated to ./data_container/24_11_27_18_59_52/24-25_cx_s_su819.htm.csv.
2024-11-27 19:01:31,569 - INFO - Visiting: http://www.drps.ed.ac.uk/24-25/dpt/cxedua11410.htm
2024-11-27 19:01:31,611 - INFO - 1 instances updated to ./data_container/24_11_27_18_59_52/24-25_cx_s_su819.htm.csv.
2024-11-27 19:01:31,636 - INFO - Visiting: http://www.drps.ed.ac.uk/24-25/dpt/cxedua11152.htm
2024-11-27 19:01:31,676 - INFO - 1 instances updated to ./data_container/24_11_27_18_59_52/24-25_cx_s_su819.htm.csv.
2024-11-27 19:01:31,701 - INFO - Visiting: http://www.drps.ed.ac.uk/24-25/dpt/cxedua11428.htm
2024-11-27 19:01:31,744 - INFO - 1 instances updated to ./data_container/24_11_27_18_59_52/24-25_cx_s_su819.htm.csv.
2024-11-27 19:01:31,774 - INFO - Visiting: http://www.drps.ed.ac.uk/24-25/dpt/cxedua11445.htm
2024-11-27 19:01:31,815 - INFO - 1 instances updated to ./data_container/24_11_27_18_59_52/24-25_cx_s_su819.htm.csv.
2024-11-27 19:01:31,840 - INFO - Visiting: http://www.drps.ed.ac.uk/24-25/dpt/cxedua11011.htm
2024-11-27 19:01:31,880 - INFO - 1 instances updated to ./data_container/24_11_27_18_59_52/24-25_cx_s_su819.htm.csv.
2024-11-27 19:01:31,905 - INFO - Visiting: http://www.drps.ed.ac.uk/24-25/dpt/cxedua11119.htm
2024-11-27 19:01:31,947 - INFO - 1 instances updated to ./data_container/24_11_27_18_59_52/24-25_cx_s_su819.htm.csv.
2024-11-27 19:01:31,984 - INFO - Visiting: http://www.drps.ed.ac.uk/24-25/dpt/cxedua11437.htm
2024-11-27 19:01:32,029 - INFO - 1 instances updated to ./data_container/24_11_27_18_59_52/24-25_cx_s_su819.htm.csv.
2024-11-27 19:01:32,054 - INFO - Visiting: http://www.drps.ed.ac.uk/24-25/dpt/cxedua11436.htm
2024-11-27 19:01:32,096 - INFO - 1 instances updated to ./data_container/24_11_27_18_59_52/24-25_cx_s_su819.htm.csv.
2024-11-27 19:01:32,131 - INFO - Visiting: http://www.drps.ed.ac.uk/24-25/dpt/cxedua11316.htm
2024-11-27 19:01:32,172 - INFO - 1 instances updated to ./data_container/24_11_27_18_59_52/24-25_cx_s_su819.htm.csv.
2024-11-27 19:01:32,202 - INFO - Visiting: http://www.drps.ed.ac.uk/24-25/dpt/cxedua11282.htm
2024-11-27 19:01:32,244 - INFO - 1 instances updated to ./data_container/24_11_27_18_59_52/24-25_cx_s_su819.htm.csv.
2024-11-27 19:01:32,270 - INFO - Visiting: http://www.drps.ed.ac.uk/24-25/dpt/cxedua11407.htm
2024-11-27 19:01:32,314 - INFO - 1 instances updated to ./data_container/24_11_27_18_59_52/24-25_cx_s_su819.htm.csv.
2024-11-27 19:01:32,339 - INFO - Visiting: http://www.drps.ed.ac.uk/24-25/dpt/cxedua11247.htm
2024-11-27 19:01:32,385 - INFO - 1 instances updated to ./data_container/24_11_27_18_59_52/24-25_cx_s_su819.htm.csv.
2024-11-27 19:01:32,411 - INFO - Visiting: http://www.drps.ed.ac.uk/24-25/dpt/cxedua11283.htm
2024-11-27 19:01:32,457 - INFO - 1 instances updated to ./data_container/24_11_27_18_59_52/24-25_cx_s_su819.htm.csv.
2024-11-27 19:01:32,506 - INFO - Visiting: http://www.drps.ed.ac.uk/24-25/dpt/cxedua11415.htm
2024-11-27 19:01:32,550 - INFO - 1 instances updated to ./data_container/24_11_27_18_59_52/24-25_cx_s_su819.htm.csv.
2024-11-27 19:01:32,574 - INFO - Visiting: http://www.drps.ed.ac.uk/24-25/dpt/cxedua11045.htm
2024-11-27 19:01:32,617 - INFO - 1 instances updated to ./data_container/24_11_27_18_59_52/24-25_cx_s_su819.htm.csv.
2024-11-27 19:01:32,652 - INFO - Visiting: http://www.drps.ed.ac.uk/24-25/dpt/cxedua11240.htm
2024-11-27 19:01:32,695 - INFO - 1 instances updated to ./data_container/24_11_27_18_59_52/24-25_cx_s_su819.htm.csv.
2024-11-27 19:01:32,721 - INFO - Visiting: http://www.drps.ed.ac.uk/24-25/dpt/cxedua11413.htm
2024-11-27 19:01:32,763 - INFO - 1 instances updated to ./data_container/24_11_27_18_59_52/24-25_cx_s_su819.htm.csv.
2024-11-27 19:01:32,789 - INFO - Visiting: http://www.drps.ed.ac.uk/24-25/dpt/cxedua11248.htm
2024-11-27 19:01:32,835 - INFO - 1 instances updated to ./data_container/24_11_27_18_59_52/24-25_cx_s_su819.htm.csv.
2024-11-27 19:01:32,861 - INFO - Visiting: http://www.drps.ed.ac.uk/24-25/dpt/cxedua11201.htm
2024-11-27 19:01:32,901 - INFO - 1 instances updated to ./data_container/24_11_27_18_59_52/24-25_cx_s_su819.htm.csv.
2024-11-27 19:01:32,927 - INFO - Visiting: http://www.drps.ed.ac.uk/24-25/dpt/cxedua11419.htm
2024-11-27 19:01:32,971 - INFO - 1 instances updated to ./data_container/24_11_27_18_59_52/24-25_cx_s_su819.htm.csv.
2024-11-27 19:01:32,996 - INFO - Visiting: http://www.drps.ed.ac.uk/24-25/dpt/cxedua11392.htm
2024-11-27 19:01:33,041 - INFO - 1 instances updated to ./data_container/24_11_27_18_59_52/24-25_cx_s_su819.htm.csv.
2024-11-27 19:01:33,066 - INFO - Visiting: http://www.drps.ed.ac.uk/24-25/dpt/cxedua11346.htm
2024-11-27 19:01:33,164 - INFO - 1 instances updated to ./data_container/24_11_27_18_59_52/24-25_cx_s_su819.htm.csv.
2024-11-27 19:01:33,189 - INFO - Visiting: http://www.drps.ed.ac.uk/24-25/dpt/cxedua11125.htm
2024-11-27 19:01:33,231 - INFO - 1 instances updated to ./data_container/24_11_27_18_59_52/24-25_cx_s_su819.htm.csv.
2024-11-27 19:01:33,257 - INFO - Visiting: http://www.drps.ed.ac.uk/24-25/dpt/cxedua11344.htm
2024-11-27 19:01:33,302 - INFO - 1 instances updated to ./data_container/24_11_27_18_59_52/24-25_cx_s_su819.htm.csv.
2024-11-27 19:01:33,327 - INFO - Visiting: http://www.drps.ed.ac.uk/24-25/dpt/cxedua11252.htm
2024-11-27 19:01:33,369 - INFO - 1 instances updated to ./data_container/24_11_27_18_59_52/24-25_cx_s_su819.htm.csv.
2024-11-27 19:01:33,396 - INFO - Visiting: http://www.drps.ed.ac.uk/24-25/dpt/cxedua11443.htm
2024-11-27 19:01:33,468 - INFO - 1 instances updated to ./data_container/24_11_27_18_59_52/24-25_cx_s_su819.htm.csv.
2024-11-27 19:01:33,494 - INFO - Visiting: http://www.drps.ed.ac.uk/24-25/dpt/cxedua11327.htm
2024-11-27 19:01:33,538 - INFO - 1 instances updated to ./data_container/24_11_27_18_59_52/24-25_cx_s_su819.htm.csv.
2024-11-27 19:01:33,572 - INFO - Visiting: http://www.drps.ed.ac.uk/24-25/dpt/cxedua11094.htm
2024-11-27 19:01:33,614 - INFO - 1 instances updated to ./data_container/24_11_27_18_59_52/24-25_cx_s_su819.htm.csv.
2024-11-27 19:01:33,640 - INFO - Visiting: http://www.drps.ed.ac.uk/24-25/dpt/cxedua11383.htm
2024-11-27 19:01:33,682 - INFO - 1 instances updated to ./data_container/24_11_27_18_59_52/24-25_cx_s_su819.htm.csv.
2024-11-27 19:01:33,708 - INFO - Visiting: http://www.drps.ed.ac.uk/24-25/dpt/cxedua11442.htm
2024-11-27 19:01:33,753 - INFO - 1 instances updated to ./data_container/24_11_27_18_59_52/24-25_cx_s_su819.htm.csv.
2024-11-27 19:01:33,790 - INFO - Visiting: http://www.drps.ed.ac.uk/24-25/dpt/cxedua11460.htm
2024-11-27 19:01:33,834 - INFO - 1 instances updated to ./data_container/24_11_27_18_59_52/24-25_cx_s_su819.htm.csv.
2024-11-27 19:01:33,860 - INFO - Visiting: http://www.drps.ed.ac.uk/24-25/dpt/cxedua11459.htm
2024-11-27 19:01:33,903 - INFO - 1 instances updated to ./data_container/24_11_27_18_59_52/24-25_cx_s_su819.htm.csv.
2024-11-27 19:01:33,929 - INFO - Visiting: http://www.drps.ed.ac.uk/24-25/dpt/cxedua11373.htm
2024-11-27 19:01:33,972 - INFO - 1 instances updated to ./data_container/24_11_27_18_59_52/24-25_cx_s_su819.htm.csv.
2024-11-27 19:01:34,004 - INFO - Visiting: http://www.drps.ed.ac.uk/24-25/dpt/cxedua11212.htm
2024-11-27 19:01:34,050 - INFO - 1 instances updated to ./data_container/24_11_27_18_59_52/24-25_cx_s_su819.htm.csv.
2024-11-27 19:01:34,347 - INFO - Visiting: http://www.drps.ed.ac.uk/24-25/dpt/cxedua11328.htm
2024-11-27 19:01:34,393 - INFO - 1 instances updated to ./data_container/24_11_27_18_59_52/24-25_cx_s_su819.htm.csv.
2024-11-27 19:01:34,418 - INFO - Visiting: http://www.drps.ed.ac.uk/24-25/dpt/cxedua11423.htm
2024-11-27 19:01:34,463 - INFO - 1 instances updated to ./data_container/24_11_27_18_59_52/24-25_cx_s_su819.htm.csv.
2024-11-27 19:01:34,489 - INFO - Visiting: http://www.drps.ed.ac.uk/24-25/dpt/cxedua11117.htm
2024-11-27 19:01:34,537 - INFO - 1 instances updated to ./data_container/24_11_27_18_59_52/24-25_cx_s_su819.htm.csv.
2024-11-27 19:01:34,562 - INFO - Visiting: http://www.drps.ed.ac.uk/24-25/dpt/cxedua11452.htm
2024-11-27 19:01:34,607 - INFO - 1 instances updated to ./data_container/24_11_27_18_59_52/24-25_cx_s_su819.htm.csv.
2024-11-27 19:01:34,636 - INFO - Visiting: http://www.drps.ed.ac.uk/24-25/dpt/cxedua11290.htm
2024-11-27 19:01:34,681 - INFO - 1 instances updated to ./data_container/24_11_27_18_59_52/24-25_cx_s_su819.htm.csv.
2024-11-27 19:01:34,711 - INFO - Visiting: http://www.drps.ed.ac.uk/24-25/dpt/cxedua11289.htm
2024-11-27 19:01:34,753 - INFO - 1 instances updated to ./data_container/24_11_27_18_59_52/24-25_cx_s_su819.htm.csv.
2024-11-27 19:01:34,778 - INFO - Visiting: http://www.drps.ed.ac.uk/24-25/dpt/cxedua11288.htm
2024-11-27 19:01:34,823 - INFO - 1 instances updated to ./data_container/24_11_27_18_59_52/24-25_cx_s_su819.htm.csv.
2024-11-27 19:01:34,849 - INFO - Visiting: http://www.drps.ed.ac.uk/24-25/dpt/cxedua11332.htm
2024-11-27 19:01:34,892 - INFO - 1 instances updated to ./data_container/24_11_27_18_59_52/24-25_cx_s_su819.htm.csv.
2024-11-27 19:01:35,216 - INFO - Visiting: http://www.drps.ed.ac.uk/24-25/dpt/cxedua11041.htm
2024-11-27 19:01:35,262 - INFO - 1 instances updated to ./data_container/24_11_27_18_59_52/24-25_cx_s_su819.htm.csv.
2024-11-27 19:01:35,288 - INFO - Visiting: http://www.drps.ed.ac.uk/24-25/dpt/cxedua11449.htm
2024-11-27 19:01:35,334 - INFO - 1 instances updated to ./data_container/24_11_27_18_59_52/24-25_cx_s_su819.htm.csv.
2024-11-27 19:01:35,360 - INFO - Visiting: http://www.drps.ed.ac.uk/24-25/dpt/cxedua11403.htm
2024-11-27 19:01:35,406 - INFO - 1 instances updated to ./data_container/24_11_27_18_59_52/24-25_cx_s_su819.htm.csv.
2024-11-27 19:01:35,431 - INFO - Visiting: http://www.drps.ed.ac.uk/24-25/dpt/cxedua11116.htm
2024-11-27 19:01:35,479 - INFO - 1 instances updated to ./data_container/24_11_27_18_59_52/24-25_cx_s_su819.htm.csv.
2024-11-27 19:01:35,504 - INFO - Visiting: http://www.drps.ed.ac.uk/24-25/dpt/cxedua11105.htm
2024-11-27 19:01:35,549 - INFO - 1 instances updated to ./data_container/24_11_27_18_59_52/24-25_cx_s_su819.htm.csv.
2024-11-27 19:01:35,573 - INFO - Visiting: http://www.drps.ed.ac.uk/24-25/dpt/cxedua11453.htm
2024-11-27 19:01:35,610 - INFO - 1 instances updated to ./data_container/24_11_27_18_59_52/24-25_cx_s_su819.htm.csv.
2024-11-27 19:01:35,635 - INFO - Visiting: http://www.drps.ed.ac.uk/24-25/dpt/cxedua11421.htm
2024-11-27 19:01:35,682 - INFO - 1 instances updated to ./data_container/24_11_27_18_59_52/24-25_cx_s_su819.htm.csv.
2024-11-27 19:01:35,708 - INFO - Visiting: http://www.drps.ed.ac.uk/24-25/dpt/cxedua11409.htm
2024-11-27 19:01:35,756 - INFO - 1 instances updated to ./data_container/24_11_27_18_59_52/24-25_cx_s_su819.htm.csv.
2024-11-27 19:01:35,782 - INFO - Visiting: http://www.drps.ed.ac.uk/24-25/dpt/cxedua11258.htm
2024-11-27 19:01:35,827 - INFO - 1 instances updated to ./data_container/24_11_27_18_59_52/24-25_cx_s_su819.htm.csv.
2024-11-27 19:01:35,851 - INFO - Visiting: http://www.drps.ed.ac.uk/24-25/dpt/cxedua11040.htm
2024-11-27 19:01:35,897 - INFO - 1 instances updated to ./data_container/24_11_27_18_59_52/24-25_cx_s_su819.htm.csv.
2024-11-27 19:01:35,922 - INFO - Visiting: http://www.drps.ed.ac.uk/24-25/dpt/cxedua11326.htm
2024-11-27 19:01:35,969 - INFO - 1 instances updated to ./data_container/24_11_27_18_59_52/24-25_cx_s_su819.htm.csv.
2024-11-27 19:01:35,999 - INFO - Visiting: http://www.drps.ed.ac.uk/24-25/dpt/cxedua11350.htm
2024-11-27 19:01:36,044 - INFO - 1 instances updated to ./data_container/24_11_27_18_59_52/24-25_cx_s_su819.htm.csv.
2024-11-27 19:01:36,069 - INFO - Visiting: http://www.drps.ed.ac.uk/24-25/dpt/cxedua11287.htm
2024-11-27 19:01:36,115 - INFO - 1 instances updated to ./data_container/24_11_27_18_59_52/24-25_cx_s_su819.htm.csv.
2024-11-27 19:01:36,139 - INFO - Visiting: http://www.drps.ed.ac.uk/24-25/dpt/cxedua11285.htm
2024-11-27 19:01:36,184 - INFO - 1 instances updated to ./data_container/24_11_27_18_59_52/24-25_cx_s_su819.htm.csv.
2024-11-27 19:01:36,212 - INFO - Visiting: http://www.drps.ed.ac.uk/24-25/dpt/cxedua11286.htm
2024-11-27 19:01:36,259 - INFO - 1 instances updated to ./data_container/24_11_27_18_59_52/24-25_cx_s_su819.htm.csv.
2024-11-27 19:01:36,284 - INFO - Visiting: http://www.drps.ed.ac.uk/24-25/dpt/cxedua11210.htm
2024-11-27 19:01:36,333 - INFO - 1 instances updated to ./data_container/24_11_27_18_59_52/24-25_cx_s_su819.htm.csv.
2024-11-27 19:01:36,358 - INFO - Visiting: http://www.drps.ed.ac.uk/24-25/dpt/cxedua11194.htm
2024-11-27 19:01:36,404 - INFO - 1 instances updated to ./data_container/24_11_27_18_59_52/24-25_cx_s_su819.htm.csv.
2024-11-27 19:01:36,430 - INFO - Visiting: http://www.drps.ed.ac.uk/24-25/dpt/cxedua11334.htm
2024-11-27 19:01:36,476 - INFO - 1 instances updated to ./data_container/24_11_27_18_59_52/24-25_cx_s_su819.htm.csv.
2024-11-27 19:01:36,502 - INFO - Visiting: http://www.drps.ed.ac.uk/24-25/dpt/cxedua11461.htm
2024-11-27 19:01:36,549 - INFO - 1 instances updated to ./data_container/24_11_27_18_59_52/24-25_cx_s_su819.htm.csv.
2024-11-27 19:01:36,574 - INFO - Visiting: http://www.drps.ed.ac.uk/24-25/dpt/cxedua11048.htm
2024-11-27 19:01:36,620 - INFO - 1 instances updated to ./data_container/24_11_27_18_59_52/24-25_cx_s_su819.htm.csv.
2024-11-27 19:01:36,644 - INFO - Visiting: http://www.drps.ed.ac.uk/24-25/dpt/cxedua11042.htm
2024-11-27 19:01:36,685 - INFO - 1 instances updated to ./data_container/24_11_27_18_59_52/24-25_cx_s_su819.htm.csv.
2024-11-27 19:01:36,712 - INFO - Visiting: http://www.drps.ed.ac.uk/24-25/dpt/cxedua11439.htm
2024-11-27 19:01:36,758 - INFO - 1 instances updated to ./data_container/24_11_27_18_59_52/24-25_cx_s_su819.htm.csv.
2024-11-27 19:01:36,783 - INFO - Visiting: http://www.drps.ed.ac.uk/24-25/dpt/cxedua11354.htm
2024-11-27 19:01:36,886 - INFO - 1 instances updated to ./data_container/24_11_27_18_59_52/24-25_cx_s_su819.htm.csv.
2024-11-27 19:01:36,912 - INFO - Visiting: http://www.drps.ed.ac.uk/24-25/dpt/cxedua11391.htm
2024-11-27 19:01:36,958 - INFO - 1 instances updated to ./data_container/24_11_27_18_59_52/24-25_cx_s_su819.htm.csv.
2024-11-27 19:01:36,985 - INFO - Visiting: http://www.drps.ed.ac.uk/24-25/dpt/cxedua11284.htm
2024-11-27 19:01:37,036 - INFO - 1 instances updated to ./data_container/24_11_27_18_59_52/24-25_cx_s_su819.htm.csv.
2024-11-27 19:01:37,062 - INFO - Visiting: http://www.drps.ed.ac.uk/24-25/dpt/cxedua11124.htm
2024-11-27 19:01:37,106 - INFO - 1 instances updated to ./data_container/24_11_27_18_59_52/24-25_cx_s_su819.htm.csv.
2024-11-27 19:01:37,131 - INFO - Visiting: http://www.drps.ed.ac.uk/24-25/dpt/cxedua11257.htm
2024-11-27 19:01:37,178 - INFO - 1 instances updated to ./data_container/24_11_27_18_59_52/24-25_cx_s_su819.htm.csv.
2024-11-27 19:01:37,203 - INFO - Visiting: http://www.drps.ed.ac.uk/24-25/dpt/cxedua11351.htm
2024-11-27 19:01:37,248 - INFO - 1 instances updated to ./data_container/24_11_27_18_59_52/24-25_cx_s_su819.htm.csv.
2024-11-27 19:01:37,274 - INFO - Visiting: http://www.drps.ed.ac.uk/24-25/dpt/cxedua11462.htm
2024-11-27 19:01:37,323 - INFO - 1 instances updated to ./data_container/24_11_27_18_59_52/24-25_cx_s_su819.htm.csv.
2024-11-27 19:01:37,360 - INFO - Visiting: http://www.drps.ed.ac.uk/24-25/dpt/cxedua11416.htm
2024-11-27 19:01:37,411 - INFO - 1 instances updated to ./data_container/24_11_27_18_59_52/24-25_cx_s_su819.htm.csv.
2024-11-27 19:01:37,439 - INFO - Visiting: http://www.drps.ed.ac.uk/24-25/dpt/cxedua11304.htm
2024-11-27 19:01:37,489 - INFO - 1 instances updated to ./data_container/24_11_27_18_59_52/24-25_cx_s_su819.htm.csv.
2024-11-27 19:01:37,515 - INFO - Visiting: http://www.drps.ed.ac.uk/24-25/dpt/cxedua11235.htm
2024-11-27 19:01:37,562 - INFO - 1 instances updated to ./data_container/24_11_27_18_59_52/24-25_cx_s_su819.htm.csv.
2024-11-27 19:01:37,588 - INFO - Visiting: http://www.drps.ed.ac.uk/24-25/dpt/cxedua11300.htm
2024-11-27 19:01:37,635 - INFO - 1 instances updated to ./data_container/24_11_27_18_59_52/24-25_cx_s_su819.htm.csv.
2024-11-27 19:01:37,662 - INFO - Visiting: http://www.drps.ed.ac.uk/24-25/dpt/cxedua11301.htm
2024-11-27 19:01:37,710 - INFO - 1 instances updated to ./data_container/24_11_27_18_59_52/24-25_cx_s_su819.htm.csv.
2024-11-27 19:01:37,736 - INFO - Visiting: http://www.drps.ed.ac.uk/24-25/dpt/cxedua11297.htm
2024-11-27 19:01:37,783 - INFO - 1 instances updated to ./data_container/24_11_27_18_59_52/24-25_cx_s_su819.htm.csv.
2024-11-27 19:01:37,809 - INFO - Visiting: http://www.drps.ed.ac.uk/24-25/dpt/cxedua11457.htm
2024-11-27 19:01:37,859 - INFO - 1 instances updated to ./data_container/24_11_27_18_59_52/24-25_cx_s_su819.htm.csv.
2024-11-27 19:01:37,884 - INFO - Visiting: http://www.drps.ed.ac.uk/24-25/dpt/cxedua11298.htm
2024-11-27 19:01:37,934 - INFO - 1 instances updated to ./data_container/24_11_27_18_59_52/24-25_cx_s_su819.htm.csv.
2024-11-27 19:01:37,962 - INFO - Visiting: http://www.drps.ed.ac.uk/24-25/dpt/cxedua11299.htm
2024-11-27 19:01:38,095 - INFO - 1 instances updated to ./data_container/24_11_27_18_59_52/24-25_cx_s_su819.htm.csv.
2024-11-27 19:01:38,120 - INFO - Visiting: http://www.drps.ed.ac.uk/24-25/dpt/cxedua11038.htm
2024-11-27 19:01:38,164 - INFO - 1 instances updated to ./data_container/24_11_27_18_59_52/24-25_cx_s_su819.htm.csv.
2024-11-27 19:01:38,195 - INFO - Visiting: http://www.drps.ed.ac.uk/24-25/dpt/cxedua11463.htm
2024-11-27 19:01:38,245 - INFO - 1 instances updated to ./data_container/24_11_27_18_59_52/24-25_cx_s_su819.htm.csv.
2024-11-27 19:01:38,272 - INFO - Visiting: http://www.drps.ed.ac.uk/24-25/dpt/cxedua11368.htm
2024-11-27 19:01:38,319 - INFO - 1 instances updated to ./data_container/24_11_27_18_59_52/24-25_cx_s_su819.htm.csv.
2024-11-27 19:01:38,343 - INFO - Visiting: http://www.drps.ed.ac.uk/24-25/dpt/cxedua11377.htm
2024-11-27 19:01:38,423 - INFO - 1 instances updated to ./data_container/24_11_27_18_59_52/24-25_cx_s_su819.htm.csv.
2024-11-27 19:01:38,451 - INFO - Visiting: http://www.drps.ed.ac.uk/24-25/dpt/cxedua11369.htm
2024-11-27 19:01:38,528 - INFO - 1 instances updated to ./data_container/24_11_27_18_59_52/24-25_cx_s_su819.htm.csv.
2024-11-27 19:01:38,552 - INFO - Visiting: http://www.drps.ed.ac.uk/24-25/dpt/cxedua11382.htm
2024-11-27 19:01:38,600 - INFO - 1 instances updated to ./data_container/24_11_27_18_59_52/24-25_cx_s_su819.htm.csv.
2024-11-27 19:01:38,626 - INFO - Visiting: http://www.drps.ed.ac.uk/24-25/dpt/cxedua11402.htm
2024-11-27 19:01:38,676 - INFO - 1 instances updated to ./data_container/24_11_27_18_59_52/24-25_cx_s_su819.htm.csv.
2024-11-27 19:01:38,702 - INFO - Visiting: http://www.drps.ed.ac.uk/24-25/dpt/cxedua11365.htm
2024-11-27 19:01:38,751 - INFO - 1 instances updated to ./data_container/24_11_27_18_59_52/24-25_cx_s_su819.htm.csv.
2024-11-27 19:01:38,779 - INFO - Visiting: http://www.drps.ed.ac.uk/24-25/dpt/cxedua11366.htm
2024-11-27 19:01:38,905 - INFO - 1 instances updated to ./data_container/24_11_27_18_59_52/24-25_cx_s_su819.htm.csv.
2024-11-27 19:01:38,930 - INFO - Visiting: http://www.drps.ed.ac.uk/24-25/dpt/cxedua11401.htm
2024-11-27 19:01:38,978 - INFO - 1 instances updated to ./data_container/24_11_27_18_59_52/24-25_cx_s_su819.htm.csv.
2024-11-27 19:01:39,003 - INFO - Visiting: http://www.drps.ed.ac.uk/24-25/dpt/cxedua11381.htm
2024-11-27 19:01:39,054 - INFO - 1 instances updated to ./data_container/24_11_27_18_59_52/24-25_cx_s_su819.htm.csv.
2024-11-27 19:01:39,084 - INFO - Visiting: http://www.drps.ed.ac.uk/24-25/dpt/cxedua11380.htm
2024-11-27 19:01:39,135 - INFO - 1 instances updated to ./data_container/24_11_27_18_59_52/24-25_cx_s_su819.htm.csv.
2024-11-27 19:01:39,160 - INFO - Visiting: http://www.drps.ed.ac.uk/24-25/dpt/cxedua11424.htm
2024-11-27 19:01:39,344 - INFO - 1 instances updated to ./data_container/24_11_27_18_59_52/24-25_cx_s_su819.htm.csv.
2024-11-27 19:01:39,369 - INFO - Visiting: http://www.drps.ed.ac.uk/24-25/dpt/cxedua11329.htm
2024-11-27 19:01:39,421 - INFO - 1 instances updated to ./data_container/24_11_27_18_59_52/24-25_cx_s_su819.htm.csv.
2024-11-27 19:01:39,447 - INFO - Visiting: http://www.drps.ed.ac.uk/24-25/dpt/cxedua11367.htm
2024-11-27 19:01:39,501 - INFO - 1 instances updated to ./data_container/24_11_27_18_59_52/24-25_cx_s_su819.htm.csv.
2024-11-27 19:01:39,526 - INFO - Visiting: http://www.drps.ed.ac.uk/24-25/dpt/cxedua11340.htm
2024-11-27 19:01:39,576 - INFO - 1 instances updated to ./data_container/24_11_27_18_59_52/24-25_cx_s_su819.htm.csv.
2024-11-27 19:01:39,602 - INFO - Visiting: http://www.drps.ed.ac.uk/24-25/dpt/cxedua11347.htm
2024-11-27 19:01:39,653 - INFO - 1 instances updated to ./data_container/24_11_27_18_59_52/24-25_cx_s_su819.htm.csv.
2024-11-27 19:01:39,681 - INFO - Visiting: http://www.drps.ed.ac.uk/24-25/dpt/cxedua11206.htm
2024-11-27 19:01:39,734 - INFO - 1 instances updated to ./data_container/24_11_27_18_59_52/24-25_cx_s_su819.htm.csv.
2024-11-27 19:01:39,758 - INFO - Visiting: http://www.drps.ed.ac.uk/24-25/dpt/cxedua11233.htm
2024-11-27 19:01:39,805 - INFO - 1 instances updated to ./data_container/24_11_27_18_59_52/24-25_cx_s_su819.htm.csv.
2024-11-27 19:01:39,832 - INFO - Visiting: http://www.drps.ed.ac.uk/24-25/dpt/cxedua11385.htm
2024-11-27 19:01:39,883 - INFO - 1 instances updated to ./data_container/24_11_27_18_59_52/24-25_cx_s_su819.htm.csv.
2024-11-27 19:01:39,912 - INFO - Visiting: http://www.drps.ed.ac.uk/24-25/dpt/cxedua11338.htm
2024-11-27 19:01:39,964 - INFO - 1 instances updated to ./data_container/24_11_27_18_59_52/24-25_cx_s_su819.htm.csv.
2024-11-27 19:01:39,989 - INFO - Visiting: http://www.drps.ed.ac.uk/24-25/dpt/cxedua11250.htm
2024-11-27 19:01:40,057 - INFO - 1 instances updated to ./data_container/24_11_27_18_59_52/24-25_cx_s_su819.htm.csv.
2024-11-27 19:01:40,116 - INFO - Visiting: http://www.drps.ed.ac.uk/24-25/dpt/cxedua11458.htm
2024-11-27 19:01:40,168 - INFO - 1 instances updated to ./data_container/24_11_27_18_59_52/24-25_cx_s_su819.htm.csv.
2024-11-27 19:01:40,193 - INFO - Visiting: http://www.drps.ed.ac.uk/24-25/dpt/cxedua11363.htm
2024-11-27 19:01:40,284 - INFO - 1 instances updated to ./data_container/24_11_27_18_59_52/24-25_cx_s_su819.htm.csv.
2024-11-27 19:01:40,309 - INFO - Visiting: http://www.drps.ed.ac.uk/24-25/dpt/cxedua11324.htm
2024-11-27 19:01:40,362 - INFO - 1 instances updated to ./data_container/24_11_27_18_59_52/24-25_cx_s_su819.htm.csv.
2024-11-27 19:01:40,386 - INFO - Visiting: http://www.drps.ed.ac.uk/24-25/dpt/cxedua11376.htm
2024-11-27 19:01:40,496 - INFO - 1 instances updated to ./data_container/24_11_27_18_59_52/24-25_cx_s_su819.htm.csv.
2024-11-27 19:01:40,522 - INFO - Visiting: http://www.drps.ed.ac.uk/24-25/dpt/cxedua11335.htm
2024-11-27 19:01:40,572 - INFO - 1 instances updated to ./data_container/24_11_27_18_59_52/24-25_cx_s_su819.htm.csv.
2024-11-27 19:01:40,601 - INFO - Visiting: http://www.drps.ed.ac.uk/24-25/dpt/cxedua11179.htm
2024-11-27 19:01:40,659 - INFO - 1 instances updated to ./data_container/24_11_27_18_59_52/24-25_cx_s_su819.htm.csv.
2024-11-27 19:01:40,685 - INFO - Visiting: http://www.drps.ed.ac.uk/24-25/dpt/cxedua11438.htm
2024-11-27 19:01:40,736 - INFO - 1 instances updated to ./data_container/24_11_27_18_59_52/24-25_cx_s_su819.htm.csv.
2024-11-27 19:01:40,765 - INFO - Visiting: http://www.drps.ed.ac.uk/24-25/dpt/cxedua11348.htm
2024-11-27 19:01:40,818 - INFO - 1 instances updated to ./data_container/24_11_27_18_59_52/24-25_cx_s_su819.htm.csv.
2024-11-27 19:01:40,842 - INFO - Visiting: http://www.drps.ed.ac.uk/24-25/dpt/cxedua12001.htm
2024-11-27 19:01:40,893 - INFO - 1 instances updated to ./data_container/24_11_27_18_59_52/24-25_cx_s_su819.htm.csv.
2024-11-27 19:01:40,893 - INFO - Mining for keywords Accessibility,Inclusive design,Disability rights,Adaptive tools is success.
2024-11-27 19:01:40,935 - INFO - Visiting: http://www.drps.ed.ac.uk/24-25/dpt/cx_sb_redu.htm
2024-11-27 19:01:40,986 - INFO - Visiting: http://www.drps.ed.ac.uk/24-25/dpt/cxredu11074.htm
2024-11-27 19:01:41,011 - INFO - 1 instances updated to ./data_container/24_11_27_18_59_52/24-25_cx_s_su819.htm.csv.
2024-11-27 19:01:41,035 - INFO - Visiting: http://www.drps.ed.ac.uk/24-25/dpt/cxredu11079.htm
2024-11-27 19:01:41,056 - INFO - 1 instances updated to ./data_container/24_11_27_18_59_52/24-25_cx_s_su819.htm.csv.
2024-11-27 19:01:41,080 - INFO - Visiting: http://www.drps.ed.ac.uk/24-25/dpt/cxredu11076.htm
2024-11-27 19:01:41,101 - INFO - 1 instances updated to ./data_container/24_11_27_18_59_52/24-25_cx_s_su819.htm.csv.
2024-11-27 19:01:41,131 - INFO - Visiting: http://www.drps.ed.ac.uk/24-25/dpt/cxredu11045.htm
2024-11-27 19:01:41,152 - INFO - 1 instances updated to ./data_container/24_11_27_18_59_52/24-25_cx_s_su819.htm.csv.
2024-11-27 19:01:41,186 - INFO - Visiting: http://www.drps.ed.ac.uk/24-25/dpt/cxredu11091.htm
2024-11-27 19:01:41,209 - INFO - 1 instances updated to ./data_container/24_11_27_18_59_52/24-25_cx_s_su819.htm.csv.
2024-11-27 19:01:41,237 - INFO - Visiting: http://www.drps.ed.ac.uk/24-25/dpt/cxredu11073.htm
2024-11-27 19:01:41,259 - INFO - 1 instances updated to ./data_container/24_11_27_18_59_52/24-25_cx_s_su819.htm.csv.
2024-11-27 19:01:41,285 - INFO - Visiting: http://www.drps.ed.ac.uk/24-25/dpt/cxredu11089.htm
2024-11-27 19:01:41,307 - INFO - 1 instances updated to ./data_container/24_11_27_18_59_52/24-25_cx_s_su819.htm.csv.
2024-11-27 19:01:41,334 - INFO - Visiting: http://www.drps.ed.ac.uk/24-25/dpt/cxredu11060.htm
2024-11-27 19:01:41,355 - INFO - 1 instances updated to ./data_container/24_11_27_18_59_52/24-25_cx_s_su819.htm.csv.
2024-11-27 19:01:41,381 - INFO - Visiting: http://www.drps.ed.ac.uk/24-25/dpt/cxredu11087.htm
2024-11-27 19:01:41,406 - INFO - 1 instances updated to ./data_container/24_11_27_18_59_52/24-25_cx_s_su819.htm.csv.
2024-11-27 19:01:41,430 - INFO - Visiting: http://www.drps.ed.ac.uk/24-25/dpt/cxredu11082.htm
2024-11-27 19:01:41,453 - INFO - 1 instances updated to ./data_container/24_11_27_18_59_52/24-25_cx_s_su819.htm.csv.
2024-11-27 19:01:41,478 - INFO - Visiting: http://www.drps.ed.ac.uk/24-25/dpt/cxredu11083.htm
2024-11-27 19:01:41,501 - INFO - 1 instances updated to ./data_container/24_11_27_18_59_52/24-25_cx_s_su819.htm.csv.
2024-11-27 19:01:41,528 - INFO - Visiting: http://www.drps.ed.ac.uk/24-25/dpt/cxredu11052.htm
2024-11-27 19:01:41,551 - INFO - 1 instances updated to ./data_container/24_11_27_18_59_52/24-25_cx_s_su819.htm.csv.
2024-11-27 19:01:41,575 - INFO - Visiting: http://www.drps.ed.ac.uk/24-25/dpt/cxredu11088.htm
2024-11-27 19:01:41,601 - INFO - 1 instances updated to ./data_container/24_11_27_18_59_52/24-25_cx_s_su819.htm.csv.
2024-11-27 19:01:41,626 - INFO - Visiting: http://www.drps.ed.ac.uk/24-25/dpt/cxredu11092.htm
2024-11-27 19:01:41,651 - INFO - 1 instances updated to ./data_container/24_11_27_18_59_52/24-25_cx_s_su819.htm.csv.
2024-11-27 19:01:41,676 - INFO - Visiting: http://www.drps.ed.ac.uk/24-25/dpt/cxredu11086.htm
2024-11-27 19:01:41,702 - INFO - 1 instances updated to ./data_container/24_11_27_18_59_52/24-25_cx_s_su819.htm.csv.
2024-11-27 19:01:41,732 - INFO - Visiting: http://www.drps.ed.ac.uk/24-25/dpt/cxredu11085.htm
2024-11-27 19:01:41,757 - INFO - 1 instances updated to ./data_container/24_11_27_18_59_52/24-25_cx_s_su819.htm.csv.
2024-11-27 19:01:41,783 - INFO - Visiting: http://www.drps.ed.ac.uk/24-25/dpt/cxredu11080.htm
2024-11-27 19:01:41,807 - INFO - 1 instances updated to ./data_container/24_11_27_18_59_52/24-25_cx_s_su819.htm.csv.
2024-11-27 19:01:41,833 - INFO - Visiting: http://www.drps.ed.ac.uk/24-25/dpt/cxredu11077.htm
2024-11-27 19:01:41,856 - INFO - 1 instances updated to ./data_container/24_11_27_18_59_52/24-25_cx_s_su819.htm.csv.
2024-11-27 19:01:41,881 - INFO - Visiting: http://www.drps.ed.ac.uk/24-25/dpt/cxredu11081.htm
2024-11-27 19:01:41,906 - INFO - 1 instances updated to ./data_container/24_11_27_18_59_52/24-25_cx_s_su819.htm.csv.
2024-11-27 19:01:41,933 - INFO - Visiting: http://www.drps.ed.ac.uk/24-25/dpt/cxredu11084.htm
2024-11-27 19:01:41,959 - INFO - 1 instances updated to ./data_container/24_11_27_18_59_52/24-25_cx_s_su819.htm.csv.
2024-11-27 19:01:41,983 - INFO - Visiting: http://www.drps.ed.ac.uk/24-25/dpt/cxredu11064.htm
2024-11-27 19:01:42,007 - INFO - 1 instances updated to ./data_container/24_11_27_18_59_52/24-25_cx_s_su819.htm.csv.
2024-11-27 19:01:42,039 - INFO - Visiting: http://www.drps.ed.ac.uk/24-25/dpt/cxredu11050.htm
2024-11-27 19:01:42,062 - INFO - 1 instances updated to ./data_container/24_11_27_18_59_52/24-25_cx_s_su819.htm.csv.
2024-11-27 19:01:42,086 - INFO - Visiting: http://www.drps.ed.ac.uk/24-25/dpt/cxredu11051.htm
2024-11-27 19:01:42,109 - INFO - 1 instances updated to ./data_container/24_11_27_18_59_52/24-25_cx_s_su819.htm.csv.
2024-11-27 19:01:42,133 - INFO - Visiting: http://www.drps.ed.ac.uk/24-25/dpt/cxredu11024.htm
2024-11-27 19:01:42,161 - INFO - 1 instances updated to ./data_container/24_11_27_18_59_52/24-25_cx_s_su819.htm.csv.
2024-11-27 19:01:42,185 - INFO - Visiting: http://www.drps.ed.ac.uk/24-25/dpt/cxredu11075.htm
2024-11-27 19:01:42,211 - INFO - 1 instances updated to ./data_container/24_11_27_18_59_52/24-25_cx_s_su819.htm.csv.
2024-11-27 19:01:42,237 - INFO - Visiting: http://www.drps.ed.ac.uk/24-25/dpt/cxredu11026.htm
2024-11-27 19:01:42,262 - INFO - 1 instances updated to ./data_container/24_11_27_18_59_52/24-25_cx_s_su819.htm.csv.
2024-11-27 19:01:42,287 - INFO - Visiting: http://www.drps.ed.ac.uk/24-25/dpt/cxredu11056.htm
2024-11-27 19:01:42,311 - INFO - 1 instances updated to ./data_container/24_11_27_18_59_52/24-25_cx_s_su819.htm.csv.
2024-11-27 19:01:42,347 - INFO - Visiting: http://www.drps.ed.ac.uk/24-25/dpt/cxredu11059.htm
2024-11-27 19:01:42,372 - INFO - 1 instances updated to ./data_container/24_11_27_18_59_52/24-25_cx_s_su819.htm.csv.
2024-11-27 19:01:42,398 - INFO - Visiting: http://www.drps.ed.ac.uk/24-25/dpt/cxredu11093.htm
2024-11-27 19:01:42,423 - INFO - 1 instances updated to ./data_container/24_11_27_18_59_52/24-25_cx_s_su819.htm.csv.
2024-11-27 19:01:42,448 - INFO - Visiting: http://www.drps.ed.ac.uk/24-25/dpt/cxredu11048.htm
2024-11-27 19:01:42,471 - INFO - 1 instances updated to ./data_container/24_11_27_18_59_52/24-25_cx_s_su819.htm.csv.
2024-11-27 19:01:42,497 - INFO - Visiting: http://www.drps.ed.ac.uk/24-25/dpt/cxredu11078.htm
2024-11-27 19:01:42,522 - INFO - 1 instances updated to ./data_container/24_11_27_18_59_52/24-25_cx_s_su819.htm.csv.
2024-11-27 19:01:42,547 - INFO - Visiting: http://www.drps.ed.ac.uk/24-25/dpt/cxredu11028.htm
2024-11-27 19:01:42,572 - INFO - 1 instances updated to ./data_container/24_11_27_18_59_52/24-25_cx_s_su819.htm.csv.
2024-11-27 19:01:42,597 - INFO - Visiting: http://www.drps.ed.ac.uk/24-25/dpt/cxredu11029.htm
2024-11-27 19:01:42,623 - INFO - 1 instances updated to ./data_container/24_11_27_18_59_52/24-25_cx_s_su819.htm.csv.
2024-11-27 19:01:42,649 - INFO - Visiting: http://www.drps.ed.ac.uk/24-25/dpt/cxredu11063.htm
2024-11-27 19:01:42,672 - INFO - 1 instances updated to ./data_container/24_11_27_18_59_52/24-25_cx_s_su819.htm.csv.
2024-11-27 19:01:42,697 - INFO - Visiting: http://www.drps.ed.ac.uk/24-25/dpt/cxredu11011.htm
2024-11-27 19:01:42,722 - INFO - 1 instances updated to ./data_container/24_11_27_18_59_52/24-25_cx_s_su819.htm.csv.
2024-11-27 19:01:42,750 - INFO - Visiting: http://www.drps.ed.ac.uk/24-25/dpt/cxredu11002.htm
2024-11-27 19:01:42,843 - INFO - 1 instances updated to ./data_container/24_11_27_18_59_52/24-25_cx_s_su819.htm.csv.
2024-11-27 19:01:42,870 - INFO - Visiting: http://www.drps.ed.ac.uk/24-25/dpt/cxredu11046.htm
2024-11-27 19:01:42,896 - INFO - 1 instances updated to ./data_container/24_11_27_18_59_52/24-25_cx_s_su819.htm.csv.
2024-11-27 19:01:42,921 - INFO - Visiting: http://www.drps.ed.ac.uk/24-25/dpt/cxredu11010.htm
2024-11-27 19:01:42,946 - INFO - 1 instances updated to ./data_container/24_11_27_18_59_52/24-25_cx_s_su819.htm.csv.
2024-11-27 19:01:42,977 - INFO - Visiting: http://www.drps.ed.ac.uk/24-25/dpt/cxredu12004.htm
2024-11-27 19:01:42,997 - INFO - 1 instances updated to ./data_container/24_11_27_18_59_52/24-25_cx_s_su819.htm.csv.
2024-11-27 19:01:43,022 - INFO - Visiting: http://www.drps.ed.ac.uk/24-25/dpt/cxredu12006.htm
2024-11-27 19:01:43,047 - INFO - 1 instances updated to ./data_container/24_11_27_18_59_52/24-25_cx_s_su819.htm.csv.
2024-11-27 19:01:43,072 - INFO - Visiting: http://www.drps.ed.ac.uk/24-25/dpt/cxredu12001.htm
2024-11-27 19:01:43,095 - INFO - 1 instances updated to ./data_container/24_11_27_18_59_52/24-25_cx_s_su819.htm.csv.
2024-11-27 19:01:43,119 - INFO - Visiting: http://www.drps.ed.ac.uk/24-25/dpt/cxredu12005.htm
2024-11-27 19:01:43,137 - INFO - 1 instances updated to ./data_container/24_11_27_18_59_52/24-25_cx_s_su819.htm.csv.
2024-11-27 19:01:43,162 - INFO - Visiting: http://www.drps.ed.ac.uk/24-25/dpt/cxredu12002.htm
2024-11-27 19:01:43,185 - INFO - 1 instances updated to ./data_container/24_11_27_18_59_52/24-25_cx_s_su819.htm.csv.
2024-11-27 19:01:43,186 - INFO - Mining for keywords Accessibility,Inclusive design,Disability rights,Adaptive tools is success.
2024-11-27 19:01:43,218 - INFO - Visiting: http://www.drps.ed.ac.uk/24-25/dpt/cx_sb_sprt.htm
2024-11-27 19:01:43,276 - INFO - Visiting: http://www.drps.ed.ac.uk/24-25/dpt/cxsprt08026.htm
2024-11-27 19:01:43,298 - INFO - 1 instances updated to ./data_container/24_11_27_18_59_52/24-25_cx_s_su819.htm.csv.
2024-11-27 19:01:43,327 - INFO - Visiting: http://www.drps.ed.ac.uk/24-25/dpt/cxsprt08032.htm
2024-11-27 19:01:43,350 - INFO - 1 instances updated to ./data_container/24_11_27_18_59_52/24-25_cx_s_su819.htm.csv.
2024-11-27 19:01:43,378 - INFO - Visiting: http://www.drps.ed.ac.uk/24-25/dpt/cxsprt08018.htm
2024-11-27 19:01:43,400 - INFO - 1 instances updated to ./data_container/24_11_27_18_59_52/24-25_cx_s_su819.htm.csv.
2024-11-27 19:01:43,425 - INFO - Visiting: http://www.drps.ed.ac.uk/24-25/dpt/cxsprt08030.htm
2024-11-27 19:01:43,447 - INFO - 1 instances updated to ./data_container/24_11_27_18_59_52/24-25_cx_s_su819.htm.csv.
2024-11-27 19:01:43,472 - INFO - Visiting: http://www.drps.ed.ac.uk/24-25/dpt/cxsprt08031.htm
2024-11-27 19:01:43,494 - INFO - 1 instances updated to ./data_container/24_11_27_18_59_52/24-25_cx_s_su819.htm.csv.
2024-11-27 19:01:43,520 - INFO - Visiting: http://www.drps.ed.ac.uk/24-25/dpt/cxsprt08029.htm
2024-11-27 19:01:43,542 - INFO - 1 instances updated to ./data_container/24_11_27_18_59_52/24-25_cx_s_su819.htm.csv.
2024-11-27 19:01:43,567 - INFO - Visiting: http://www.drps.ed.ac.uk/24-25/dpt/cxsprt08033.htm
2024-11-27 19:01:43,590 - INFO - 1 instances updated to ./data_container/24_11_27_18_59_52/24-25_cx_s_su819.htm.csv.
2024-11-27 19:01:43,615 - INFO - Visiting: http://www.drps.ed.ac.uk/24-25/dpt/cxsprt08021.htm
2024-11-27 19:01:43,640 - INFO - 1 instances updated to ./data_container/24_11_27_18_59_52/24-25_cx_s_su819.htm.csv.
2024-11-27 19:01:43,665 - INFO - Visiting: http://www.drps.ed.ac.uk/24-25/dpt/cxsprt08022.htm
2024-11-27 19:01:43,689 - INFO - 1 instances updated to ./data_container/24_11_27_18_59_52/24-25_cx_s_su819.htm.csv.
2024-11-27 19:01:43,716 - INFO - Visiting: http://www.drps.ed.ac.uk/24-25/dpt/cxsprt08019.htm
2024-11-27 19:01:43,743 - INFO - 1 instances updated to ./data_container/24_11_27_18_59_52/24-25_cx_s_su819.htm.csv.
2024-11-27 19:01:43,769 - INFO - Visiting: http://www.drps.ed.ac.uk/24-25/dpt/cxsprt08024.htm
2024-11-27 19:01:43,794 - INFO - 1 instances updated to ./data_container/24_11_27_18_59_52/24-25_cx_s_su819.htm.csv.
2024-11-27 19:01:43,823 - INFO - Visiting: http://www.drps.ed.ac.uk/24-25/dpt/cxsprt08020.htm
2024-11-27 19:01:43,847 - INFO - 1 instances updated to ./data_container/24_11_27_18_59_52/24-25_cx_s_su819.htm.csv.
2024-11-27 19:01:43,871 - INFO - Visiting: http://www.drps.ed.ac.uk/24-25/dpt/cxsprt08023.htm
2024-11-27 19:01:43,893 - INFO - 1 instances updated to ./data_container/24_11_27_18_59_52/24-25_cx_s_su819.htm.csv.
2024-11-27 19:01:43,918 - INFO - Visiting: http://www.drps.ed.ac.uk/24-25/dpt/cxsprt08001.htm
2024-11-27 19:01:43,942 - INFO - 1 instances updated to ./data_container/24_11_27_18_59_52/24-25_cx_s_su819.htm.csv.
2024-11-27 19:01:43,966 - INFO - Visiting: http://www.drps.ed.ac.uk/24-25/dpt/cxsprt08016.htm
2024-11-27 19:01:43,993 - INFO - 1 instances updated to ./data_container/24_11_27_18_59_52/24-25_cx_s_su819.htm.csv.
2024-11-27 19:01:44,017 - INFO - Visiting: http://www.drps.ed.ac.uk/24-25/dpt/cxsprt08014.htm
2024-11-27 19:01:44,112 - INFO - 1 instances updated to ./data_container/24_11_27_18_59_52/24-25_cx_s_su819.htm.csv.
2024-11-27 19:01:44,141 - INFO - Visiting: http://www.drps.ed.ac.uk/24-25/dpt/cxsprt08012.htm
2024-11-27 19:01:44,186 - INFO - 1 instances updated to ./data_container/24_11_27_18_59_52/24-25_cx_s_su819.htm.csv.
2024-11-27 19:01:44,213 - INFO - Visiting: http://www.drps.ed.ac.uk/24-25/dpt/cxsprt08028.htm
2024-11-27 19:01:44,237 - INFO - 1 instances updated to ./data_container/24_11_27_18_59_52/24-25_cx_s_su819.htm.csv.
2024-11-27 19:01:44,263 - INFO - Visiting: http://www.drps.ed.ac.uk/24-25/dpt/cxsprt08017.htm
2024-11-27 19:01:44,285 - INFO - 1 instances updated to ./data_container/24_11_27_18_59_52/24-25_cx_s_su819.htm.csv.
2024-11-27 19:01:44,311 - INFO - Visiting: http://www.drps.ed.ac.uk/24-25/dpt/cxsprt08027.htm
2024-11-27 19:01:44,335 - INFO - 1 instances updated to ./data_container/24_11_27_18_59_52/24-25_cx_s_su819.htm.csv.
2024-11-27 19:01:44,359 - INFO - Visiting: http://www.drps.ed.ac.uk/24-25/dpt/cxsprt08025.htm
2024-11-27 19:01:44,383 - INFO - 1 instances updated to ./data_container/24_11_27_18_59_52/24-25_cx_s_su819.htm.csv.
2024-11-27 19:01:44,408 - INFO - Visiting: http://www.drps.ed.ac.uk/24-25/dpt/cxsprt10037.htm
2024-11-27 19:01:44,436 - INFO - 1 instances updated to ./data_container/24_11_27_18_59_52/24-25_cx_s_su819.htm.csv.
2024-11-27 19:01:44,460 - INFO - Visiting: http://www.drps.ed.ac.uk/24-25/dpt/cxsprt10064.htm
2024-11-27 19:01:44,484 - INFO - 1 instances updated to ./data_container/24_11_27_18_59_52/24-25_cx_s_su819.htm.csv.
2024-11-27 19:01:44,514 - INFO - Visiting: http://www.drps.ed.ac.uk/24-25/dpt/cxsprt10059.htm
2024-11-27 19:01:44,539 - INFO - 1 instances updated to ./data_container/24_11_27_18_59_52/24-25_cx_s_su819.htm.csv.
2024-11-27 19:01:44,564 - INFO - Visiting: http://www.drps.ed.ac.uk/24-25/dpt/cxsprt10024.htm
2024-11-27 19:01:44,589 - INFO - 1 instances updated to ./data_container/24_11_27_18_59_52/24-25_cx_s_su819.htm.csv.
2024-11-27 19:01:44,613 - INFO - Visiting: http://www.drps.ed.ac.uk/24-25/dpt/cxsprt10025.htm
2024-11-27 19:01:44,639 - INFO - 1 instances updated to ./data_container/24_11_27_18_59_52/24-25_cx_s_su819.htm.csv.
2024-11-27 19:01:44,664 - INFO - Visiting: http://www.drps.ed.ac.uk/24-25/dpt/cxsprt10048.htm
2024-11-27 19:01:44,688 - INFO - 1 instances updated to ./data_container/24_11_27_18_59_52/24-25_cx_s_su819.htm.csv.
2024-11-27 19:01:44,713 - INFO - Visiting: http://www.drps.ed.ac.uk/24-25/dpt/cxsprt10029.htm
2024-11-27 19:01:44,741 - INFO - 1 instances updated to ./data_container/24_11_27_18_59_52/24-25_cx_s_su819.htm.csv.
2024-11-27 19:01:44,766 - INFO - Visiting: http://www.drps.ed.ac.uk/24-25/dpt/cxsprt10054.htm
2024-11-27 19:01:44,794 - INFO - 1 instances updated to ./data_container/24_11_27_18_59_52/24-25_cx_s_su819.htm.csv.
2024-11-27 19:01:44,819 - INFO - Visiting: http://www.drps.ed.ac.uk/24-25/dpt/cxsprt10053.htm
2024-11-27 19:01:44,847 - INFO - 1 instances updated to ./data_container/24_11_27_18_59_52/24-25_cx_s_su819.htm.csv.
2024-11-27 19:01:44,873 - INFO - Visiting: http://www.drps.ed.ac.uk/24-25/dpt/cxsprt10003.htm
2024-11-27 19:01:44,900 - INFO - 1 instances updated to ./data_container/24_11_27_18_59_52/24-25_cx_s_su819.htm.csv.
2024-11-27 19:01:44,942 - INFO - Visiting: http://www.drps.ed.ac.uk/24-25/dpt/cxsprt10004.htm
2024-11-27 19:01:44,970 - INFO - 1 instances updated to ./data_container/24_11_27_18_59_52/24-25_cx_s_su819.htm.csv.
2024-11-27 19:01:44,994 - INFO - Visiting: http://www.drps.ed.ac.uk/24-25/dpt/cxsprt10046.htm
2024-11-27 19:01:45,079 - INFO - 1 instances updated to ./data_container/24_11_27_18_59_52/24-25_cx_s_su819.htm.csv.
2024-11-27 19:01:45,104 - INFO - Visiting: http://www.drps.ed.ac.uk/24-25/dpt/cxsprt10020.htm
2024-11-27 19:01:45,132 - INFO - 1 instances updated to ./data_container/24_11_27_18_59_52/24-25_cx_s_su819.htm.csv.
2024-11-27 19:01:45,166 - INFO - Visiting: http://www.drps.ed.ac.uk/24-25/dpt/cxsprt10056.htm
2024-11-27 19:01:45,192 - INFO - 1 instances updated to ./data_container/24_11_27_18_59_52/24-25_cx_s_su819.htm.csv.
2024-11-27 19:01:45,217 - INFO - Visiting: http://www.drps.ed.ac.uk/24-25/dpt/cxsprt10062.htm
2024-11-27 19:01:45,284 - INFO - 1 instances updated to ./data_container/24_11_27_18_59_52/24-25_cx_s_su819.htm.csv.
2024-11-27 19:01:45,309 - INFO - Visiting: http://www.drps.ed.ac.uk/24-25/dpt/cxsprt10065.htm
2024-11-27 19:01:45,334 - INFO - 1 instances updated to ./data_container/24_11_27_18_59_52/24-25_cx_s_su819.htm.csv.
2024-11-27 19:01:45,358 - INFO - Visiting: http://www.drps.ed.ac.uk/24-25/dpt/cxsprt10033.htm
2024-11-27 19:01:45,385 - INFO - 1 instances updated to ./data_container/24_11_27_18_59_52/24-25_cx_s_su819.htm.csv.
2024-11-27 19:01:45,412 - INFO - Visiting: http://www.drps.ed.ac.uk/24-25/dpt/cxsprt10032.htm
2024-11-27 19:01:45,439 - INFO - 1 instances updated to ./data_container/24_11_27_18_59_52/24-25_cx_s_su819.htm.csv.
2024-11-27 19:01:45,463 - INFO - Visiting: http://www.drps.ed.ac.uk/24-25/dpt/cxsprt10052.htm
2024-11-27 19:01:45,492 - INFO - 1 instances updated to ./data_container/24_11_27_18_59_52/24-25_cx_s_su819.htm.csv.
2024-11-27 19:01:45,518 - INFO - Visiting: http://www.drps.ed.ac.uk/24-25/dpt/cxsprt10050.htm
2024-11-27 19:01:45,548 - INFO - 1 instances updated to ./data_container/24_11_27_18_59_52/24-25_cx_s_su819.htm.csv.
2024-11-27 19:01:45,573 - INFO - Visiting: http://www.drps.ed.ac.uk/24-25/dpt/cxsprt10049.htm
2024-11-27 19:01:45,602 - INFO - 1 instances updated to ./data_container/24_11_27_18_59_52/24-25_cx_s_su819.htm.csv.
2024-11-27 19:01:45,644 - INFO - Visiting: http://www.drps.ed.ac.uk/24-25/dpt/cxsprt10051.htm
2024-11-27 19:01:45,672 - INFO - 1 instances updated to ./data_container/24_11_27_18_59_52/24-25_cx_s_su819.htm.csv.
2024-11-27 19:01:45,697 - INFO - Visiting: http://www.drps.ed.ac.uk/24-25/dpt/cxsprt10047.htm
2024-11-27 19:01:45,725 - INFO - 1 instances updated to ./data_container/24_11_27_18_59_52/24-25_cx_s_su819.htm.csv.
2024-11-27 19:01:45,755 - INFO - Visiting: http://www.drps.ed.ac.uk/24-25/dpt/cxsprt10027.htm
2024-11-27 19:01:45,784 - INFO - 1 instances updated to ./data_container/24_11_27_18_59_52/24-25_cx_s_su819.htm.csv.
2024-11-27 19:01:45,808 - INFO - Visiting: http://www.drps.ed.ac.uk/24-25/dpt/cxsprt10005.htm
2024-11-27 19:01:45,835 - INFO - 1 instances updated to ./data_container/24_11_27_18_59_52/24-25_cx_s_su819.htm.csv.
2024-11-27 19:01:45,860 - INFO - Visiting: http://www.drps.ed.ac.uk/24-25/dpt/cxsprt10006.htm
2024-11-27 19:01:45,887 - INFO - 1 instances updated to ./data_container/24_11_27_18_59_52/24-25_cx_s_su819.htm.csv.
2024-11-27 19:01:45,911 - INFO - Visiting: http://www.drps.ed.ac.uk/24-25/dpt/cxsprt10038.htm
2024-11-27 19:01:45,941 - INFO - 1 instances updated to ./data_container/24_11_27_18_59_52/24-25_cx_s_su819.htm.csv.
2024-11-27 19:01:45,966 - INFO - Visiting: http://www.drps.ed.ac.uk/24-25/dpt/cxsprt10060.htm
2024-11-27 19:01:45,992 - INFO - 1 instances updated to ./data_container/24_11_27_18_59_52/24-25_cx_s_su819.htm.csv.
2024-11-27 19:01:46,017 - INFO - Visiting: http://www.drps.ed.ac.uk/24-25/dpt/cxsprt10057.htm
2024-11-27 19:01:46,044 - INFO - 1 instances updated to ./data_container/24_11_27_18_59_52/24-25_cx_s_su819.htm.csv.
2024-11-27 19:01:46,074 - INFO - Visiting: http://www.drps.ed.ac.uk/24-25/dpt/cxsprt10058.htm
2024-11-27 19:01:46,104 - INFO - 1 instances updated to ./data_container/24_11_27_18_59_52/24-25_cx_s_su819.htm.csv.
2024-11-27 19:01:46,141 - INFO - Visiting: http://www.drps.ed.ac.uk/24-25/dpt/cxsprt10061.htm
2024-11-27 19:01:46,167 - INFO - 1 instances updated to ./data_container/24_11_27_18_59_52/24-25_cx_s_su819.htm.csv.
2024-11-27 19:01:46,193 - INFO - Visiting: http://www.drps.ed.ac.uk/24-25/dpt/cxsprt10021.htm
2024-11-27 19:01:46,220 - INFO - 1 instances updated to ./data_container/24_11_27_18_59_52/24-25_cx_s_su819.htm.csv.
2024-11-27 19:01:46,253 - INFO - Visiting: http://www.drps.ed.ac.uk/24-25/dpt/cxsprt10067.htm
2024-11-27 19:01:46,280 - INFO - 1 instances updated to ./data_container/24_11_27_18_59_52/24-25_cx_s_su819.htm.csv.
2024-11-27 19:01:46,304 - INFO - Visiting: http://www.drps.ed.ac.uk/24-25/dpt/cxsprt10055.htm
2024-11-27 19:01:46,328 - INFO - 1 instances updated to ./data_container/24_11_27_18_59_52/24-25_cx_s_su819.htm.csv.
2024-11-27 19:01:46,353 - INFO - Visiting: http://www.drps.ed.ac.uk/24-25/dpt/cxsprt10030.htm
2024-11-27 19:01:46,384 - INFO - 1 instances updated to ./data_container/24_11_27_18_59_52/24-25_cx_s_su819.htm.csv.
2024-11-27 19:01:46,408 - INFO - Visiting: http://www.drps.ed.ac.uk/24-25/dpt/cxsprt10012.htm
2024-11-27 19:01:46,433 - INFO - 1 instances updated to ./data_container/24_11_27_18_59_52/24-25_cx_s_su819.htm.csv.
2024-11-27 19:01:46,457 - INFO - Visiting: http://www.drps.ed.ac.uk/24-25/dpt/cxsprt10034.htm
2024-11-27 19:01:46,486 - INFO - 1 instances updated to ./data_container/24_11_27_18_59_52/24-25_cx_s_su819.htm.csv.
2024-11-27 19:01:46,496 - INFO - Visiting: http://www.drps.ed.ac.uk/24-25/dpt/cxsprt10034.htm
2024-11-27 19:01:46,523 - INFO - 1 instances updated to ./data_container/24_11_27_18_59_52/24-25_cx_s_su819.htm.csv.
2024-11-27 19:01:46,534 - INFO - Visiting: http://www.drps.ed.ac.uk/24-25/dpt/cxsprt10034.htm
2024-11-27 19:01:46,562 - INFO - 1 instances updated to ./data_container/24_11_27_18_59_52/24-25_cx_s_su819.htm.csv.
2024-11-27 19:01:46,589 - INFO - Visiting: http://www.drps.ed.ac.uk/24-25/dpt/cxsprt10031.htm
2024-11-27 19:01:46,620 - INFO - 1 instances updated to ./data_container/24_11_27_18_59_52/24-25_cx_s_su819.htm.csv.
2024-11-27 19:01:46,645 - INFO - Visiting: http://www.drps.ed.ac.uk/24-25/dpt/cxsprt10063.htm
2024-11-27 19:01:46,675 - INFO - 1 instances updated to ./data_container/24_11_27_18_59_52/24-25_cx_s_su819.htm.csv.
2024-11-27 19:01:46,701 - INFO - Visiting: http://www.drps.ed.ac.uk/24-25/dpt/cxsprt10035.htm
2024-11-27 19:01:46,730 - INFO - 1 instances updated to ./data_container/24_11_27_18_59_52/24-25_cx_s_su819.htm.csv.
2024-11-27 19:01:46,756 - INFO - Visiting: http://www.drps.ed.ac.uk/24-25/dpt/cxsprt10066.htm
2024-11-27 19:01:46,787 - INFO - 1 instances updated to ./data_container/24_11_27_18_59_52/24-25_cx_s_su819.htm.csv.
2024-11-27 19:01:46,815 - INFO - Visiting: http://www.drps.ed.ac.uk/24-25/dpt/cxsprt11014.htm
2024-11-27 19:01:46,845 - INFO - 1 instances updated to ./data_container/24_11_27_18_59_52/24-25_cx_s_su819.htm.csv.
2024-11-27 19:01:46,869 - INFO - Visiting: http://www.drps.ed.ac.uk/24-25/dpt/cxsprt11017.htm
2024-11-27 19:01:46,898 - INFO - 1 instances updated to ./data_container/24_11_27_18_59_52/24-25_cx_s_su819.htm.csv.
2024-11-27 19:01:46,922 - INFO - Visiting: http://www.drps.ed.ac.uk/24-25/dpt/cxsprt11015.htm
2024-11-27 19:01:46,952 - INFO - 1 instances updated to ./data_container/24_11_27_18_59_52/24-25_cx_s_su819.htm.csv.
2024-11-27 19:01:46,982 - INFO - Visiting: http://www.drps.ed.ac.uk/24-25/dpt/cxsprt11006.htm
2024-11-27 19:01:47,014 - INFO - 1 instances updated to ./data_container/24_11_27_18_59_52/24-25_cx_s_su819.htm.csv.
2024-11-27 19:01:47,038 - INFO - Visiting: http://www.drps.ed.ac.uk/24-25/dpt/cxsprt11011.htm
2024-11-27 19:01:47,071 - INFO - 1 instances updated to ./data_container/24_11_27_18_59_52/24-25_cx_s_su819.htm.csv.
2024-11-27 19:01:47,097 - INFO - Visiting: http://www.drps.ed.ac.uk/24-25/dpt/cxsprt11012.htm
2024-11-27 19:01:47,127 - INFO - 1 instances updated to ./data_container/24_11_27_18_59_52/24-25_cx_s_su819.htm.csv.
2024-11-27 19:01:47,152 - INFO - Visiting: http://www.drps.ed.ac.uk/24-25/dpt/cxsprt11016.htm
2024-11-27 19:01:47,181 - INFO - 1 instances updated to ./data_container/24_11_27_18_59_52/24-25_cx_s_su819.htm.csv.
2024-11-27 19:01:47,206 - INFO - Visiting: http://www.drps.ed.ac.uk/24-25/dpt/cxsprt11013.htm
2024-11-27 19:01:47,236 - INFO - 1 instances updated to ./data_container/24_11_27_18_59_52/24-25_cx_s_su819.htm.csv.
2024-11-27 19:01:47,237 - INFO - Mining for keywords Accessibility,Inclusive design,Disability rights,Adaptive tools is success.
