2025-11-19 20:04:50,368 - INFO - Logger configured. Record to mine sites relevant to keywords semantic space.
2025-11-19 20:04:50,368 - INFO - ./data_container/25_11_19_20_02_55/24-25_cx_s_su819.htm.csv created.
2025-11-19 20:04:50,694 - INFO - Visiting: http://www.drps.ed.ac.uk/24-25/dpt/cx_sb_edua.htm
2025-11-19 20:04:50,971 - INFO - Visiting: http://www.drps.ed.ac.uk/24-25/dpt/cxedua07002.htm
2025-11-19 20:04:50,988 - INFO - 1 instances updated to ./data_container/25_11_19_20_02_55/24-25_cx_s_su819.htm.csv.
2025-11-19 20:04:51,218 - INFO - Visiting: http://www.drps.ed.ac.uk/24-25/dpt/cxedua07007.htm
2025-11-19 20:04:51,236 - INFO - 1 instances updated to ./data_container/25_11_19_20_02_55/24-25_cx_s_su819.htm.csv.
2025-11-19 20:04:51,482 - INFO - Visiting: http://www.drps.ed.ac.uk/24-25/dpt/cxedua07004.htm
2025-11-19 20:04:51,509 - INFO - 1 instances updated to ./data_container/25_11_19_20_02_55/24-25_cx_s_su819.htm.csv.
2025-11-19 20:04:51,687 - INFO - Visiting: http://www.drps.ed.ac.uk/24-25/dpt/cxedua07005.htm
2025-11-19 20:04:51,715 - INFO - 1 instances updated to ./data_container/25_11_19_20_02_55/24-25_cx_s_su819.htm.csv.
2025-11-19 20:04:51,920 - INFO - Visiting: http://www.drps.ed.ac.uk/24-25/dpt/cxedua07008.htm
2025-11-19 20:04:51,952 - INFO - 1 instances updated to ./data_container/25_11_19_20_02_55/24-25_cx_s_su819.htm.csv.
2025-11-19 20:04:52,137 - INFO - Visiting: http://www.drps.ed.ac.uk/24-25/dpt/cxedua07009.htm
2025-11-19 20:04:52,167 - INFO - 1 instances updated to ./data_container/25_11_19_20_02_55/24-25_cx_s_su819.htm.csv.
2025-11-19 20:04:52,302 - INFO - Visiting: http://www.drps.ed.ac.uk/24-25/dpt/cxedua08045.htm
2025-11-19 20:04:52,329 - INFO - 1 instances updated to ./data_container/25_11_19_20_02_55/24-25_cx_s_su819.htm.csv.
2025-11-19 20:04:52,506 - INFO - Visiting: http://www.drps.ed.ac.uk/24-25/dpt/cxedua08090.htm
2025-11-19 20:04:52,528 - INFO - 1 instances updated to ./data_container/25_11_19_20_02_55/24-25_cx_s_su819.htm.csv.
2025-11-19 20:04:52,698 - INFO - Visiting: http://www.drps.ed.ac.uk/24-25/dpt/cxedua08091.htm
2025-11-19 20:04:52,718 - INFO - 1 instances updated to ./data_container/25_11_19_20_02_55/24-25_cx_s_su819.htm.csv.
2025-11-19 20:04:52,945 - INFO - Visiting: http://www.drps.ed.ac.uk/24-25/dpt/cxedua08093.htm
2025-11-19 20:04:52,966 - INFO - 1 instances updated to ./data_container/25_11_19_20_02_55/24-25_cx_s_su819.htm.csv.
2025-11-19 20:04:53,160 - INFO - Visiting: http://www.drps.ed.ac.uk/24-25/dpt/cxedua08092.htm
2025-11-19 20:04:53,179 - INFO - 1 instances updated to ./data_container/25_11_19_20_02_55/24-25_cx_s_su819.htm.csv.
2025-11-19 20:04:53,397 - INFO - Visiting: http://www.drps.ed.ac.uk/24-25/dpt/cxedua08063.htm
2025-11-19 20:04:53,412 - INFO - 1 instances updated to ./data_container/25_11_19_20_02_55/24-25_cx_s_su819.htm.csv.
2025-11-19 20:04:53,648 - INFO - Visiting: http://www.drps.ed.ac.uk/24-25/dpt/cxedua08122.htm
2025-11-19 20:04:53,661 - INFO - 1 instances updated to ./data_container/25_11_19_20_02_55/24-25_cx_s_su819.htm.csv.
2025-11-19 20:04:53,901 - INFO - Visiting: http://www.drps.ed.ac.uk/24-25/dpt/cxedua08124.htm
2025-11-19 20:04:53,935 - INFO - 1 instances updated to ./data_container/25_11_19_20_02_55/24-25_cx_s_su819.htm.csv.
2025-11-19 20:04:54,152 - INFO - Visiting: http://www.drps.ed.ac.uk/24-25/dpt/cxedua08070.htm
2025-11-19 20:04:54,181 - INFO - 1 instances updated to ./data_container/25_11_19_20_02_55/24-25_cx_s_su819.htm.csv.
2025-11-19 20:04:54,383 - INFO - Visiting: http://www.drps.ed.ac.uk/24-25/dpt/cxedua08123.htm
2025-11-19 20:04:54,397 - INFO - 1 instances updated to ./data_container/25_11_19_20_02_55/24-25_cx_s_su819.htm.csv.
2025-11-19 20:04:54,528 - INFO - Visiting: http://www.drps.ed.ac.uk/24-25/dpt/cxedua08105.htm
2025-11-19 20:04:54,547 - INFO - 1 instances updated to ./data_container/25_11_19_20_02_55/24-25_cx_s_su819.htm.csv.
2025-11-19 20:04:54,682 - INFO - Visiting: http://www.drps.ed.ac.uk/24-25/dpt/cxedua08100.htm
2025-11-19 20:04:54,697 - INFO - 1 instances updated to ./data_container/25_11_19_20_02_55/24-25_cx_s_su819.htm.csv.
2025-11-19 20:04:54,848 - INFO - Visiting: http://www.drps.ed.ac.uk/24-25/dpt/cxedua08099.htm
2025-11-19 20:04:54,875 - INFO - 1 instances updated to ./data_container/25_11_19_20_02_55/24-25_cx_s_su819.htm.csv.
2025-11-19 20:04:55,097 - INFO - Visiting: http://www.drps.ed.ac.uk/24-25/dpt/cxedua08098.htm
2025-11-19 20:04:55,120 - INFO - 1 instances updated to ./data_container/25_11_19_20_02_55/24-25_cx_s_su819.htm.csv.
2025-11-19 20:04:55,311 - INFO - Visiting: http://www.drps.ed.ac.uk/24-25/dpt/cxedua08117.htm
2025-11-19 20:04:55,330 - INFO - 1 instances updated to ./data_container/25_11_19_20_02_55/24-25_cx_s_su819.htm.csv.
2025-11-19 20:04:55,548 - INFO - Visiting: http://www.drps.ed.ac.uk/24-25/dpt/cxedua08118.htm
2025-11-19 20:04:55,562 - INFO - 1 instances updated to ./data_container/25_11_19_20_02_55/24-25_cx_s_su819.htm.csv.
2025-11-19 20:04:55,709 - INFO - Visiting: http://www.drps.ed.ac.uk/24-25/dpt/cxedua08125.htm
2025-11-19 20:04:55,735 - INFO - 1 instances updated to ./data_container/25_11_19_20_02_55/24-25_cx_s_su819.htm.csv.
2025-11-19 20:04:55,898 - INFO - Visiting: http://www.drps.ed.ac.uk/24-25/dpt/cxedua08096.htm
2025-11-19 20:04:55,933 - INFO - 1 instances updated to ./data_container/25_11_19_20_02_55/24-25_cx_s_su819.htm.csv.
2025-11-19 20:04:56,055 - INFO - Visiting: http://www.drps.ed.ac.uk/24-25/dpt/cxedua08114.htm
2025-11-19 20:04:56,085 - INFO - 1 instances updated to ./data_container/25_11_19_20_02_55/24-25_cx_s_su819.htm.csv.
2025-11-19 20:04:56,299 - INFO - Visiting: http://www.drps.ed.ac.uk/24-25/dpt/cxedua08120.htm
2025-11-19 20:04:56,333 - INFO - 1 instances updated to ./data_container/25_11_19_20_02_55/24-25_cx_s_su819.htm.csv.
2025-11-19 20:04:56,551 - INFO - Visiting: http://www.drps.ed.ac.uk/24-25/dpt/cxedua08119.htm
2025-11-19 20:04:56,584 - INFO - 1 instances updated to ./data_container/25_11_19_20_02_55/24-25_cx_s_su819.htm.csv.
2025-11-19 20:04:56,808 - INFO - Visiting: http://www.drps.ed.ac.uk/24-25/dpt/cxedua08107.htm
2025-11-19 20:04:56,844 - INFO - 1 instances updated to ./data_container/25_11_19_20_02_55/24-25_cx_s_su819.htm.csv.
2025-11-19 20:04:57,062 - INFO - Visiting: http://www.drps.ed.ac.uk/24-25/dpt/cxedua08104.htm
2025-11-19 20:04:57,096 - INFO - 1 instances updated to ./data_container/25_11_19_20_02_55/24-25_cx_s_su819.htm.csv.
2025-11-19 20:04:57,313 - INFO - Visiting: http://www.drps.ed.ac.uk/24-25/dpt/cxedua08097.htm
2025-11-19 20:04:57,351 - INFO - 1 instances updated to ./data_container/25_11_19_20_02_55/24-25_cx_s_su819.htm.csv.
2025-11-19 20:04:57,549 - INFO - Visiting: http://www.drps.ed.ac.uk/24-25/dpt/cxedua08106.htm
2025-11-19 20:04:57,583 - INFO - 1 instances updated to ./data_container/25_11_19_20_02_55/24-25_cx_s_su819.htm.csv.
2025-11-19 20:04:57,792 - INFO - Visiting: http://www.drps.ed.ac.uk/24-25/dpt/cxedua08111.htm
2025-11-19 20:04:57,825 - INFO - 1 instances updated to ./data_container/25_11_19_20_02_55/24-25_cx_s_su819.htm.csv.
2025-11-19 20:04:58,013 - INFO - Visiting: http://www.drps.ed.ac.uk/24-25/dpt/cxedua08121.htm
2025-11-19 20:04:58,048 - INFO - 1 instances updated to ./data_container/25_11_19_20_02_55/24-25_cx_s_su819.htm.csv.
2025-11-19 20:04:58,249 - INFO - Visiting: http://www.drps.ed.ac.uk/24-25/dpt/cxedua08108.htm
2025-11-19 20:04:58,283 - INFO - 1 instances updated to ./data_container/25_11_19_20_02_55/24-25_cx_s_su819.htm.csv.
2025-11-19 20:04:58,500 - INFO - Visiting: http://www.drps.ed.ac.uk/24-25/dpt/cxedua08113.htm
2025-11-19 20:04:58,536 - INFO - 1 instances updated to ./data_container/25_11_19_20_02_55/24-25_cx_s_su819.htm.csv.
2025-11-19 20:04:58,740 - INFO - Visiting: http://www.drps.ed.ac.uk/24-25/dpt/cxedua08112.htm
2025-11-19 20:04:58,776 - INFO - 1 instances updated to ./data_container/25_11_19_20_02_55/24-25_cx_s_su819.htm.csv.
2025-11-19 20:04:58,996 - INFO - Visiting: http://www.drps.ed.ac.uk/24-25/dpt/cxedua08116.htm
2025-11-19 20:04:59,032 - INFO - 1 instances updated to ./data_container/25_11_19_20_02_55/24-25_cx_s_su819.htm.csv.
2025-11-19 20:04:59,239 - INFO - Visiting: http://www.drps.ed.ac.uk/24-25/dpt/cxedua08103.htm
2025-11-19 20:04:59,283 - INFO - 1 instances updated to ./data_container/25_11_19_20_02_55/24-25_cx_s_su819.htm.csv.
2025-11-19 20:04:59,481 - INFO - Visiting: http://www.drps.ed.ac.uk/24-25/dpt/cxedua09003.htm
2025-11-19 20:04:59,517 - INFO - 1 instances updated to ./data_container/25_11_19_20_02_55/24-25_cx_s_su819.htm.csv.
2025-11-19 20:04:59,653 - INFO - Visiting: http://www.drps.ed.ac.uk/24-25/dpt/cxedua09004.htm
2025-11-19 20:04:59,692 - INFO - 1 instances updated to ./data_container/25_11_19_20_02_55/24-25_cx_s_su819.htm.csv.
2025-11-19 20:04:59,882 - INFO - Visiting: http://www.drps.ed.ac.uk/24-25/dpt/cxedua09005.htm
2025-11-19 20:04:59,920 - INFO - 1 instances updated to ./data_container/25_11_19_20_02_55/24-25_cx_s_su819.htm.csv.
2025-11-19 20:05:00,086 - INFO - Visiting: http://www.drps.ed.ac.uk/24-25/dpt/cxedua09006.htm
2025-11-19 20:05:00,123 - INFO - 1 instances updated to ./data_container/25_11_19_20_02_55/24-25_cx_s_su819.htm.csv.
2025-11-19 20:05:00,297 - INFO - Visiting: http://www.drps.ed.ac.uk/24-25/dpt/cxedua10082.htm
2025-11-19 20:05:00,323 - INFO - 1 instances updated to ./data_container/25_11_19_20_02_55/24-25_cx_s_su819.htm.csv.
2025-11-19 20:05:00,548 - INFO - Visiting: http://www.drps.ed.ac.uk/24-25/dpt/cxedua10120.htm
2025-11-19 20:05:00,579 - INFO - 1 instances updated to ./data_container/25_11_19_20_02_55/24-25_cx_s_su819.htm.csv.
2025-11-19 20:05:00,791 - INFO - Visiting: http://www.drps.ed.ac.uk/24-25/dpt/cxedua10209.htm
2025-11-19 20:05:00,825 - INFO - 1 instances updated to ./data_container/25_11_19_20_02_55/24-25_cx_s_su819.htm.csv.
2025-11-19 20:05:01,030 - INFO - Visiting: http://www.drps.ed.ac.uk/24-25/dpt/cxedua10156.htm
2025-11-19 20:05:01,067 - INFO - 1 instances updated to ./data_container/25_11_19_20_02_55/24-25_cx_s_su819.htm.csv.
2025-11-19 20:05:01,262 - INFO - Visiting: http://www.drps.ed.ac.uk/24-25/dpt/cxedua10157.htm
2025-11-19 20:05:01,295 - INFO - 1 instances updated to ./data_container/25_11_19_20_02_55/24-25_cx_s_su819.htm.csv.
2025-11-19 20:05:01,500 - INFO - Visiting: http://www.drps.ed.ac.uk/24-25/dpt/cxedua10052.htm
2025-11-19 20:05:01,518 - INFO - 1 instances updated to ./data_container/25_11_19_20_02_55/24-25_cx_s_su819.htm.csv.
2025-11-19 20:05:01,697 - INFO - Visiting: http://www.drps.ed.ac.uk/24-25/dpt/cxedua10204.htm
2025-11-19 20:05:01,713 - INFO - 1 instances updated to ./data_container/25_11_19_20_02_55/24-25_cx_s_su819.htm.csv.
2025-11-19 20:05:01,923 - INFO - Visiting: http://www.drps.ed.ac.uk/24-25/dpt/cxedua10150.htm
2025-11-19 20:05:01,953 - INFO - 1 instances updated to ./data_container/25_11_19_20_02_55/24-25_cx_s_su819.htm.csv.
2025-11-19 20:05:02,157 - INFO - Visiting: http://www.drps.ed.ac.uk/24-25/dpt/cxedua10126.htm
2025-11-19 20:05:02,183 - INFO - 1 instances updated to ./data_container/25_11_19_20_02_55/24-25_cx_s_su819.htm.csv.
2025-11-19 20:05:02,398 - INFO - Visiting: http://www.drps.ed.ac.uk/24-25/dpt/cxedua10124.htm
2025-11-19 20:05:02,434 - INFO - 1 instances updated to ./data_container/25_11_19_20_02_55/24-25_cx_s_su819.htm.csv.
2025-11-19 20:05:02,651 - INFO - Visiting: http://www.drps.ed.ac.uk/24-25/dpt/cxedua10118.htm
2025-11-19 20:05:02,685 - INFO - 1 instances updated to ./data_container/25_11_19_20_02_55/24-25_cx_s_su819.htm.csv.
2025-11-19 20:05:02,908 - INFO - Visiting: http://www.drps.ed.ac.uk/24-25/dpt/cxedua10123.htm
2025-11-19 20:05:02,924 - INFO - 1 instances updated to ./data_container/25_11_19_20_02_55/24-25_cx_s_su819.htm.csv.
2025-11-19 20:05:03,160 - INFO - Visiting: http://www.drps.ed.ac.uk/24-25/dpt/cxedua10125.htm
2025-11-19 20:05:03,201 - INFO - 1 instances updated to ./data_container/25_11_19_20_02_55/24-25_cx_s_su819.htm.csv.
2025-11-19 20:05:03,411 - INFO - Visiting: http://www.drps.ed.ac.uk/24-25/dpt/cxedua10121.htm
2025-11-19 20:05:03,449 - INFO - 1 instances updated to ./data_container/25_11_19_20_02_55/24-25_cx_s_su819.htm.csv.
2025-11-19 20:05:03,576 - INFO - Visiting: http://www.drps.ed.ac.uk/24-25/dpt/cxedua10210.htm
2025-11-19 20:05:03,613 - INFO - 1 instances updated to ./data_container/25_11_19_20_02_55/24-25_cx_s_su819.htm.csv.
2025-11-19 20:05:03,723 - INFO - Visiting: http://www.drps.ed.ac.uk/24-25/dpt/cxedua10206.htm
2025-11-19 20:05:03,753 - INFO - 1 instances updated to ./data_container/25_11_19_20_02_55/24-25_cx_s_su819.htm.csv.
2025-11-19 20:05:03,913 - INFO - Visiting: http://www.drps.ed.ac.uk/24-25/dpt/cxedua10167.htm
2025-11-19 20:05:03,946 - INFO - 1 instances updated to ./data_container/25_11_19_20_02_55/24-25_cx_s_su819.htm.csv.
2025-11-19 20:05:04,135 - INFO - Visiting: http://www.drps.ed.ac.uk/24-25/dpt/cxedua10187.htm
2025-11-19 20:05:04,178 - INFO - 1 instances updated to ./data_container/25_11_19_20_02_55/24-25_cx_s_su819.htm.csv.
2025-11-19 20:05:04,320 - INFO - Visiting: http://www.drps.ed.ac.uk/24-25/dpt/cxedua10193.htm
2025-11-19 20:05:04,358 - INFO - 1 instances updated to ./data_container/25_11_19_20_02_55/24-25_cx_s_su819.htm.csv.
2025-11-19 20:05:04,484 - INFO - Visiting: http://www.drps.ed.ac.uk/24-25/dpt/cxedua10172.htm
2025-11-19 20:05:04,524 - INFO - 1 instances updated to ./data_container/25_11_19_20_02_55/24-25_cx_s_su819.htm.csv.
2025-11-19 20:05:04,748 - INFO - Visiting: http://www.drps.ed.ac.uk/24-25/dpt/cxedua10093.htm
2025-11-19 20:05:04,791 - INFO - 1 instances updated to ./data_container/25_11_19_20_02_55/24-25_cx_s_su819.htm.csv.
2025-11-19 20:05:04,976 - INFO - Visiting: http://www.drps.ed.ac.uk/24-25/dpt/cxedua10208.htm
2025-11-19 20:05:05,007 - INFO - 1 instances updated to ./data_container/25_11_19_20_02_55/24-25_cx_s_su819.htm.csv.
2025-11-19 20:05:05,198 - INFO - Visiting: http://www.drps.ed.ac.uk/24-25/dpt/cxedua10207.htm
2025-11-19 20:05:05,234 - INFO - 1 instances updated to ./data_container/25_11_19_20_02_55/24-25_cx_s_su819.htm.csv.
2025-11-19 20:05:05,381 - INFO - Visiting: http://www.drps.ed.ac.uk/24-25/dpt/cxedua10211.htm
2025-11-19 20:05:05,421 - INFO - 1 instances updated to ./data_container/25_11_19_20_02_55/24-25_cx_s_su819.htm.csv.
2025-11-19 20:05:05,612 - INFO - Visiting: http://www.drps.ed.ac.uk/24-25/dpt/cxedua10212.htm
2025-11-19 20:05:05,654 - INFO - 1 instances updated to ./data_container/25_11_19_20_02_55/24-25_cx_s_su819.htm.csv.
2025-11-19 20:05:05,851 - INFO - Visiting: http://www.drps.ed.ac.uk/24-25/dpt/cxedua10154.htm
2025-11-19 20:05:05,893 - INFO - 1 instances updated to ./data_container/25_11_19_20_02_55/24-25_cx_s_su819.htm.csv.
2025-11-19 20:05:06,132 - INFO - Visiting: http://www.drps.ed.ac.uk/24-25/dpt/cxedua10203.htm
2025-11-19 20:05:06,170 - INFO - 1 instances updated to ./data_container/25_11_19_20_02_55/24-25_cx_s_su819.htm.csv.
2025-11-19 20:05:06,304 - INFO - Visiting: http://www.drps.ed.ac.uk/24-25/dpt/cxedua10035.htm
2025-11-19 20:05:06,344 - INFO - 1 instances updated to ./data_container/25_11_19_20_02_55/24-25_cx_s_su819.htm.csv.
2025-11-19 20:05:06,447 - INFO - Visiting: http://www.drps.ed.ac.uk/24-25/dpt/cxedua10142.htm
2025-11-19 20:05:06,486 - INFO - 1 instances updated to ./data_container/25_11_19_20_02_55/24-25_cx_s_su819.htm.csv.
2025-11-19 20:05:06,702 - INFO - Visiting: http://www.drps.ed.ac.uk/24-25/dpt/cxedua10163.htm
2025-11-19 20:05:06,743 - INFO - 1 instances updated to ./data_container/25_11_19_20_02_55/24-25_cx_s_su819.htm.csv.
2025-11-19 20:05:06,960 - INFO - Visiting: http://www.drps.ed.ac.uk/24-25/dpt/cxedua10162.htm
2025-11-19 20:05:07,002 - INFO - 1 instances updated to ./data_container/25_11_19_20_02_55/24-25_cx_s_su819.htm.csv.
2025-11-19 20:05:07,221 - INFO - Visiting: http://www.drps.ed.ac.uk/24-25/dpt/cxedua10164.htm
2025-11-19 20:05:07,264 - INFO - 1 instances updated to ./data_container/25_11_19_20_02_55/24-25_cx_s_su819.htm.csv.
2025-11-19 20:05:07,397 - INFO - Visiting: http://www.drps.ed.ac.uk/24-25/dpt/cxedua10214.htm
2025-11-19 20:05:07,438 - INFO - 1 instances updated to ./data_container/25_11_19_20_02_55/24-25_cx_s_su819.htm.csv.
2025-11-19 20:05:07,551 - INFO - Visiting: http://www.drps.ed.ac.uk/24-25/dpt/cxedua10178.htm
2025-11-19 20:05:07,593 - INFO - 1 instances updated to ./data_container/25_11_19_20_02_55/24-25_cx_s_su819.htm.csv.
2025-11-19 20:05:07,771 - INFO - Visiting: http://www.drps.ed.ac.uk/24-25/dpt/cxedua10175.htm
2025-11-19 20:05:07,811 - INFO - 1 instances updated to ./data_container/25_11_19_20_02_55/24-25_cx_s_su819.htm.csv.
2025-11-19 20:05:07,993 - INFO - Visiting: http://www.drps.ed.ac.uk/24-25/dpt/cxedua10180.htm
2025-11-19 20:05:08,072 - INFO - 1 instances updated to ./data_container/25_11_19_20_02_55/24-25_cx_s_su819.htm.csv.
2025-11-19 20:05:08,298 - INFO - Visiting: http://www.drps.ed.ac.uk/24-25/dpt/cxedua10177.htm
2025-11-19 20:05:08,341 - INFO - 1 instances updated to ./data_container/25_11_19_20_02_55/24-25_cx_s_su819.htm.csv.
2025-11-19 20:05:08,531 - INFO - Visiting: http://www.drps.ed.ac.uk/24-25/dpt/cxedua10117.htm
2025-11-19 20:05:08,573 - INFO - 1 instances updated to ./data_container/25_11_19_20_02_55/24-25_cx_s_su819.htm.csv.
2025-11-19 20:05:08,719 - INFO - Visiting: http://www.drps.ed.ac.uk/24-25/dpt/cxedua10168.htm
2025-11-19 20:05:08,762 - INFO - 1 instances updated to ./data_container/25_11_19_20_02_55/24-25_cx_s_su819.htm.csv.
2025-11-19 20:05:08,962 - INFO - Visiting: http://www.drps.ed.ac.uk/24-25/dpt/cxedua10189.htm
2025-11-19 20:05:09,007 - INFO - 1 instances updated to ./data_container/25_11_19_20_02_55/24-25_cx_s_su819.htm.csv.
2025-11-19 20:05:09,201 - INFO - Visiting: http://www.drps.ed.ac.uk/24-25/dpt/cxedua10194.htm
2025-11-19 20:05:09,232 - INFO - 1 instances updated to ./data_container/25_11_19_20_02_55/24-25_cx_s_su819.htm.csv.
2025-11-19 20:05:09,450 - INFO - Visiting: http://www.drps.ed.ac.uk/24-25/dpt/cxedua10152.htm
2025-11-19 20:05:09,489 - INFO - 1 instances updated to ./data_container/25_11_19_20_02_55/24-25_cx_s_su819.htm.csv.
2025-11-19 20:05:09,688 - INFO - Visiting: http://www.drps.ed.ac.uk/24-25/dpt/cxedua10179.htm
2025-11-19 20:05:09,731 - INFO - 1 instances updated to ./data_container/25_11_19_20_02_55/24-25_cx_s_su819.htm.csv.
2025-11-19 20:05:09,860 - INFO - Visiting: http://www.drps.ed.ac.uk/24-25/dpt/cxedua10176.htm
2025-11-19 20:05:09,905 - INFO - 1 instances updated to ./data_container/25_11_19_20_02_55/24-25_cx_s_su819.htm.csv.
2025-11-19 20:05:10,088 - INFO - Visiting: http://www.drps.ed.ac.uk/24-25/dpt/cxedua10202.htm
2025-11-19 20:05:10,131 - INFO - 1 instances updated to ./data_container/25_11_19_20_02_55/24-25_cx_s_su819.htm.csv.
2025-11-19 20:05:10,318 - INFO - Visiting: http://www.drps.ed.ac.uk/24-25/dpt/cxedua10169.htm
2025-11-19 20:05:10,361 - INFO - 1 instances updated to ./data_container/25_11_19_20_02_55/24-25_cx_s_su819.htm.csv.
2025-11-19 20:05:10,533 - INFO - Visiting: http://www.drps.ed.ac.uk/24-25/dpt/cxedua10186.htm
2025-11-19 20:05:10,577 - INFO - 1 instances updated to ./data_container/25_11_19_20_02_55/24-25_cx_s_su819.htm.csv.
2025-11-19 20:05:10,778 - INFO - Visiting: http://www.drps.ed.ac.uk/24-25/dpt/cxedua10216.htm
2025-11-19 20:05:10,823 - INFO - 1 instances updated to ./data_container/25_11_19_20_02_55/24-25_cx_s_su819.htm.csv.
2025-11-19 20:05:11,017 - INFO - Visiting: http://www.drps.ed.ac.uk/24-25/dpt/cxedua10213.htm
2025-11-19 20:05:11,058 - INFO - 1 instances updated to ./data_container/25_11_19_20_02_55/24-25_cx_s_su819.htm.csv.
2025-11-19 20:05:11,272 - INFO - Visiting: http://www.drps.ed.ac.uk/24-25/dpt/cxedua10200.htm
2025-11-19 20:05:11,312 - INFO - 1 instances updated to ./data_container/25_11_19_20_02_55/24-25_cx_s_su819.htm.csv.
2025-11-19 20:05:11,519 - INFO - Visiting: http://www.drps.ed.ac.uk/24-25/dpt/cxedua10217.htm
2025-11-19 20:05:11,562 - INFO - 1 instances updated to ./data_container/25_11_19_20_02_55/24-25_cx_s_su819.htm.csv.
2025-11-19 20:05:11,769 - INFO - Visiting: http://www.drps.ed.ac.uk/24-25/dpt/cxedua10143.htm
2025-11-19 20:05:11,813 - INFO - 1 instances updated to ./data_container/25_11_19_20_02_55/24-25_cx_s_su819.htm.csv.
2025-11-19 20:05:11,970 - INFO - Visiting: http://www.drps.ed.ac.uk/24-25/dpt/cxedua10215.htm
2025-11-19 20:05:12,011 - INFO - 1 instances updated to ./data_container/25_11_19_20_02_55/24-25_cx_s_su819.htm.csv.
2025-11-19 20:05:12,217 - INFO - Visiting: http://www.drps.ed.ac.uk/24-25/dpt/cxedua10159.htm
2025-11-19 20:05:12,259 - INFO - 1 instances updated to ./data_container/25_11_19_20_02_55/24-25_cx_s_su819.htm.csv.
2025-11-19 20:05:12,450 - INFO - Visiting: http://www.drps.ed.ac.uk/24-25/dpt/cxedua10160.htm
2025-11-19 20:05:12,494 - INFO - 1 instances updated to ./data_container/25_11_19_20_02_55/24-25_cx_s_su819.htm.csv.
2025-11-19 20:05:12,710 - INFO - Visiting: http://www.drps.ed.ac.uk/24-25/dpt/cxedua10161.htm
2025-11-19 20:05:12,757 - INFO - 1 instances updated to ./data_container/25_11_19_20_02_55/24-25_cx_s_su819.htm.csv.
2025-11-19 20:05:12,969 - INFO - Visiting: http://www.drps.ed.ac.uk/24-25/dpt/cxedua10198.htm
2025-11-19 20:05:13,011 - INFO - 1 instances updated to ./data_container/25_11_19_20_02_55/24-25_cx_s_su819.htm.csv.
2025-11-19 20:05:13,191 - INFO - Visiting: http://www.drps.ed.ac.uk/24-25/dpt/cxedua10205.htm
2025-11-19 20:05:13,236 - INFO - 1 instances updated to ./data_container/25_11_19_20_02_55/24-25_cx_s_su819.htm.csv.
2025-11-19 20:05:13,450 - INFO - Visiting: http://www.drps.ed.ac.uk/24-25/dpt/cxedua10122.htm
2025-11-19 20:05:13,487 - INFO - 1 instances updated to ./data_container/25_11_19_20_02_55/24-25_cx_s_su819.htm.csv.
2025-11-19 20:05:13,671 - INFO - Visiting: http://www.drps.ed.ac.uk/24-25/dpt/cxedua10182.htm
2025-11-19 20:05:13,714 - INFO - 1 instances updated to ./data_container/25_11_19_20_02_55/24-25_cx_s_su819.htm.csv.
2025-11-19 20:05:13,909 - INFO - Visiting: http://www.drps.ed.ac.uk/24-25/dpt/cxedua11395.htm
2025-11-19 20:05:13,954 - INFO - 1 instances updated to ./data_container/25_11_19_20_02_55/24-25_cx_s_su819.htm.csv.
2025-11-19 20:05:14,085 - INFO - Visiting: http://www.drps.ed.ac.uk/24-25/dpt/cxedua11393.htm
2025-11-19 20:05:14,130 - INFO - 1 instances updated to ./data_container/25_11_19_20_02_55/24-25_cx_s_su819.htm.csv.
2025-11-19 20:05:14,309 - INFO - Visiting: http://www.drps.ed.ac.uk/24-25/dpt/cxedua11222.htm
2025-11-19 20:05:14,355 - INFO - 1 instances updated to ./data_container/25_11_19_20_02_55/24-25_cx_s_su819.htm.csv.
2025-11-19 20:05:14,561 - INFO - Visiting: http://www.drps.ed.ac.uk/24-25/dpt/cxedua11245.htm
2025-11-19 20:05:14,607 - INFO - 1 instances updated to ./data_container/25_11_19_20_02_55/24-25_cx_s_su819.htm.csv.
2025-11-19 20:05:14,824 - INFO - Visiting: http://www.drps.ed.ac.uk/24-25/dpt/cxedua11371.htm
2025-11-19 20:05:14,870 - INFO - 1 instances updated to ./data_container/25_11_19_20_02_55/24-25_cx_s_su819.htm.csv.
2025-11-19 20:05:15,060 - INFO - Visiting: http://www.drps.ed.ac.uk/24-25/dpt/cxedua11370.htm
2025-11-19 20:05:15,105 - INFO - 1 instances updated to ./data_container/25_11_19_20_02_55/24-25_cx_s_su819.htm.csv.
2025-11-19 20:05:15,318 - INFO - Visiting: http://www.drps.ed.ac.uk/24-25/dpt/cxedua11420.htm
2025-11-19 20:05:15,367 - INFO - 1 instances updated to ./data_container/25_11_19_20_02_55/24-25_cx_s_su819.htm.csv.
2025-11-19 20:05:15,552 - INFO - Visiting: http://www.drps.ed.ac.uk/24-25/dpt/cxedua11319.htm
2025-11-19 20:05:15,599 - INFO - 1 instances updated to ./data_container/25_11_19_20_02_55/24-25_cx_s_su819.htm.csv.
2025-11-19 20:05:15,770 - INFO - Visiting: http://www.drps.ed.ac.uk/24-25/dpt/cxedua11238.htm
2025-11-19 20:05:15,817 - INFO - 1 instances updated to ./data_container/25_11_19_20_02_55/24-25_cx_s_su819.htm.csv.
2025-11-19 20:05:15,983 - INFO - Visiting: http://www.drps.ed.ac.uk/24-25/dpt/cxedua11433.htm
2025-11-19 20:05:16,029 - INFO - 1 instances updated to ./data_container/25_11_19_20_02_55/24-25_cx_s_su819.htm.csv.
2025-11-19 20:05:16,272 - INFO - Visiting: http://www.drps.ed.ac.uk/24-25/dpt/cxedua11405.htm
2025-11-19 20:05:16,324 - INFO - 1 instances updated to ./data_container/25_11_19_20_02_55/24-25_cx_s_su819.htm.csv.
2025-11-19 20:05:16,507 - INFO - Visiting: http://www.drps.ed.ac.uk/24-25/dpt/cxedua11430.htm
2025-11-19 20:05:16,553 - INFO - 1 instances updated to ./data_container/25_11_19_20_02_55/24-25_cx_s_su819.htm.csv.
2025-11-19 20:05:16,742 - INFO - Visiting: http://www.drps.ed.ac.uk/24-25/dpt/cxedua11454.htm
2025-11-19 20:05:16,790 - INFO - 1 instances updated to ./data_container/25_11_19_20_02_55/24-25_cx_s_su819.htm.csv.
2025-11-19 20:05:16,993 - INFO - Visiting: http://www.drps.ed.ac.uk/24-25/dpt/cxedua11412.htm
2025-11-19 20:05:17,041 - INFO - 1 instances updated to ./data_container/25_11_19_20_02_55/24-25_cx_s_su819.htm.csv.
2025-11-19 20:05:17,237 - INFO - Visiting: http://www.drps.ed.ac.uk/24-25/dpt/cxedua11396.htm
2025-11-19 20:05:17,284 - INFO - 1 instances updated to ./data_container/25_11_19_20_02_55/24-25_cx_s_su819.htm.csv.
2025-11-19 20:05:17,469 - INFO - Visiting: http://www.drps.ed.ac.uk/24-25/dpt/cxedua11397.htm
2025-11-19 20:05:17,515 - INFO - 1 instances updated to ./data_container/25_11_19_20_02_55/24-25_cx_s_su819.htm.csv.
2025-11-19 20:05:17,731 - INFO - Visiting: http://www.drps.ed.ac.uk/24-25/dpt/cxedua11432.htm
2025-11-19 20:05:17,767 - INFO - 1 instances updated to ./data_container/25_11_19_20_02_55/24-25_cx_s_su819.htm.csv.
2025-11-19 20:05:17,994 - INFO - Visiting: http://www.drps.ed.ac.uk/24-25/dpt/cxedua11341.htm
2025-11-19 20:05:18,040 - INFO - 1 instances updated to ./data_container/25_11_19_20_02_55/24-25_cx_s_su819.htm.csv.
2025-11-19 20:05:18,297 - INFO - Visiting: http://www.drps.ed.ac.uk/24-25/dpt/cxedua11034.htm
2025-11-19 20:05:18,383 - INFO - 1 instances updated to ./data_container/25_11_19_20_02_55/24-25_cx_s_su819.htm.csv.
2025-11-19 20:05:18,581 - INFO - Visiting: http://www.drps.ed.ac.uk/24-25/dpt/cxedua11426.htm
2025-11-19 20:05:18,629 - INFO - 1 instances updated to ./data_container/25_11_19_20_02_55/24-25_cx_s_su819.htm.csv.
2025-11-19 20:05:18,838 - INFO - Visiting: http://www.drps.ed.ac.uk/24-25/dpt/cxedua11337.htm
2025-11-19 20:05:18,883 - INFO - 1 instances updated to ./data_container/25_11_19_20_02_55/24-25_cx_s_su819.htm.csv.
2025-11-19 20:05:19,098 - INFO - Visiting: http://www.drps.ed.ac.uk/24-25/dpt/cxedua11374.htm
2025-11-19 20:05:19,145 - INFO - 1 instances updated to ./data_container/25_11_19_20_02_55/24-25_cx_s_su819.htm.csv.
2025-11-19 20:05:19,351 - INFO - Visiting: http://www.drps.ed.ac.uk/24-25/dpt/cxedua11372.htm
2025-11-19 20:05:19,402 - INFO - 1 instances updated to ./data_container/25_11_19_20_02_55/24-25_cx_s_su819.htm.csv.
2025-11-19 20:05:19,590 - INFO - Visiting: http://www.drps.ed.ac.uk/24-25/dpt/cxedua11310.htm
2025-11-19 20:05:19,637 - INFO - 1 instances updated to ./data_container/25_11_19_20_02_55/24-25_cx_s_su819.htm.csv.
2025-11-19 20:05:19,879 - INFO - Visiting: http://www.drps.ed.ac.uk/24-25/dpt/cxedua11455.htm
2025-11-19 20:05:19,922 - INFO - 1 instances updated to ./data_container/25_11_19_20_02_55/24-25_cx_s_su819.htm.csv.
2025-11-19 20:05:20,085 - INFO - Visiting: http://www.drps.ed.ac.uk/24-25/dpt/cxedua11431.htm
2025-11-19 20:05:20,135 - INFO - 1 instances updated to ./data_container/25_11_19_20_02_55/24-25_cx_s_su819.htm.csv.
2025-11-19 20:05:20,379 - INFO - Visiting: http://www.drps.ed.ac.uk/24-25/dpt/cxedua11249.htm
2025-11-19 20:05:20,428 - INFO - 1 instances updated to ./data_container/25_11_19_20_02_55/24-25_cx_s_su819.htm.csv.
2025-11-19 20:05:20,597 - INFO - Visiting: http://www.drps.ed.ac.uk/24-25/dpt/cxedua11325.htm
2025-11-19 20:05:20,645 - INFO - 1 instances updated to ./data_container/25_11_19_20_02_55/24-25_cx_s_su819.htm.csv.
2025-11-19 20:05:20,775 - INFO - Visiting: http://www.drps.ed.ac.uk/24-25/dpt/cxedua11358.htm
2025-11-19 20:05:20,824 - INFO - 1 instances updated to ./data_container/25_11_19_20_02_55/24-25_cx_s_su819.htm.csv.
2025-11-19 20:05:21,013 - INFO - Visiting: http://www.drps.ed.ac.uk/24-25/dpt/cxedua11336.htm
2025-11-19 20:05:21,064 - INFO - 1 instances updated to ./data_container/25_11_19_20_02_55/24-25_cx_s_su819.htm.csv.
2025-11-19 20:05:21,259 - INFO - Visiting: http://www.drps.ed.ac.uk/24-25/dpt/cxedua11174.htm
2025-11-19 20:05:21,306 - INFO - 1 instances updated to ./data_container/25_11_19_20_02_55/24-25_cx_s_su819.htm.csv.
2025-11-19 20:05:21,523 - INFO - Visiting: http://www.drps.ed.ac.uk/24-25/dpt/cxedua11364.htm
2025-11-19 20:05:21,569 - INFO - 1 instances updated to ./data_container/25_11_19_20_02_55/24-25_cx_s_su819.htm.csv.
2025-11-19 20:05:21,699 - INFO - Visiting: http://www.drps.ed.ac.uk/24-25/dpt/cxedua11053.htm
2025-11-19 20:05:21,743 - INFO - 1 instances updated to ./data_container/25_11_19_20_02_55/24-25_cx_s_su819.htm.csv.
2025-11-19 20:05:21,908 - INFO - Visiting: http://www.drps.ed.ac.uk/24-25/dpt/cxedua11296.htm
2025-11-19 20:05:21,950 - INFO - 1 instances updated to ./data_container/25_11_19_20_02_55/24-25_cx_s_su819.htm.csv.
2025-11-19 20:05:22,143 - INFO - Visiting: http://www.drps.ed.ac.uk/24-25/dpt/cxedua11223.htm
2025-11-19 20:05:22,193 - INFO - 1 instances updated to ./data_container/25_11_19_20_02_55/24-25_cx_s_su819.htm.csv.
2025-11-19 20:05:22,387 - INFO - Visiting: http://www.drps.ed.ac.uk/24-25/dpt/cxedua11224.htm
2025-11-19 20:05:22,436 - INFO - 1 instances updated to ./data_container/25_11_19_20_02_55/24-25_cx_s_su819.htm.csv.
2025-11-19 20:05:22,617 - INFO - Visiting: http://www.drps.ed.ac.uk/24-25/dpt/cxedua11323.htm
2025-11-19 20:05:22,663 - INFO - 1 instances updated to ./data_container/25_11_19_20_02_55/24-25_cx_s_su819.htm.csv.
2025-11-19 20:05:22,861 - INFO - Visiting: http://www.drps.ed.ac.uk/24-25/dpt/cxedua11444.htm
2025-11-19 20:05:22,915 - INFO - 1 instances updated to ./data_container/25_11_19_20_02_55/24-25_cx_s_su819.htm.csv.
2025-11-19 20:05:23,112 - INFO - Visiting: http://www.drps.ed.ac.uk/24-25/dpt/cxedua11444.htm
2025-11-19 20:05:23,161 - INFO - 1 instances updated to ./data_container/25_11_19_20_02_55/24-25_cx_s_su819.htm.csv.
2025-11-19 20:05:23,273 - INFO - Visiting: http://www.drps.ed.ac.uk/24-25/dpt/cxedua11417.htm
2025-11-19 20:05:23,314 - INFO - 1 instances updated to ./data_container/25_11_19_20_02_55/24-25_cx_s_su819.htm.csv.
2025-11-19 20:05:23,518 - INFO - Visiting: http://www.drps.ed.ac.uk/24-25/dpt/cxedua11440.htm
2025-11-19 20:05:23,568 - INFO - 1 instances updated to ./data_container/25_11_19_20_02_55/24-25_cx_s_su819.htm.csv.
2025-11-19 20:05:23,733 - INFO - Visiting: http://www.drps.ed.ac.uk/24-25/dpt/cxedua11309.htm
2025-11-19 20:05:23,785 - INFO - 1 instances updated to ./data_container/25_11_19_20_02_55/24-25_cx_s_su819.htm.csv.
2025-11-19 20:05:24,027 - INFO - Visiting: http://www.drps.ed.ac.uk/24-25/dpt/cxedua11292.htm
2025-11-19 20:05:24,065 - INFO - 1 instances updated to ./data_container/25_11_19_20_02_55/24-25_cx_s_su819.htm.csv.
2025-11-19 20:05:24,303 - INFO - Visiting: http://www.drps.ed.ac.uk/24-25/dpt/cxedua11291.htm
2025-11-19 20:05:24,357 - INFO - 1 instances updated to ./data_container/25_11_19_20_02_55/24-25_cx_s_su819.htm.csv.
2025-11-19 20:05:24,539 - INFO - Visiting: http://www.drps.ed.ac.uk/24-25/dpt/cxedua11293.htm
2025-11-19 20:05:24,593 - INFO - 1 instances updated to ./data_container/25_11_19_20_02_55/24-25_cx_s_su819.htm.csv.
2025-11-19 20:05:24,781 - INFO - Visiting: http://www.drps.ed.ac.uk/24-25/dpt/cxedua11209.htm
2025-11-19 20:05:24,832 - INFO - 1 instances updated to ./data_container/25_11_19_20_02_55/24-25_cx_s_su819.htm.csv.
2025-11-19 20:05:25,029 - INFO - Visiting: http://www.drps.ed.ac.uk/24-25/dpt/cxedua11239.htm
2025-11-19 20:05:25,077 - INFO - 1 instances updated to ./data_container/25_11_19_20_02_55/24-25_cx_s_su819.htm.csv.
2025-11-19 20:05:25,267 - INFO - Visiting: http://www.drps.ed.ac.uk/24-25/dpt/cxedua11451.htm
2025-11-19 20:05:25,319 - INFO - 1 instances updated to ./data_container/25_11_19_20_02_55/24-25_cx_s_su819.htm.csv.
2025-11-19 20:05:25,523 - INFO - Visiting: http://www.drps.ed.ac.uk/24-25/dpt/cxedua11386.htm
2025-11-19 20:05:25,578 - INFO - 1 instances updated to ./data_container/25_11_19_20_02_55/24-25_cx_s_su819.htm.csv.
2025-11-19 20:05:25,760 - INFO - Visiting: http://www.drps.ed.ac.uk/24-25/dpt/cxedua11375.htm
2025-11-19 20:05:25,809 - INFO - 1 instances updated to ./data_container/25_11_19_20_02_55/24-25_cx_s_su819.htm.csv.
2025-11-19 20:05:25,953 - INFO - Visiting: http://www.drps.ed.ac.uk/24-25/dpt/cxedua11384.htm
2025-11-19 20:05:26,006 - INFO - 1 instances updated to ./data_container/25_11_19_20_02_55/24-25_cx_s_su819.htm.csv.
2025-11-19 20:05:26,121 - INFO - Visiting: http://www.drps.ed.ac.uk/24-25/dpt/cxedua11352.htm
2025-11-19 20:05:26,168 - INFO - 1 instances updated to ./data_container/25_11_19_20_02_55/24-25_cx_s_su819.htm.csv.
2025-11-19 20:05:26,336 - INFO - Visiting: http://www.drps.ed.ac.uk/24-25/dpt/cxedua11345.htm
2025-11-19 20:05:26,384 - INFO - 1 instances updated to ./data_container/25_11_19_20_02_55/24-25_cx_s_su819.htm.csv.
2025-11-19 20:05:26,564 - INFO - Visiting: http://www.drps.ed.ac.uk/24-25/dpt/cxedua11343.htm
2025-11-19 20:05:26,613 - INFO - 1 instances updated to ./data_container/25_11_19_20_02_55/24-25_cx_s_su819.htm.csv.
2025-11-19 20:05:26,803 - INFO - Visiting: http://www.drps.ed.ac.uk/24-25/dpt/cxedua11186.htm
2025-11-19 20:05:26,856 - INFO - 1 instances updated to ./data_container/25_11_19_20_02_55/24-25_cx_s_su819.htm.csv.
2025-11-19 20:05:26,958 - INFO - Visiting: http://www.drps.ed.ac.uk/24-25/dpt/cxedua11389.htm
2025-11-19 20:05:26,996 - INFO - 1 instances updated to ./data_container/25_11_19_20_02_55/24-25_cx_s_su819.htm.csv.
2025-11-19 20:05:27,187 - INFO - Visiting: http://www.drps.ed.ac.uk/24-25/dpt/cxedua11294.htm
2025-11-19 20:05:27,234 - INFO - 1 instances updated to ./data_container/25_11_19_20_02_55/24-25_cx_s_su819.htm.csv.
2025-11-19 20:05:27,411 - INFO - Visiting: http://www.drps.ed.ac.uk/24-25/dpt/cxedua11320.htm
2025-11-19 20:05:27,442 - INFO - 1 instances updated to ./data_container/25_11_19_20_02_55/24-25_cx_s_su819.htm.csv.
2025-11-19 20:05:27,650 - INFO - Visiting: http://www.drps.ed.ac.uk/24-25/dpt/cxedua11448.htm
2025-11-19 20:05:27,692 - INFO - 1 instances updated to ./data_container/25_11_19_20_02_55/24-25_cx_s_su819.htm.csv.
2025-11-19 20:05:27,897 - INFO - Visiting: http://www.drps.ed.ac.uk/24-25/dpt/cxedua11321.htm
2025-11-19 20:05:27,935 - INFO - 1 instances updated to ./data_container/25_11_19_20_02_55/24-25_cx_s_su819.htm.csv.
2025-11-19 20:05:28,143 - INFO - Visiting: http://www.drps.ed.ac.uk/24-25/dpt/cxedua11214.htm
2025-11-19 20:05:28,230 - INFO - 1 instances updated to ./data_container/25_11_19_20_02_55/24-25_cx_s_su819.htm.csv.
2025-11-19 20:05:28,421 - INFO - Visiting: http://www.drps.ed.ac.uk/24-25/dpt/cxedua11427.htm
2025-11-19 20:05:28,462 - INFO - 1 instances updated to ./data_container/25_11_19_20_02_55/24-25_cx_s_su819.htm.csv.
2025-11-19 20:05:28,647 - INFO - Visiting: http://www.drps.ed.ac.uk/24-25/dpt/cxedua11441.htm
2025-11-19 20:05:28,699 - INFO - 1 instances updated to ./data_container/25_11_19_20_02_55/24-25_cx_s_su819.htm.csv.
2025-11-19 20:05:28,891 - INFO - Visiting: http://www.drps.ed.ac.uk/24-25/dpt/cxedua11302.htm
2025-11-19 20:05:28,939 - INFO - 1 instances updated to ./data_container/25_11_19_20_02_55/24-25_cx_s_su819.htm.csv.
2025-11-19 20:05:29,181 - INFO - Visiting: http://www.drps.ed.ac.uk/24-25/dpt/cxedua11039.htm
2025-11-19 20:05:29,238 - INFO - 1 instances updated to ./data_container/25_11_19_20_02_55/24-25_cx_s_su819.htm.csv.
2025-11-19 20:05:29,458 - INFO - Visiting: http://www.drps.ed.ac.uk/24-25/dpt/cxedua11120.htm
2025-11-19 20:05:29,511 - INFO - 1 instances updated to ./data_container/25_11_19_20_02_55/24-25_cx_s_su819.htm.csv.
2025-11-19 20:05:29,658 - INFO - Visiting: http://www.drps.ed.ac.uk/24-25/dpt/cxedua11318.htm
2025-11-19 20:05:29,698 - INFO - 1 instances updated to ./data_container/25_11_19_20_02_55/24-25_cx_s_su819.htm.csv.
2025-11-19 20:05:29,895 - INFO - Visiting: http://www.drps.ed.ac.uk/24-25/dpt/cxedua11400.htm
2025-11-19 20:05:29,932 - INFO - 1 instances updated to ./data_container/25_11_19_20_02_55/24-25_cx_s_su819.htm.csv.
2025-11-19 20:05:30,129 - INFO - Visiting: http://www.drps.ed.ac.uk/24-25/dpt/cxedua11187.htm
2025-11-19 20:05:30,181 - INFO - 1 instances updated to ./data_container/25_11_19_20_02_55/24-25_cx_s_su819.htm.csv.
2025-11-19 20:05:30,377 - INFO - Visiting: http://www.drps.ed.ac.uk/24-25/dpt/cxedua11425.htm
2025-11-19 20:05:30,433 - INFO - 1 instances updated to ./data_container/25_11_19_20_02_55/24-25_cx_s_su819.htm.csv.
2025-11-19 20:05:30,606 - INFO - Visiting: http://www.drps.ed.ac.uk/24-25/dpt/cxedua11322.htm
2025-11-19 20:05:30,648 - INFO - 1 instances updated to ./data_container/25_11_19_20_02_55/24-25_cx_s_su819.htm.csv.
2025-11-19 20:05:30,847 - INFO - Visiting: http://www.drps.ed.ac.uk/24-25/dpt/cxedua11236.htm
2025-11-19 20:05:30,895 - INFO - 1 instances updated to ./data_container/25_11_19_20_02_55/24-25_cx_s_su819.htm.csv.
2025-11-19 20:05:30,994 - INFO - Visiting: http://www.drps.ed.ac.uk/24-25/dpt/cxedua11215.htm
2025-11-19 20:05:31,038 - INFO - 1 instances updated to ./data_container/25_11_19_20_02_55/24-25_cx_s_su819.htm.csv.
2025-11-19 20:05:31,210 - INFO - Visiting: http://www.drps.ed.ac.uk/24-25/dpt/cxedua11450.htm
2025-11-19 20:05:31,256 - INFO - 1 instances updated to ./data_container/25_11_19_20_02_55/24-25_cx_s_su819.htm.csv.
2025-11-19 20:05:31,370 - INFO - Visiting: http://www.drps.ed.ac.uk/24-25/dpt/cxedua11456.htm
2025-11-19 20:05:31,408 - INFO - 1 instances updated to ./data_container/25_11_19_20_02_55/24-25_cx_s_su819.htm.csv.
2025-11-19 20:05:31,607 - INFO - Visiting: http://www.drps.ed.ac.uk/24-25/dpt/cxedua11333.htm
2025-11-19 20:05:31,646 - INFO - 1 instances updated to ./data_container/25_11_19_20_02_55/24-25_cx_s_su819.htm.csv.
2025-11-19 20:05:31,828 - INFO - Visiting: http://www.drps.ed.ac.uk/24-25/dpt/cxedua11317.htm
2025-11-19 20:05:31,870 - INFO - 1 instances updated to ./data_container/25_11_19_20_02_55/24-25_cx_s_su819.htm.csv.
2025-11-19 20:05:31,982 - INFO - Visiting: http://www.drps.ed.ac.uk/24-25/dpt/cxedua11414.htm
2025-11-19 20:05:32,021 - INFO - 1 instances updated to ./data_container/25_11_19_20_02_55/24-25_cx_s_su819.htm.csv.
2025-11-19 20:05:32,228 - INFO - Visiting: http://www.drps.ed.ac.uk/24-25/dpt/cxedua11255.htm
2025-11-19 20:05:32,279 - INFO - 1 instances updated to ./data_container/25_11_19_20_02_55/24-25_cx_s_su819.htm.csv.
2025-11-19 20:05:32,447 - INFO - Visiting: http://www.drps.ed.ac.uk/24-25/dpt/cxedua11303.htm
2025-11-19 20:05:32,498 - INFO - 1 instances updated to ./data_container/25_11_19_20_02_55/24-25_cx_s_su819.htm.csv.
2025-11-19 20:05:32,687 - INFO - Visiting: http://www.drps.ed.ac.uk/24-25/dpt/cxedua11353.htm
2025-11-19 20:05:32,732 - INFO - 1 instances updated to ./data_container/25_11_19_20_02_55/24-25_cx_s_su819.htm.csv.
2025-11-19 20:05:32,939 - INFO - Visiting: http://www.drps.ed.ac.uk/24-25/dpt/cxedua11446.htm
2025-11-19 20:05:32,990 - INFO - 1 instances updated to ./data_container/25_11_19_20_02_55/24-25_cx_s_su819.htm.csv.
2025-11-19 20:05:33,192 - INFO - Visiting: http://www.drps.ed.ac.uk/24-25/dpt/cxedua11388.htm
2025-11-19 20:05:33,242 - INFO - 1 instances updated to ./data_container/25_11_19_20_02_55/24-25_cx_s_su819.htm.csv.
2025-11-19 20:05:33,408 - INFO - Visiting: http://www.drps.ed.ac.uk/24-25/dpt/cxedua11314.htm
2025-11-19 20:05:33,450 - INFO - 1 instances updated to ./data_container/25_11_19_20_02_55/24-25_cx_s_su819.htm.csv.
2025-11-19 20:05:33,661 - INFO - Visiting: http://www.drps.ed.ac.uk/24-25/dpt/cxedua11404.htm
2025-11-19 20:05:33,717 - INFO - 1 instances updated to ./data_container/25_11_19_20_02_55/24-25_cx_s_su819.htm.csv.
2025-11-19 20:05:33,909 - INFO - Visiting: http://www.drps.ed.ac.uk/24-25/dpt/cxedua11259.htm
2025-11-19 20:05:33,963 - INFO - 1 instances updated to ./data_container/25_11_19_20_02_55/24-25_cx_s_su819.htm.csv.
2025-11-19 20:05:34,161 - INFO - Visiting: http://www.drps.ed.ac.uk/24-25/dpt/cxedua11408.htm
2025-11-19 20:05:34,221 - INFO - 1 instances updated to ./data_container/25_11_19_20_02_55/24-25_cx_s_su819.htm.csv.
2025-11-19 20:05:34,491 - INFO - Visiting: http://www.drps.ed.ac.uk/24-25/dpt/cxedua11305.htm
2025-11-19 20:05:34,549 - INFO - 1 instances updated to ./data_container/25_11_19_20_02_55/24-25_cx_s_su819.htm.csv.
2025-11-19 20:05:34,789 - INFO - Visiting: http://www.drps.ed.ac.uk/24-25/dpt/cxedua11434.htm
2025-11-19 20:05:34,844 - INFO - 1 instances updated to ./data_container/25_11_19_20_02_55/24-25_cx_s_su819.htm.csv.
2025-11-19 20:05:35,009 - INFO - Visiting: http://www.drps.ed.ac.uk/24-25/dpt/cxedua11418.htm
2025-11-19 20:05:35,048 - INFO - 1 instances updated to ./data_container/25_11_19_20_02_55/24-25_cx_s_su819.htm.csv.
2025-11-19 20:05:35,271 - INFO - Visiting: http://www.drps.ed.ac.uk/24-25/dpt/cxedua11169.htm
2025-11-19 20:05:35,326 - INFO - 1 instances updated to ./data_container/25_11_19_20_02_55/24-25_cx_s_su819.htm.csv.
2025-11-19 20:05:35,519 - INFO - Visiting: http://www.drps.ed.ac.uk/24-25/dpt/cxedua11244.htm
2025-11-19 20:05:35,548 - INFO - 1 instances updated to ./data_container/25_11_19_20_02_55/24-25_cx_s_su819.htm.csv.
2025-11-19 20:05:35,736 - INFO - Visiting: http://www.drps.ed.ac.uk/24-25/dpt/cxedua11399.htm
2025-11-19 20:05:35,778 - INFO - 1 instances updated to ./data_container/25_11_19_20_02_55/24-25_cx_s_su819.htm.csv.
2025-11-19 20:05:35,979 - INFO - Visiting: http://www.drps.ed.ac.uk/24-25/dpt/cxedua11342.htm
2025-11-19 20:05:36,029 - INFO - 1 instances updated to ./data_container/25_11_19_20_02_55/24-25_cx_s_su819.htm.csv.
2025-11-19 20:05:36,269 - INFO - Visiting: http://www.drps.ed.ac.uk/24-25/dpt/cxedua11410.htm
2025-11-19 20:05:36,325 - INFO - 1 instances updated to ./data_container/25_11_19_20_02_55/24-25_cx_s_su819.htm.csv.
2025-11-19 20:05:36,443 - INFO - Visiting: http://www.drps.ed.ac.uk/24-25/dpt/cxedua11152.htm
2025-11-19 20:05:36,492 - INFO - 1 instances updated to ./data_container/25_11_19_20_02_55/24-25_cx_s_su819.htm.csv.
2025-11-19 20:05:36,673 - INFO - Visiting: http://www.drps.ed.ac.uk/24-25/dpt/cxedua11428.htm
2025-11-19 20:05:36,731 - INFO - 1 instances updated to ./data_container/25_11_19_20_02_55/24-25_cx_s_su819.htm.csv.
2025-11-19 20:05:36,921 - INFO - Visiting: http://www.drps.ed.ac.uk/24-25/dpt/cxedua11445.htm
2025-11-19 20:05:36,952 - INFO - 1 instances updated to ./data_container/25_11_19_20_02_55/24-25_cx_s_su819.htm.csv.
2025-11-19 20:05:37,154 - INFO - Visiting: http://www.drps.ed.ac.uk/24-25/dpt/cxedua11011.htm
2025-11-19 20:05:37,185 - INFO - 1 instances updated to ./data_container/25_11_19_20_02_55/24-25_cx_s_su819.htm.csv.
2025-11-19 20:05:37,403 - INFO - Visiting: http://www.drps.ed.ac.uk/24-25/dpt/cxedua11119.htm
2025-11-19 20:05:37,456 - INFO - 1 instances updated to ./data_container/25_11_19_20_02_55/24-25_cx_s_su819.htm.csv.
2025-11-19 20:05:37,639 - INFO - Visiting: http://www.drps.ed.ac.uk/24-25/dpt/cxedua11437.htm
2025-11-19 20:05:37,694 - INFO - 1 instances updated to ./data_container/25_11_19_20_02_55/24-25_cx_s_su819.htm.csv.
2025-11-19 20:05:37,865 - INFO - Visiting: http://www.drps.ed.ac.uk/24-25/dpt/cxedua11436.htm
2025-11-19 20:05:37,918 - INFO - 1 instances updated to ./data_container/25_11_19_20_02_55/24-25_cx_s_su819.htm.csv.
2025-11-19 20:05:38,110 - INFO - Visiting: http://www.drps.ed.ac.uk/24-25/dpt/cxedua11316.htm
2025-11-19 20:05:38,200 - INFO - 1 instances updated to ./data_container/25_11_19_20_02_55/24-25_cx_s_su819.htm.csv.
2025-11-19 20:05:38,385 - INFO - Visiting: http://www.drps.ed.ac.uk/24-25/dpt/cxedua11282.htm
2025-11-19 20:05:38,438 - INFO - 1 instances updated to ./data_container/25_11_19_20_02_55/24-25_cx_s_su819.htm.csv.
2025-11-19 20:05:38,628 - INFO - Visiting: http://www.drps.ed.ac.uk/24-25/dpt/cxedua11407.htm
2025-11-19 20:05:38,682 - INFO - 1 instances updated to ./data_container/25_11_19_20_02_55/24-25_cx_s_su819.htm.csv.
2025-11-19 20:05:38,870 - INFO - Visiting: http://www.drps.ed.ac.uk/24-25/dpt/cxedua11247.htm
2025-11-19 20:05:38,928 - INFO - 1 instances updated to ./data_container/25_11_19_20_02_55/24-25_cx_s_su819.htm.csv.
2025-11-19 20:05:39,016 - INFO - Visiting: http://www.drps.ed.ac.uk/24-25/dpt/cxedua11283.htm
2025-11-19 20:05:39,053 - INFO - 1 instances updated to ./data_container/25_11_19_20_02_55/24-25_cx_s_su819.htm.csv.
2025-11-19 20:05:39,221 - INFO - Visiting: http://www.drps.ed.ac.uk/24-25/dpt/cxedua11415.htm
2025-11-19 20:05:39,271 - INFO - 1 instances updated to ./data_container/25_11_19_20_02_55/24-25_cx_s_su819.htm.csv.
2025-11-19 20:05:39,445 - INFO - Visiting: http://www.drps.ed.ac.uk/24-25/dpt/cxedua11045.htm
2025-11-19 20:05:39,499 - INFO - 1 instances updated to ./data_container/25_11_19_20_02_55/24-25_cx_s_su819.htm.csv.
2025-11-19 20:05:39,677 - INFO - Visiting: http://www.drps.ed.ac.uk/24-25/dpt/cxedua11240.htm
2025-11-19 20:05:39,738 - INFO - 1 instances updated to ./data_container/25_11_19_20_02_55/24-25_cx_s_su819.htm.csv.
2025-11-19 20:05:39,986 - INFO - Visiting: http://www.drps.ed.ac.uk/24-25/dpt/cxedua11413.htm
2025-11-19 20:05:40,025 - INFO - 1 instances updated to ./data_container/25_11_19_20_02_55/24-25_cx_s_su819.htm.csv.
2025-11-19 20:05:40,152 - INFO - Visiting: http://www.drps.ed.ac.uk/24-25/dpt/cxedua11248.htm
2025-11-19 20:05:40,190 - INFO - 1 instances updated to ./data_container/25_11_19_20_02_55/24-25_cx_s_su819.htm.csv.
2025-11-19 20:05:40,386 - INFO - Visiting: http://www.drps.ed.ac.uk/24-25/dpt/cxedua11201.htm
2025-11-19 20:05:40,422 - INFO - 1 instances updated to ./data_container/25_11_19_20_02_55/24-25_cx_s_su819.htm.csv.
2025-11-19 20:05:40,640 - INFO - Visiting: http://www.drps.ed.ac.uk/24-25/dpt/cxedua11419.htm
2025-11-19 20:05:40,698 - INFO - 1 instances updated to ./data_container/25_11_19_20_02_55/24-25_cx_s_su819.htm.csv.
2025-11-19 20:05:40,938 - INFO - Visiting: http://www.drps.ed.ac.uk/24-25/dpt/cxedua11392.htm
2025-11-19 20:05:40,994 - INFO - 1 instances updated to ./data_container/25_11_19_20_02_55/24-25_cx_s_su819.htm.csv.
2025-11-19 20:05:41,186 - INFO - Visiting: http://www.drps.ed.ac.uk/24-25/dpt/cxedua11346.htm
2025-11-19 20:05:41,225 - INFO - 1 instances updated to ./data_container/25_11_19_20_02_55/24-25_cx_s_su819.htm.csv.
2025-11-19 20:05:41,447 - INFO - Visiting: http://www.drps.ed.ac.uk/24-25/dpt/cxedua11125.htm
2025-11-19 20:05:41,490 - INFO - 1 instances updated to ./data_container/25_11_19_20_02_55/24-25_cx_s_su819.htm.csv.
2025-11-19 20:05:41,668 - INFO - Visiting: http://www.drps.ed.ac.uk/24-25/dpt/cxedua11344.htm
2025-11-19 20:05:41,726 - INFO - 1 instances updated to ./data_container/25_11_19_20_02_55/24-25_cx_s_su819.htm.csv.
2025-11-19 20:05:41,953 - INFO - Visiting: http://www.drps.ed.ac.uk/24-25/dpt/cxedua11252.htm
2025-11-19 20:05:42,010 - INFO - 1 instances updated to ./data_container/25_11_19_20_02_55/24-25_cx_s_su819.htm.csv.
2025-11-19 20:05:42,187 - INFO - Visiting: http://www.drps.ed.ac.uk/24-25/dpt/cxedua11443.htm
2025-11-19 20:05:42,222 - INFO - 1 instances updated to ./data_container/25_11_19_20_02_55/24-25_cx_s_su819.htm.csv.
2025-11-19 20:05:42,408 - INFO - Visiting: http://www.drps.ed.ac.uk/24-25/dpt/cxedua11327.htm
2025-11-19 20:05:42,452 - INFO - 1 instances updated to ./data_container/25_11_19_20_02_55/24-25_cx_s_su819.htm.csv.
2025-11-19 20:05:42,647 - INFO - Visiting: http://www.drps.ed.ac.uk/24-25/dpt/cxedua11094.htm
2025-11-19 20:05:42,689 - INFO - 1 instances updated to ./data_container/25_11_19_20_02_55/24-25_cx_s_su819.htm.csv.
2025-11-19 20:05:42,897 - INFO - Visiting: http://www.drps.ed.ac.uk/24-25/dpt/cxedua11383.htm
2025-11-19 20:05:42,949 - INFO - 1 instances updated to ./data_container/25_11_19_20_02_55/24-25_cx_s_su819.htm.csv.
2025-11-19 20:05:43,089 - INFO - Visiting: http://www.drps.ed.ac.uk/24-25/dpt/cxedua11442.htm
2025-11-19 20:05:43,143 - INFO - 1 instances updated to ./data_container/25_11_19_20_02_55/24-25_cx_s_su819.htm.csv.
2025-11-19 20:05:43,871 - INFO - Visiting: http://www.drps.ed.ac.uk/24-25/dpt/cxedua11460.htm
2025-11-19 20:05:43,922 - INFO - 1 instances updated to ./data_container/25_11_19_20_02_55/24-25_cx_s_su819.htm.csv.
2025-11-19 20:05:44,106 - INFO - Visiting: http://www.drps.ed.ac.uk/24-25/dpt/cxedua11459.htm
2025-11-19 20:05:44,163 - INFO - 1 instances updated to ./data_container/25_11_19_20_02_55/24-25_cx_s_su819.htm.csv.
2025-11-19 20:05:44,308 - INFO - Visiting: http://www.drps.ed.ac.uk/24-25/dpt/cxedua11373.htm
2025-11-19 20:05:44,362 - INFO - 1 instances updated to ./data_container/25_11_19_20_02_55/24-25_cx_s_su819.htm.csv.
2025-11-19 20:05:44,489 - INFO - Visiting: http://www.drps.ed.ac.uk/24-25/dpt/cxedua11212.htm
2025-11-19 20:05:44,544 - INFO - 1 instances updated to ./data_container/25_11_19_20_02_55/24-25_cx_s_su819.htm.csv.
2025-11-19 20:05:44,720 - INFO - Visiting: http://www.drps.ed.ac.uk/24-25/dpt/cxedua11328.htm
2025-11-19 20:05:44,754 - INFO - 1 instances updated to ./data_container/25_11_19_20_02_55/24-25_cx_s_su819.htm.csv.
2025-11-19 20:05:44,869 - INFO - Visiting: http://www.drps.ed.ac.uk/24-25/dpt/cxedua11423.htm
2025-11-19 20:05:44,912 - INFO - 1 instances updated to ./data_container/25_11_19_20_02_55/24-25_cx_s_su819.htm.csv.
2025-11-19 20:05:45,131 - INFO - Visiting: http://www.drps.ed.ac.uk/24-25/dpt/cxedua11117.htm
2025-11-19 20:05:45,192 - INFO - 1 instances updated to ./data_container/25_11_19_20_02_55/24-25_cx_s_su819.htm.csv.
2025-11-19 20:05:45,379 - INFO - Visiting: http://www.drps.ed.ac.uk/24-25/dpt/cxedua11452.htm
2025-11-19 20:05:45,434 - INFO - 1 instances updated to ./data_container/25_11_19_20_02_55/24-25_cx_s_su819.htm.csv.
2025-11-19 20:05:45,623 - INFO - Visiting: http://www.drps.ed.ac.uk/24-25/dpt/cxedua11290.htm
2025-11-19 20:05:45,681 - INFO - 1 instances updated to ./data_container/25_11_19_20_02_55/24-25_cx_s_su819.htm.csv.
2025-11-19 20:05:45,792 - INFO - Visiting: http://www.drps.ed.ac.uk/24-25/dpt/cxedua11289.htm
2025-11-19 20:05:45,840 - INFO - 1 instances updated to ./data_container/25_11_19_20_02_55/24-25_cx_s_su819.htm.csv.
2025-11-19 20:05:45,976 - INFO - Visiting: http://www.drps.ed.ac.uk/24-25/dpt/cxedua11288.htm
2025-11-19 20:05:46,024 - INFO - 1 instances updated to ./data_container/25_11_19_20_02_55/24-25_cx_s_su819.htm.csv.
2025-11-19 20:05:46,154 - INFO - Visiting: http://www.drps.ed.ac.uk/24-25/dpt/cxedua11332.htm
2025-11-19 20:05:46,203 - INFO - 1 instances updated to ./data_container/25_11_19_20_02_55/24-25_cx_s_su819.htm.csv.
2025-11-19 20:05:46,352 - INFO - Visiting: http://www.drps.ed.ac.uk/24-25/dpt/cxedua11041.htm
2025-11-19 20:05:46,404 - INFO - 1 instances updated to ./data_container/25_11_19_20_02_55/24-25_cx_s_su819.htm.csv.
2025-11-19 20:05:46,516 - INFO - Visiting: http://www.drps.ed.ac.uk/24-25/dpt/cxedua11449.htm
2025-11-19 20:05:46,562 - INFO - 1 instances updated to ./data_container/25_11_19_20_02_55/24-25_cx_s_su819.htm.csv.
2025-11-19 20:05:46,691 - INFO - Visiting: http://www.drps.ed.ac.uk/24-25/dpt/cxedua11403.htm
2025-11-19 20:05:46,734 - INFO - 1 instances updated to ./data_container/25_11_19_20_02_55/24-25_cx_s_su819.htm.csv.
2025-11-19 20:05:46,871 - INFO - Visiting: http://www.drps.ed.ac.uk/24-25/dpt/cxedua11116.htm
2025-11-19 20:05:46,920 - INFO - 1 instances updated to ./data_container/25_11_19_20_02_55/24-25_cx_s_su819.htm.csv.
2025-11-19 20:05:47,099 - INFO - Visiting: http://www.drps.ed.ac.uk/24-25/dpt/cxedua11105.htm
2025-11-19 20:05:47,159 - INFO - 1 instances updated to ./data_container/25_11_19_20_02_55/24-25_cx_s_su819.htm.csv.
2025-11-19 20:05:47,274 - INFO - Visiting: http://www.drps.ed.ac.uk/24-25/dpt/cxedua11453.htm
2025-11-19 20:05:47,324 - INFO - 1 instances updated to ./data_container/25_11_19_20_02_55/24-25_cx_s_su819.htm.csv.
2025-11-19 20:05:47,548 - INFO - Visiting: http://www.drps.ed.ac.uk/24-25/dpt/cxedua11421.htm
2025-11-19 20:05:47,639 - INFO - 1 instances updated to ./data_container/25_11_19_20_02_55/24-25_cx_s_su819.htm.csv.
2025-11-19 20:05:47,826 - INFO - Visiting: http://www.drps.ed.ac.uk/24-25/dpt/cxedua11409.htm
2025-11-19 20:05:47,862 - INFO - 1 instances updated to ./data_container/25_11_19_20_02_55/24-25_cx_s_su819.htm.csv.
2025-11-19 20:05:48,048 - INFO - Visiting: http://www.drps.ed.ac.uk/24-25/dpt/cxedua11258.htm
2025-11-19 20:05:48,126 - INFO - 1 instances updated to ./data_container/25_11_19_20_02_55/24-25_cx_s_su819.htm.csv.
2025-11-19 20:05:48,347 - INFO - Visiting: http://www.drps.ed.ac.uk/24-25/dpt/cxedua11040.htm
2025-11-19 20:05:48,392 - INFO - 1 instances updated to ./data_container/25_11_19_20_02_55/24-25_cx_s_su819.htm.csv.
2025-11-19 20:05:48,588 - INFO - Visiting: http://www.drps.ed.ac.uk/24-25/dpt/cxedua11326.htm
2025-11-19 20:05:48,630 - INFO - 1 instances updated to ./data_container/25_11_19_20_02_55/24-25_cx_s_su819.htm.csv.
2025-11-19 20:05:48,838 - INFO - Visiting: http://www.drps.ed.ac.uk/24-25/dpt/cxedua11350.htm
2025-11-19 20:05:48,876 - INFO - 1 instances updated to ./data_container/25_11_19_20_02_55/24-25_cx_s_su819.htm.csv.
2025-11-19 20:05:49,088 - INFO - Visiting: http://www.drps.ed.ac.uk/24-25/dpt/cxedua11287.htm
2025-11-19 20:05:49,150 - INFO - 1 instances updated to ./data_container/25_11_19_20_02_55/24-25_cx_s_su819.htm.csv.
2025-11-19 20:05:49,347 - INFO - Visiting: http://www.drps.ed.ac.uk/24-25/dpt/cxedua11285.htm
2025-11-19 20:05:49,383 - INFO - 1 instances updated to ./data_container/25_11_19_20_02_55/24-25_cx_s_su819.htm.csv.
2025-11-19 20:05:49,597 - INFO - Visiting: http://www.drps.ed.ac.uk/24-25/dpt/cxedua11286.htm
2025-11-19 20:05:49,644 - INFO - 1 instances updated to ./data_container/25_11_19_20_02_55/24-25_cx_s_su819.htm.csv.
2025-11-19 20:05:49,827 - INFO - Visiting: http://www.drps.ed.ac.uk/24-25/dpt/cxedua11210.htm
2025-11-19 20:05:49,889 - INFO - 1 instances updated to ./data_container/25_11_19_20_02_55/24-25_cx_s_su819.htm.csv.
2025-11-19 20:05:50,075 - INFO - Visiting: http://www.drps.ed.ac.uk/24-25/dpt/cxedua11194.htm
2025-11-19 20:05:50,135 - INFO - 1 instances updated to ./data_container/25_11_19_20_02_55/24-25_cx_s_su819.htm.csv.
2025-11-19 20:05:50,305 - INFO - Visiting: http://www.drps.ed.ac.uk/24-25/dpt/cxedua11334.htm
2025-11-19 20:05:50,365 - INFO - 1 instances updated to ./data_container/25_11_19_20_02_55/24-25_cx_s_su819.htm.csv.
2025-11-19 20:05:50,483 - INFO - Visiting: http://www.drps.ed.ac.uk/24-25/dpt/cxedua11461.htm
2025-11-19 20:05:50,536 - INFO - 1 instances updated to ./data_container/25_11_19_20_02_55/24-25_cx_s_su819.htm.csv.
2025-11-19 20:05:50,792 - INFO - Visiting: http://www.drps.ed.ac.uk/24-25/dpt/cxedua11048.htm
2025-11-19 20:05:50,856 - INFO - 1 instances updated to ./data_container/25_11_19_20_02_55/24-25_cx_s_su819.htm.csv.
2025-11-19 20:05:51,039 - INFO - Visiting: http://www.drps.ed.ac.uk/24-25/dpt/cxedua11042.htm
2025-11-19 20:05:51,096 - INFO - 1 instances updated to ./data_container/25_11_19_20_02_55/24-25_cx_s_su819.htm.csv.
2025-11-19 20:05:51,275 - INFO - Visiting: http://www.drps.ed.ac.uk/24-25/dpt/cxedua11439.htm
2025-11-19 20:05:51,331 - INFO - 1 instances updated to ./data_container/25_11_19_20_02_55/24-25_cx_s_su819.htm.csv.
2025-11-19 20:05:51,440 - INFO - Visiting: http://www.drps.ed.ac.uk/24-25/dpt/cxedua11354.htm
2025-11-19 20:05:51,485 - INFO - 1 instances updated to ./data_container/25_11_19_20_02_55/24-25_cx_s_su819.htm.csv.
2025-11-19 20:05:51,657 - INFO - Visiting: http://www.drps.ed.ac.uk/24-25/dpt/cxedua11391.htm
2025-11-19 20:05:51,709 - INFO - 1 instances updated to ./data_container/25_11_19_20_02_55/24-25_cx_s_su819.htm.csv.
2025-11-19 20:05:51,936 - INFO - Visiting: http://www.drps.ed.ac.uk/24-25/dpt/cxedua11284.htm
2025-11-19 20:05:51,974 - INFO - 1 instances updated to ./data_container/25_11_19_20_02_55/24-25_cx_s_su819.htm.csv.
2025-11-19 20:05:52,176 - INFO - Visiting: http://www.drps.ed.ac.uk/24-25/dpt/cxedua11124.htm
2025-11-19 20:05:52,234 - INFO - 1 instances updated to ./data_container/25_11_19_20_02_55/24-25_cx_s_su819.htm.csv.
2025-11-19 20:05:52,418 - INFO - Visiting: http://www.drps.ed.ac.uk/24-25/dpt/cxedua11257.htm
2025-11-19 20:05:52,482 - INFO - 1 instances updated to ./data_container/25_11_19_20_02_55/24-25_cx_s_su819.htm.csv.
2025-11-19 20:05:52,727 - INFO - Visiting: http://www.drps.ed.ac.uk/24-25/dpt/cxedua11351.htm
2025-11-19 20:05:52,791 - INFO - 1 instances updated to ./data_container/25_11_19_20_02_55/24-25_cx_s_su819.htm.csv.
2025-11-19 20:05:53,039 - INFO - Visiting: http://www.drps.ed.ac.uk/24-25/dpt/cxedua11462.htm
2025-11-19 20:05:53,104 - INFO - 1 instances updated to ./data_container/25_11_19_20_02_55/24-25_cx_s_su819.htm.csv.
2025-11-19 20:05:53,350 - INFO - Visiting: http://www.drps.ed.ac.uk/24-25/dpt/cxedua11416.htm
2025-11-19 20:05:53,412 - INFO - 1 instances updated to ./data_container/25_11_19_20_02_55/24-25_cx_s_su819.htm.csv.
2025-11-19 20:05:53,585 - INFO - Visiting: http://www.drps.ed.ac.uk/24-25/dpt/cxedua11304.htm
2025-11-19 20:05:53,628 - INFO - 1 instances updated to ./data_container/25_11_19_20_02_55/24-25_cx_s_su819.htm.csv.
2025-11-19 20:05:53,847 - INFO - Visiting: http://www.drps.ed.ac.uk/24-25/dpt/cxedua11235.htm
2025-11-19 20:05:53,887 - INFO - 1 instances updated to ./data_container/25_11_19_20_02_55/24-25_cx_s_su819.htm.csv.
2025-11-19 20:05:54,041 - INFO - Visiting: http://www.drps.ed.ac.uk/24-25/dpt/cxedua11300.htm
2025-11-19 20:05:54,091 - INFO - 1 instances updated to ./data_container/25_11_19_20_02_55/24-25_cx_s_su819.htm.csv.
2025-11-19 20:05:54,244 - INFO - Visiting: http://www.drps.ed.ac.uk/24-25/dpt/cxedua11301.htm
2025-11-19 20:05:54,302 - INFO - 1 instances updated to ./data_container/25_11_19_20_02_55/24-25_cx_s_su819.htm.csv.
2025-11-19 20:05:54,497 - INFO - Visiting: http://www.drps.ed.ac.uk/24-25/dpt/cxedua11297.htm
2025-11-19 20:05:54,537 - INFO - 1 instances updated to ./data_container/25_11_19_20_02_55/24-25_cx_s_su819.htm.csv.
2025-11-19 20:05:54,728 - INFO - Visiting: http://www.drps.ed.ac.uk/24-25/dpt/cxedua11457.htm
2025-11-19 20:05:54,772 - INFO - 1 instances updated to ./data_container/25_11_19_20_02_55/24-25_cx_s_su819.htm.csv.
2025-11-19 20:05:54,888 - INFO - Visiting: http://www.drps.ed.ac.uk/24-25/dpt/cxedua11298.htm
2025-11-19 20:05:54,936 - INFO - 1 instances updated to ./data_container/25_11_19_20_02_55/24-25_cx_s_su819.htm.csv.
2025-11-19 20:05:55,106 - INFO - Visiting: http://www.drps.ed.ac.uk/24-25/dpt/cxedua11299.htm
2025-11-19 20:05:55,154 - INFO - 1 instances updated to ./data_container/25_11_19_20_02_55/24-25_cx_s_su819.htm.csv.
2025-11-19 20:05:55,326 - INFO - Visiting: http://www.drps.ed.ac.uk/24-25/dpt/cxedua11038.htm
2025-11-19 20:05:55,379 - INFO - 1 instances updated to ./data_container/25_11_19_20_02_55/24-25_cx_s_su819.htm.csv.
2025-11-19 20:05:55,527 - INFO - Visiting: http://www.drps.ed.ac.uk/24-25/dpt/cxedua11463.htm
2025-11-19 20:05:55,570 - INFO - 1 instances updated to ./data_container/25_11_19_20_02_55/24-25_cx_s_su819.htm.csv.
2025-11-19 20:05:55,691 - INFO - Visiting: http://www.drps.ed.ac.uk/24-25/dpt/cxedua11368.htm
2025-11-19 20:05:55,724 - INFO - 1 instances updated to ./data_container/25_11_19_20_02_55/24-25_cx_s_su819.htm.csv.
2025-11-19 20:05:55,918 - INFO - Visiting: http://www.drps.ed.ac.uk/24-25/dpt/cxedua11377.htm
2025-11-19 20:05:55,981 - INFO - 1 instances updated to ./data_container/25_11_19_20_02_55/24-25_cx_s_su819.htm.csv.
2025-11-19 20:05:56,167 - INFO - Visiting: http://www.drps.ed.ac.uk/24-25/dpt/cxedua11369.htm
2025-11-19 20:05:56,206 - INFO - 1 instances updated to ./data_container/25_11_19_20_02_55/24-25_cx_s_su819.htm.csv.
2025-11-19 20:05:56,407 - INFO - Visiting: http://www.drps.ed.ac.uk/24-25/dpt/cxedua11382.htm
2025-11-19 20:05:56,446 - INFO - 1 instances updated to ./data_container/25_11_19_20_02_55/24-25_cx_s_su819.htm.csv.
2025-11-19 20:05:56,606 - INFO - Visiting: http://www.drps.ed.ac.uk/24-25/dpt/cxedua11402.htm
2025-11-19 20:05:56,651 - INFO - 1 instances updated to ./data_container/25_11_19_20_02_55/24-25_cx_s_su819.htm.csv.
2025-11-19 20:05:56,858 - INFO - Visiting: http://www.drps.ed.ac.uk/24-25/dpt/cxedua11365.htm
2025-11-19 20:05:56,919 - INFO - 1 instances updated to ./data_container/25_11_19_20_02_55/24-25_cx_s_su819.htm.csv.
2025-11-19 20:05:57,115 - INFO - Visiting: http://www.drps.ed.ac.uk/24-25/dpt/cxedua11366.htm
2025-11-19 20:05:57,169 - INFO - 1 instances updated to ./data_container/25_11_19_20_02_55/24-25_cx_s_su819.htm.csv.
2025-11-19 20:05:57,358 - INFO - Visiting: http://www.drps.ed.ac.uk/24-25/dpt/cxedua11401.htm
2025-11-19 20:05:57,419 - INFO - 1 instances updated to ./data_container/25_11_19_20_02_55/24-25_cx_s_su819.htm.csv.
2025-11-19 20:05:57,607 - INFO - Visiting: http://www.drps.ed.ac.uk/24-25/dpt/cxedua11381.htm
2025-11-19 20:05:57,669 - INFO - 1 instances updated to ./data_container/25_11_19_20_02_55/24-25_cx_s_su819.htm.csv.
2025-11-19 20:05:57,925 - INFO - Visiting: http://www.drps.ed.ac.uk/24-25/dpt/cxedua11380.htm
2025-11-19 20:05:58,009 - INFO - 1 instances updated to ./data_container/25_11_19_20_02_55/24-25_cx_s_su819.htm.csv.
2025-11-19 20:05:58,153 - INFO - Visiting: http://www.drps.ed.ac.uk/24-25/dpt/cxedua11424.htm
2025-11-19 20:05:58,196 - INFO - 1 instances updated to ./data_container/25_11_19_20_02_55/24-25_cx_s_su819.htm.csv.
2025-11-19 20:05:58,379 - INFO - Visiting: http://www.drps.ed.ac.uk/24-25/dpt/cxedua11329.htm
2025-11-19 20:05:58,437 - INFO - 1 instances updated to ./data_container/25_11_19_20_02_55/24-25_cx_s_su819.htm.csv.
2025-11-19 20:05:58,668 - INFO - Visiting: http://www.drps.ed.ac.uk/24-25/dpt/cxedua11367.htm
2025-11-19 20:05:58,706 - INFO - 1 instances updated to ./data_container/25_11_19_20_02_55/24-25_cx_s_su819.htm.csv.
2025-11-19 20:05:58,839 - INFO - Visiting: http://www.drps.ed.ac.uk/24-25/dpt/cxedua11340.htm
2025-11-19 20:05:58,881 - INFO - 1 instances updated to ./data_container/25_11_19_20_02_55/24-25_cx_s_su819.htm.csv.
2025-11-19 20:05:59,077 - INFO - Visiting: http://www.drps.ed.ac.uk/24-25/dpt/cxedua11347.htm
2025-11-19 20:05:59,121 - INFO - 1 instances updated to ./data_container/25_11_19_20_02_55/24-25_cx_s_su819.htm.csv.
2025-11-19 20:05:59,326 - INFO - Visiting: http://www.drps.ed.ac.uk/24-25/dpt/cxedua11206.htm
2025-11-19 20:05:59,382 - INFO - 1 instances updated to ./data_container/25_11_19_20_02_55/24-25_cx_s_su819.htm.csv.
2025-11-19 20:05:59,545 - INFO - Visiting: http://www.drps.ed.ac.uk/24-25/dpt/cxedua11233.htm
2025-11-19 20:05:59,608 - INFO - 1 instances updated to ./data_container/25_11_19_20_02_55/24-25_cx_s_su819.htm.csv.
2025-11-19 20:05:59,778 - INFO - Visiting: http://www.drps.ed.ac.uk/24-25/dpt/cxedua11385.htm
2025-11-19 20:05:59,838 - INFO - 1 instances updated to ./data_container/25_11_19_20_02_55/24-25_cx_s_su819.htm.csv.
2025-11-19 20:06:00,027 - INFO - Visiting: http://www.drps.ed.ac.uk/24-25/dpt/cxedua11338.htm
2025-11-19 20:06:00,096 - INFO - 1 instances updated to ./data_container/25_11_19_20_02_55/24-25_cx_s_su819.htm.csv.
2025-11-19 20:06:00,259 - INFO - Visiting: http://www.drps.ed.ac.uk/24-25/dpt/cxedua11250.htm
2025-11-19 20:06:00,303 - INFO - 1 instances updated to ./data_container/25_11_19_20_02_55/24-25_cx_s_su819.htm.csv.
2025-11-19 20:06:00,424 - INFO - Visiting: http://www.drps.ed.ac.uk/24-25/dpt/cxedua11458.htm
2025-11-19 20:06:00,477 - INFO - 1 instances updated to ./data_container/25_11_19_20_02_55/24-25_cx_s_su819.htm.csv.
2025-11-19 20:06:00,588 - INFO - Visiting: http://www.drps.ed.ac.uk/24-25/dpt/cxedua11363.htm
2025-11-19 20:06:00,640 - INFO - 1 instances updated to ./data_container/25_11_19_20_02_55/24-25_cx_s_su819.htm.csv.
2025-11-19 20:06:00,789 - INFO - Visiting: http://www.drps.ed.ac.uk/24-25/dpt/cxedua11324.htm
2025-11-19 20:06:00,835 - INFO - 1 instances updated to ./data_container/25_11_19_20_02_55/24-25_cx_s_su819.htm.csv.
2025-11-19 20:06:00,977 - INFO - Visiting: http://www.drps.ed.ac.uk/24-25/dpt/cxedua11376.htm
2025-11-19 20:06:01,023 - INFO - 1 instances updated to ./data_container/25_11_19_20_02_55/24-25_cx_s_su819.htm.csv.
2025-11-19 20:06:01,244 - INFO - Visiting: http://www.drps.ed.ac.uk/24-25/dpt/cxedua11335.htm
2025-11-19 20:06:01,318 - INFO - 1 instances updated to ./data_container/25_11_19_20_02_55/24-25_cx_s_su819.htm.csv.
2025-11-19 20:06:01,517 - INFO - Visiting: http://www.drps.ed.ac.uk/24-25/dpt/cxedua11179.htm
2025-11-19 20:06:01,568 - INFO - 1 instances updated to ./data_container/25_11_19_20_02_55/24-25_cx_s_su819.htm.csv.
2025-11-19 20:06:01,695 - INFO - Visiting: http://www.drps.ed.ac.uk/24-25/dpt/cxedua11438.htm
2025-11-19 20:06:01,751 - INFO - 1 instances updated to ./data_container/25_11_19_20_02_55/24-25_cx_s_su819.htm.csv.
2025-11-19 20:06:01,910 - INFO - Visiting: http://www.drps.ed.ac.uk/24-25/dpt/cxedua11348.htm
2025-11-19 20:06:01,972 - INFO - 1 instances updated to ./data_container/25_11_19_20_02_55/24-25_cx_s_su819.htm.csv.
2025-11-19 20:06:02,231 - INFO - Visiting: http://www.drps.ed.ac.uk/24-25/dpt/cxedua12001.htm
2025-11-19 20:06:02,301 - INFO - 1 instances updated to ./data_container/25_11_19_20_02_55/24-25_cx_s_su819.htm.csv.
2025-11-19 20:06:02,301 - INFO - Mining for keywords Accessibility,Inclusive design,Disability rights,Adaptive tools is success.
2025-11-19 20:06:02,476 - INFO - Visiting: http://www.drps.ed.ac.uk/24-25/dpt/cx_sb_redu.htm
2025-11-19 20:06:02,739 - INFO - Visiting: http://www.drps.ed.ac.uk/24-25/dpt/cxredu11074.htm
2025-11-19 20:06:02,754 - INFO - 1 instances updated to ./data_container/25_11_19_20_02_55/24-25_cx_s_su819.htm.csv.
2025-11-19 20:06:02,963 - INFO - Visiting: http://www.drps.ed.ac.uk/24-25/dpt/cxredu11079.htm
2025-11-19 20:06:02,990 - INFO - 1 instances updated to ./data_container/25_11_19_20_02_55/24-25_cx_s_su819.htm.csv.
2025-11-19 20:06:03,160 - INFO - Visiting: http://www.drps.ed.ac.uk/24-25/dpt/cxredu11076.htm
2025-11-19 20:06:03,186 - INFO - 1 instances updated to ./data_container/25_11_19_20_02_55/24-25_cx_s_su819.htm.csv.
2025-11-19 20:06:03,400 - INFO - Visiting: http://www.drps.ed.ac.uk/24-25/dpt/cxredu11045.htm
2025-11-19 20:06:03,428 - INFO - 1 instances updated to ./data_container/25_11_19_20_02_55/24-25_cx_s_su819.htm.csv.
2025-11-19 20:06:03,647 - INFO - Visiting: http://www.drps.ed.ac.uk/24-25/dpt/cxredu11091.htm
2025-11-19 20:06:03,678 - INFO - 1 instances updated to ./data_container/25_11_19_20_02_55/24-25_cx_s_su819.htm.csv.
2025-11-19 20:06:03,891 - INFO - Visiting: http://www.drps.ed.ac.uk/24-25/dpt/cxredu11073.htm
2025-11-19 20:06:03,921 - INFO - 1 instances updated to ./data_container/25_11_19_20_02_55/24-25_cx_s_su819.htm.csv.
2025-11-19 20:06:04,139 - INFO - Visiting: http://www.drps.ed.ac.uk/24-25/dpt/cxredu11089.htm
2025-11-19 20:06:04,168 - INFO - 1 instances updated to ./data_container/25_11_19_20_02_55/24-25_cx_s_su819.htm.csv.
2025-11-19 20:06:04,357 - INFO - Visiting: http://www.drps.ed.ac.uk/24-25/dpt/cxredu11060.htm
2025-11-19 20:06:04,382 - INFO - 1 instances updated to ./data_container/25_11_19_20_02_55/24-25_cx_s_su819.htm.csv.
2025-11-19 20:06:04,546 - INFO - Visiting: http://www.drps.ed.ac.uk/24-25/dpt/cxredu11087.htm
2025-11-19 20:06:04,574 - INFO - 1 instances updated to ./data_container/25_11_19_20_02_55/24-25_cx_s_su819.htm.csv.
2025-11-19 20:06:04,796 - INFO - Visiting: http://www.drps.ed.ac.uk/24-25/dpt/cxredu11082.htm
2025-11-19 20:06:04,827 - INFO - 1 instances updated to ./data_container/25_11_19_20_02_55/24-25_cx_s_su819.htm.csv.
2025-11-19 20:06:05,033 - INFO - Visiting: http://www.drps.ed.ac.uk/24-25/dpt/cxredu11083.htm
2025-11-19 20:06:05,062 - INFO - 1 instances updated to ./data_container/25_11_19_20_02_55/24-25_cx_s_su819.htm.csv.
2025-11-19 20:06:05,280 - INFO - Visiting: http://www.drps.ed.ac.uk/24-25/dpt/cxredu11052.htm
2025-11-19 20:06:05,308 - INFO - 1 instances updated to ./data_container/25_11_19_20_02_55/24-25_cx_s_su819.htm.csv.
2025-11-19 20:06:05,508 - INFO - Visiting: http://www.drps.ed.ac.uk/24-25/dpt/cxredu11088.htm
2025-11-19 20:06:05,542 - INFO - 1 instances updated to ./data_container/25_11_19_20_02_55/24-25_cx_s_su819.htm.csv.
2025-11-19 20:06:05,760 - INFO - Visiting: http://www.drps.ed.ac.uk/24-25/dpt/cxredu11092.htm
2025-11-19 20:06:05,789 - INFO - 1 instances updated to ./data_container/25_11_19_20_02_55/24-25_cx_s_su819.htm.csv.
2025-11-19 20:06:06,014 - INFO - Visiting: http://www.drps.ed.ac.uk/24-25/dpt/cxredu11086.htm
2025-11-19 20:06:06,046 - INFO - 1 instances updated to ./data_container/25_11_19_20_02_55/24-25_cx_s_su819.htm.csv.
2025-11-19 20:06:06,257 - INFO - Visiting: http://www.drps.ed.ac.uk/24-25/dpt/cxredu11085.htm
2025-11-19 20:06:06,290 - INFO - 1 instances updated to ./data_container/25_11_19_20_02_55/24-25_cx_s_su819.htm.csv.
2025-11-19 20:06:06,500 - INFO - Visiting: http://www.drps.ed.ac.uk/24-25/dpt/cxredu11080.htm
2025-11-19 20:06:06,532 - INFO - 1 instances updated to ./data_container/25_11_19_20_02_55/24-25_cx_s_su819.htm.csv.
2025-11-19 20:06:06,728 - INFO - Visiting: http://www.drps.ed.ac.uk/24-25/dpt/cxredu11077.htm
2025-11-19 20:06:06,757 - INFO - 1 instances updated to ./data_container/25_11_19_20_02_55/24-25_cx_s_su819.htm.csv.
2025-11-19 20:06:06,956 - INFO - Visiting: http://www.drps.ed.ac.uk/24-25/dpt/cxredu11081.htm
2025-11-19 20:06:06,979 - INFO - 1 instances updated to ./data_container/25_11_19_20_02_55/24-25_cx_s_su819.htm.csv.
2025-11-19 20:06:07,199 - INFO - Visiting: http://www.drps.ed.ac.uk/24-25/dpt/cxredu11084.htm
2025-11-19 20:06:07,226 - INFO - 1 instances updated to ./data_container/25_11_19_20_02_55/24-25_cx_s_su819.htm.csv.
2025-11-19 20:06:07,446 - INFO - Visiting: http://www.drps.ed.ac.uk/24-25/dpt/cxredu11064.htm
2025-11-19 20:06:07,527 - INFO - 1 instances updated to ./data_container/25_11_19_20_02_55/24-25_cx_s_su819.htm.csv.
2025-11-19 20:06:07,758 - INFO - Visiting: http://www.drps.ed.ac.uk/24-25/dpt/cxredu11050.htm
2025-11-19 20:06:07,788 - INFO - 1 instances updated to ./data_container/25_11_19_20_02_55/24-25_cx_s_su819.htm.csv.
2025-11-19 20:06:08,008 - INFO - Visiting: http://www.drps.ed.ac.uk/24-25/dpt/cxredu11051.htm
2025-11-19 20:06:08,034 - INFO - 1 instances updated to ./data_container/25_11_19_20_02_55/24-25_cx_s_su819.htm.csv.
2025-11-19 20:06:08,201 - INFO - Visiting: http://www.drps.ed.ac.uk/24-25/dpt/cxredu11024.htm
2025-11-19 20:06:08,233 - INFO - 1 instances updated to ./data_container/25_11_19_20_02_55/24-25_cx_s_su819.htm.csv.
2025-11-19 20:06:08,446 - INFO - Visiting: http://www.drps.ed.ac.uk/24-25/dpt/cxredu11075.htm
2025-11-19 20:06:08,479 - INFO - 1 instances updated to ./data_container/25_11_19_20_02_55/24-25_cx_s_su819.htm.csv.
2025-11-19 20:06:08,679 - INFO - Visiting: http://www.drps.ed.ac.uk/24-25/dpt/cxredu11026.htm
2025-11-19 20:06:08,709 - INFO - 1 instances updated to ./data_container/25_11_19_20_02_55/24-25_cx_s_su819.htm.csv.
2025-11-19 20:06:08,921 - INFO - Visiting: http://www.drps.ed.ac.uk/24-25/dpt/cxredu11056.htm
2025-11-19 20:06:08,952 - INFO - 1 instances updated to ./data_container/25_11_19_20_02_55/24-25_cx_s_su819.htm.csv.
2025-11-19 20:06:09,157 - INFO - Visiting: http://www.drps.ed.ac.uk/24-25/dpt/cxredu11059.htm
2025-11-19 20:06:09,177 - INFO - 1 instances updated to ./data_container/25_11_19_20_02_55/24-25_cx_s_su819.htm.csv.
2025-11-19 20:06:09,396 - INFO - Visiting: http://www.drps.ed.ac.uk/24-25/dpt/cxredu11093.htm
2025-11-19 20:06:09,410 - INFO - 1 instances updated to ./data_container/25_11_19_20_02_55/24-25_cx_s_su819.htm.csv.
2025-11-19 20:06:09,634 - INFO - Visiting: http://www.drps.ed.ac.uk/24-25/dpt/cxredu11048.htm
2025-11-19 20:06:09,649 - INFO - 1 instances updated to ./data_container/25_11_19_20_02_55/24-25_cx_s_su819.htm.csv.
2025-11-19 20:06:09,835 - INFO - Visiting: http://www.drps.ed.ac.uk/24-25/dpt/cxredu11078.htm
2025-11-19 20:06:09,880 - INFO - 1 instances updated to ./data_container/25_11_19_20_02_55/24-25_cx_s_su819.htm.csv.
2025-11-19 20:06:10,021 - INFO - Visiting: http://www.drps.ed.ac.uk/24-25/dpt/cxredu11028.htm
2025-11-19 20:06:10,042 - INFO - 1 instances updated to ./data_container/25_11_19_20_02_55/24-25_cx_s_su819.htm.csv.
2025-11-19 20:06:10,227 - INFO - Visiting: http://www.drps.ed.ac.uk/24-25/dpt/cxredu11029.htm
2025-11-19 20:06:10,258 - INFO - 1 instances updated to ./data_container/25_11_19_20_02_55/24-25_cx_s_su819.htm.csv.
2025-11-19 20:06:10,446 - INFO - Visiting: http://www.drps.ed.ac.uk/24-25/dpt/cxredu11063.htm
2025-11-19 20:06:10,473 - INFO - 1 instances updated to ./data_container/25_11_19_20_02_55/24-25_cx_s_su819.htm.csv.
2025-11-19 20:06:10,672 - INFO - Visiting: http://www.drps.ed.ac.uk/24-25/dpt/cxredu11011.htm
2025-11-19 20:06:10,702 - INFO - 1 instances updated to ./data_container/25_11_19_20_02_55/24-25_cx_s_su819.htm.csv.
2025-11-19 20:06:10,898 - INFO - Visiting: http://www.drps.ed.ac.uk/24-25/dpt/cxredu11002.htm
2025-11-19 20:06:10,911 - INFO - 1 instances updated to ./data_container/25_11_19_20_02_55/24-25_cx_s_su819.htm.csv.
2025-11-19 20:06:11,127 - INFO - Visiting: http://www.drps.ed.ac.uk/24-25/dpt/cxredu11046.htm
2025-11-19 20:06:11,139 - INFO - 1 instances updated to ./data_container/25_11_19_20_02_55/24-25_cx_s_su819.htm.csv.
2025-11-19 20:06:11,316 - INFO - Visiting: http://www.drps.ed.ac.uk/24-25/dpt/cxredu11010.htm
2025-11-19 20:06:11,328 - INFO - 1 instances updated to ./data_container/25_11_19_20_02_55/24-25_cx_s_su819.htm.csv.
2025-11-19 20:06:11,506 - INFO - Visiting: http://www.drps.ed.ac.uk/24-25/dpt/cxredu12004.htm
2025-11-19 20:06:11,516 - INFO - 1 instances updated to ./data_container/25_11_19_20_02_55/24-25_cx_s_su819.htm.csv.
2025-11-19 20:06:11,688 - INFO - Visiting: http://www.drps.ed.ac.uk/24-25/dpt/cxredu12006.htm
2025-11-19 20:06:11,700 - INFO - 1 instances updated to ./data_container/25_11_19_20_02_55/24-25_cx_s_su819.htm.csv.
2025-11-19 20:06:11,878 - INFO - Visiting: http://www.drps.ed.ac.uk/24-25/dpt/cxredu12001.htm
2025-11-19 20:06:11,907 - INFO - 1 instances updated to ./data_container/25_11_19_20_02_55/24-25_cx_s_su819.htm.csv.
2025-11-19 20:06:12,111 - INFO - Visiting: http://www.drps.ed.ac.uk/24-25/dpt/cxredu12005.htm
2025-11-19 20:06:12,139 - INFO - 1 instances updated to ./data_container/25_11_19_20_02_55/24-25_cx_s_su819.htm.csv.
2025-11-19 20:06:12,357 - INFO - Visiting: http://www.drps.ed.ac.uk/24-25/dpt/cxredu12002.htm
2025-11-19 20:06:12,388 - INFO - 1 instances updated to ./data_container/25_11_19_20_02_55/24-25_cx_s_su819.htm.csv.
2025-11-19 20:06:12,388 - INFO - Mining for keywords Accessibility,Inclusive design,Disability rights,Adaptive tools is success.
2025-11-19 20:06:12,600 - INFO - Visiting: http://www.drps.ed.ac.uk/24-25/dpt/cx_sb_sprt.htm
2025-11-19 20:06:12,857 - INFO - Visiting: http://www.drps.ed.ac.uk/24-25/dpt/cxsprt08026.htm
2025-11-19 20:06:12,879 - INFO - 1 instances updated to ./data_container/25_11_19_20_02_55/24-25_cx_s_su819.htm.csv.
2025-11-19 20:06:12,974 - INFO - Visiting: http://www.drps.ed.ac.uk/24-25/dpt/cxsprt08032.htm
2025-11-19 20:06:12,989 - INFO - 1 instances updated to ./data_container/25_11_19_20_02_55/24-25_cx_s_su819.htm.csv.
2025-11-19 20:06:13,117 - INFO - Visiting: http://www.drps.ed.ac.uk/24-25/dpt/cxsprt08018.htm
2025-11-19 20:06:13,142 - INFO - 1 instances updated to ./data_container/25_11_19_20_02_55/24-25_cx_s_su819.htm.csv.
2025-11-19 20:06:13,310 - INFO - Visiting: http://www.drps.ed.ac.uk/24-25/dpt/cxsprt08030.htm
2025-11-19 20:06:13,340 - INFO - 1 instances updated to ./data_container/25_11_19_20_02_55/24-25_cx_s_su819.htm.csv.
2025-11-19 20:06:13,548 - INFO - Visiting: http://www.drps.ed.ac.uk/24-25/dpt/cxsprt08031.htm
2025-11-19 20:06:13,574 - INFO - 1 instances updated to ./data_container/25_11_19_20_02_55/24-25_cx_s_su819.htm.csv.
2025-11-19 20:06:13,675 - INFO - Visiting: http://www.drps.ed.ac.uk/24-25/dpt/cxsprt08029.htm
2025-11-19 20:06:13,705 - INFO - 1 instances updated to ./data_container/25_11_19_20_02_55/24-25_cx_s_su819.htm.csv.
2025-11-19 20:06:13,815 - INFO - Visiting: http://www.drps.ed.ac.uk/24-25/dpt/cxsprt08033.htm
2025-11-19 20:06:13,844 - INFO - 1 instances updated to ./data_container/25_11_19_20_02_55/24-25_cx_s_su819.htm.csv.
2025-11-19 20:06:13,954 - INFO - Visiting: http://www.drps.ed.ac.uk/24-25/dpt/cxsprt08021.htm
2025-11-19 20:06:13,980 - INFO - 1 instances updated to ./data_container/25_11_19_20_02_55/24-25_cx_s_su819.htm.csv.
2025-11-19 20:06:14,126 - INFO - Visiting: http://www.drps.ed.ac.uk/24-25/dpt/cxsprt08022.htm
2025-11-19 20:06:14,158 - INFO - 1 instances updated to ./data_container/25_11_19_20_02_55/24-25_cx_s_su819.htm.csv.
2025-11-19 20:06:14,380 - INFO - Visiting: http://www.drps.ed.ac.uk/24-25/dpt/cxsprt08019.htm
2025-11-19 20:06:14,414 - INFO - 1 instances updated to ./data_container/25_11_19_20_02_55/24-25_cx_s_su819.htm.csv.
2025-11-19 20:06:14,575 - INFO - Visiting: http://www.drps.ed.ac.uk/24-25/dpt/cxsprt08024.htm
2025-11-19 20:06:14,605 - INFO - 1 instances updated to ./data_container/25_11_19_20_02_55/24-25_cx_s_su819.htm.csv.
2025-11-19 20:06:14,753 - INFO - Visiting: http://www.drps.ed.ac.uk/24-25/dpt/cxsprt08020.htm
2025-11-19 20:06:14,785 - INFO - 1 instances updated to ./data_container/25_11_19_20_02_55/24-25_cx_s_su819.htm.csv.
2025-11-19 20:06:14,951 - INFO - Visiting: http://www.drps.ed.ac.uk/24-25/dpt/cxsprt08023.htm
2025-11-19 20:06:14,980 - INFO - 1 instances updated to ./data_container/25_11_19_20_02_55/24-25_cx_s_su819.htm.csv.
2025-11-19 20:06:15,177 - INFO - Visiting: http://www.drps.ed.ac.uk/24-25/dpt/cxsprt08001.htm
2025-11-19 20:06:15,203 - INFO - 1 instances updated to ./data_container/25_11_19_20_02_55/24-25_cx_s_su819.htm.csv.
2025-11-19 20:06:15,365 - INFO - Visiting: http://www.drps.ed.ac.uk/24-25/dpt/cxsprt08016.htm
2025-11-19 20:06:15,392 - INFO - 1 instances updated to ./data_container/25_11_19_20_02_55/24-25_cx_s_su819.htm.csv.
2025-11-19 20:06:15,543 - INFO - Visiting: http://www.drps.ed.ac.uk/24-25/dpt/cxsprt08014.htm
2025-11-19 20:06:15,572 - INFO - 1 instances updated to ./data_container/25_11_19_20_02_55/24-25_cx_s_su819.htm.csv.
2025-11-19 20:06:15,776 - INFO - Visiting: http://www.drps.ed.ac.uk/24-25/dpt/cxsprt08012.htm
2025-11-19 20:06:15,805 - INFO - 1 instances updated to ./data_container/25_11_19_20_02_55/24-25_cx_s_su819.htm.csv.
2025-11-19 20:06:15,941 - INFO - Visiting: http://www.drps.ed.ac.uk/24-25/dpt/cxsprt08028.htm
2025-11-19 20:06:16,013 - INFO - 1 instances updated to ./data_container/25_11_19_20_02_55/24-25_cx_s_su819.htm.csv.
2025-11-19 20:06:16,185 - INFO - Visiting: http://www.drps.ed.ac.uk/24-25/dpt/cxsprt08017.htm
2025-11-19 20:06:16,215 - INFO - 1 instances updated to ./data_container/25_11_19_20_02_55/24-25_cx_s_su819.htm.csv.
2025-11-19 20:06:16,367 - INFO - Visiting: http://www.drps.ed.ac.uk/24-25/dpt/cxsprt08027.htm
2025-11-19 20:06:16,398 - INFO - 1 instances updated to ./data_container/25_11_19_20_02_55/24-25_cx_s_su819.htm.csv.
2025-11-19 20:06:16,520 - INFO - Visiting: http://www.drps.ed.ac.uk/24-25/dpt/cxsprt08025.htm
2025-11-19 20:06:16,533 - INFO - 1 instances updated to ./data_container/25_11_19_20_02_55/24-25_cx_s_su819.htm.csv.
2025-11-19 20:06:16,727 - INFO - Visiting: http://www.drps.ed.ac.uk/24-25/dpt/cxsprt10037.htm
2025-11-19 20:06:16,765 - INFO - 1 instances updated to ./data_container/25_11_19_20_02_55/24-25_cx_s_su819.htm.csv.
2025-11-19 20:06:16,948 - INFO - Visiting: http://www.drps.ed.ac.uk/24-25/dpt/cxsprt10064.htm
2025-11-19 20:06:16,980 - INFO - 1 instances updated to ./data_container/25_11_19_20_02_55/24-25_cx_s_su819.htm.csv.
2025-11-19 20:06:17,189 - INFO - Visiting: http://www.drps.ed.ac.uk/24-25/dpt/cxsprt10059.htm
2025-11-19 20:06:17,221 - INFO - 1 instances updated to ./data_container/25_11_19_20_02_55/24-25_cx_s_su819.htm.csv.
2025-11-19 20:06:17,419 - INFO - Visiting: http://www.drps.ed.ac.uk/24-25/dpt/cxsprt10024.htm
2025-11-19 20:06:17,448 - INFO - 1 instances updated to ./data_container/25_11_19_20_02_55/24-25_cx_s_su819.htm.csv.
2025-11-19 20:06:17,594 - INFO - Visiting: http://www.drps.ed.ac.uk/24-25/dpt/cxsprt10025.htm
2025-11-19 20:06:17,629 - INFO - 1 instances updated to ./data_container/25_11_19_20_02_55/24-25_cx_s_su819.htm.csv.
2025-11-19 20:06:17,835 - INFO - Visiting: http://www.drps.ed.ac.uk/24-25/dpt/cxsprt10048.htm
2025-11-19 20:06:17,861 - INFO - 1 instances updated to ./data_container/25_11_19_20_02_55/24-25_cx_s_su819.htm.csv.
2025-11-19 20:06:18,053 - INFO - Visiting: http://www.drps.ed.ac.uk/24-25/dpt/cxsprt10029.htm
2025-11-19 20:06:18,088 - INFO - 1 instances updated to ./data_container/25_11_19_20_02_55/24-25_cx_s_su819.htm.csv.
2025-11-19 20:06:18,267 - INFO - Visiting: http://www.drps.ed.ac.uk/24-25/dpt/cxsprt10054.htm
2025-11-19 20:06:18,306 - INFO - 1 instances updated to ./data_container/25_11_19_20_02_55/24-25_cx_s_su819.htm.csv.
2025-11-19 20:06:18,488 - INFO - Visiting: http://www.drps.ed.ac.uk/24-25/dpt/cxsprt10053.htm
2025-11-19 20:06:18,526 - INFO - 1 instances updated to ./data_container/25_11_19_20_02_55/24-25_cx_s_su819.htm.csv.
2025-11-19 20:06:18,734 - INFO - Visiting: http://www.drps.ed.ac.uk/24-25/dpt/cxsprt10003.htm
2025-11-19 20:06:18,770 - INFO - 1 instances updated to ./data_container/25_11_19_20_02_55/24-25_cx_s_su819.htm.csv.
2025-11-19 20:06:18,978 - INFO - Visiting: http://www.drps.ed.ac.uk/24-25/dpt/cxsprt10004.htm
2025-11-19 20:06:18,994 - INFO - 1 instances updated to ./data_container/25_11_19_20_02_55/24-25_cx_s_su819.htm.csv.
2025-11-19 20:06:19,231 - INFO - Visiting: http://www.drps.ed.ac.uk/24-25/dpt/cxsprt10046.htm
2025-11-19 20:06:19,264 - INFO - 1 instances updated to ./data_container/25_11_19_20_02_55/24-25_cx_s_su819.htm.csv.
2025-11-19 20:06:19,479 - INFO - Visiting: http://www.drps.ed.ac.uk/24-25/dpt/cxsprt10020.htm
2025-11-19 20:06:19,515 - INFO - 1 instances updated to ./data_container/25_11_19_20_02_55/24-25_cx_s_su819.htm.csv.
2025-11-19 20:06:19,717 - INFO - Visiting: http://www.drps.ed.ac.uk/24-25/dpt/cxsprt10056.htm
2025-11-19 20:06:19,740 - INFO - 1 instances updated to ./data_container/25_11_19_20_02_55/24-25_cx_s_su819.htm.csv.
2025-11-19 20:06:19,979 - INFO - Visiting: http://www.drps.ed.ac.uk/24-25/dpt/cxsprt10062.htm
2025-11-19 20:06:20,012 - INFO - 1 instances updated to ./data_container/25_11_19_20_02_55/24-25_cx_s_su819.htm.csv.
2025-11-19 20:06:20,154 - INFO - Visiting: http://www.drps.ed.ac.uk/24-25/dpt/cxsprt10065.htm
2025-11-19 20:06:20,186 - INFO - 1 instances updated to ./data_container/25_11_19_20_02_55/24-25_cx_s_su819.htm.csv.
2025-11-19 20:06:20,386 - INFO - Visiting: http://www.drps.ed.ac.uk/24-25/dpt/cxsprt10033.htm
2025-11-19 20:06:20,403 - INFO - 1 instances updated to ./data_container/25_11_19_20_02_55/24-25_cx_s_su819.htm.csv.
2025-11-19 20:06:20,501 - INFO - Visiting: http://www.drps.ed.ac.uk/24-25/dpt/cxsprt10032.htm
2025-11-19 20:06:20,523 - INFO - 1 instances updated to ./data_container/25_11_19_20_02_55/24-25_cx_s_su819.htm.csv.
2025-11-19 20:06:20,627 - INFO - Visiting: http://www.drps.ed.ac.uk/24-25/dpt/cxsprt10052.htm
2025-11-19 20:06:20,658 - INFO - 1 instances updated to ./data_container/25_11_19_20_02_55/24-25_cx_s_su819.htm.csv.
2025-11-19 20:06:20,869 - INFO - Visiting: http://www.drps.ed.ac.uk/24-25/dpt/cxsprt10050.htm
2025-11-19 20:06:20,908 - INFO - 1 instances updated to ./data_container/25_11_19_20_02_55/24-25_cx_s_su819.htm.csv.
2025-11-19 20:06:21,139 - INFO - Visiting: http://www.drps.ed.ac.uk/24-25/dpt/cxsprt10049.htm
2025-11-19 20:06:21,175 - INFO - 1 instances updated to ./data_container/25_11_19_20_02_55/24-25_cx_s_su819.htm.csv.
2025-11-19 20:06:21,356 - INFO - Visiting: http://www.drps.ed.ac.uk/24-25/dpt/cxsprt10051.htm
2025-11-19 20:06:21,381 - INFO - 1 instances updated to ./data_container/25_11_19_20_02_55/24-25_cx_s_su819.htm.csv.
2025-11-19 20:06:21,557 - INFO - Visiting: http://www.drps.ed.ac.uk/24-25/dpt/cxsprt10047.htm
2025-11-19 20:06:21,592 - INFO - 1 instances updated to ./data_container/25_11_19_20_02_55/24-25_cx_s_su819.htm.csv.
2025-11-19 20:06:21,724 - INFO - Visiting: http://www.drps.ed.ac.uk/24-25/dpt/cxsprt10027.htm
2025-11-19 20:06:21,760 - INFO - 1 instances updated to ./data_container/25_11_19_20_02_55/24-25_cx_s_su819.htm.csv.
2025-11-19 20:06:21,939 - INFO - Visiting: http://www.drps.ed.ac.uk/24-25/dpt/cxsprt10005.htm
2025-11-19 20:06:21,975 - INFO - 1 instances updated to ./data_container/25_11_19_20_02_55/24-25_cx_s_su819.htm.csv.
2025-11-19 20:06:22,150 - INFO - Visiting: http://www.drps.ed.ac.uk/24-25/dpt/cxsprt10006.htm
2025-11-19 20:06:22,189 - INFO - 1 instances updated to ./data_container/25_11_19_20_02_55/24-25_cx_s_su819.htm.csv.
2025-11-19 20:06:22,397 - INFO - Visiting: http://www.drps.ed.ac.uk/24-25/dpt/cxsprt10038.htm
2025-11-19 20:06:22,436 - INFO - 1 instances updated to ./data_container/25_11_19_20_02_55/24-25_cx_s_su819.htm.csv.
2025-11-19 20:06:22,636 - INFO - Visiting: http://www.drps.ed.ac.uk/24-25/dpt/cxsprt10060.htm
2025-11-19 20:06:22,664 - INFO - 1 instances updated to ./data_container/25_11_19_20_02_55/24-25_cx_s_su819.htm.csv.
2025-11-19 20:06:22,871 - INFO - Visiting: http://www.drps.ed.ac.uk/24-25/dpt/cxsprt10057.htm
2025-11-19 20:06:22,906 - INFO - 1 instances updated to ./data_container/25_11_19_20_02_55/24-25_cx_s_su819.htm.csv.
2025-11-19 20:06:23,015 - INFO - Visiting: http://www.drps.ed.ac.uk/24-25/dpt/cxsprt10058.htm
2025-11-19 20:06:23,052 - INFO - 1 instances updated to ./data_container/25_11_19_20_02_55/24-25_cx_s_su819.htm.csv.
2025-11-19 20:06:23,188 - INFO - Visiting: http://www.drps.ed.ac.uk/24-25/dpt/cxsprt10061.htm
2025-11-19 20:06:23,222 - INFO - 1 instances updated to ./data_container/25_11_19_20_02_55/24-25_cx_s_su819.htm.csv.
2025-11-19 20:06:23,415 - INFO - Visiting: http://www.drps.ed.ac.uk/24-25/dpt/cxsprt10021.htm
2025-11-19 20:06:23,453 - INFO - 1 instances updated to ./data_container/25_11_19_20_02_55/24-25_cx_s_su819.htm.csv.
2025-11-19 20:06:23,645 - INFO - Visiting: http://www.drps.ed.ac.uk/24-25/dpt/cxsprt10067.htm
2025-11-19 20:06:23,671 - INFO - 1 instances updated to ./data_container/25_11_19_20_02_55/24-25_cx_s_su819.htm.csv.
2025-11-19 20:06:23,851 - INFO - Visiting: http://www.drps.ed.ac.uk/24-25/dpt/cxsprt10055.htm
2025-11-19 20:06:23,890 - INFO - 1 instances updated to ./data_container/25_11_19_20_02_55/24-25_cx_s_su819.htm.csv.
2025-11-19 20:06:24,086 - INFO - Visiting: http://www.drps.ed.ac.uk/24-25/dpt/cxsprt10030.htm
2025-11-19 20:06:24,124 - INFO - 1 instances updated to ./data_container/25_11_19_20_02_55/24-25_cx_s_su819.htm.csv.
2025-11-19 20:06:24,322 - INFO - Visiting: http://www.drps.ed.ac.uk/24-25/dpt/cxsprt10012.htm
2025-11-19 20:06:24,360 - INFO - 1 instances updated to ./data_container/25_11_19_20_02_55/24-25_cx_s_su819.htm.csv.
2025-11-19 20:06:24,588 - INFO - Visiting: http://www.drps.ed.ac.uk/24-25/dpt/cxsprt10034.htm
2025-11-19 20:06:24,605 - INFO - 1 instances updated to ./data_container/25_11_19_20_02_55/24-25_cx_s_su819.htm.csv.
2025-11-19 20:06:24,883 - INFO - Visiting: http://www.drps.ed.ac.uk/24-25/dpt/cxsprt10034.htm
2025-11-19 20:06:24,931 - INFO - 1 instances updated to ./data_container/25_11_19_20_02_55/24-25_cx_s_su819.htm.csv.
2025-11-19 20:06:25,079 - INFO - Visiting: http://www.drps.ed.ac.uk/24-25/dpt/cxsprt10034.htm
2025-11-19 20:06:25,106 - INFO - 1 instances updated to ./data_container/25_11_19_20_02_55/24-25_cx_s_su819.htm.csv.
2025-11-19 20:06:25,274 - INFO - Visiting: http://www.drps.ed.ac.uk/24-25/dpt/cxsprt10031.htm
2025-11-19 20:06:25,291 - INFO - 1 instances updated to ./data_container/25_11_19_20_02_55/24-25_cx_s_su819.htm.csv.
2025-11-19 20:06:25,457 - INFO - Visiting: http://www.drps.ed.ac.uk/24-25/dpt/cxsprt10063.htm
2025-11-19 20:06:25,474 - INFO - 1 instances updated to ./data_container/25_11_19_20_02_55/24-25_cx_s_su819.htm.csv.
2025-11-19 20:06:25,712 - INFO - Visiting: http://www.drps.ed.ac.uk/24-25/dpt/cxsprt10035.htm
2025-11-19 20:06:25,727 - INFO - 1 instances updated to ./data_container/25_11_19_20_02_55/24-25_cx_s_su819.htm.csv.
2025-11-19 20:06:25,910 - INFO - Visiting: http://www.drps.ed.ac.uk/24-25/dpt/cxsprt10066.htm
2025-11-19 20:06:25,935 - INFO - 1 instances updated to ./data_container/25_11_19_20_02_55/24-25_cx_s_su819.htm.csv.
2025-11-19 20:06:26,062 - INFO - Visiting: http://www.drps.ed.ac.uk/24-25/dpt/cxsprt11014.htm
2025-11-19 20:06:26,095 - INFO - 1 instances updated to ./data_container/25_11_19_20_02_55/24-25_cx_s_su819.htm.csv.
2025-11-19 20:06:26,231 - INFO - Visiting: http://www.drps.ed.ac.uk/24-25/dpt/cxsprt11017.htm
2025-11-19 20:06:26,270 - INFO - 1 instances updated to ./data_container/25_11_19_20_02_55/24-25_cx_s_su819.htm.csv.
2025-11-19 20:06:26,519 - INFO - Visiting: http://www.drps.ed.ac.uk/24-25/dpt/cxsprt11015.htm
2025-11-19 20:06:26,558 - INFO - 1 instances updated to ./data_container/25_11_19_20_02_55/24-25_cx_s_su819.htm.csv.
2025-11-19 20:06:26,755 - INFO - Visiting: http://www.drps.ed.ac.uk/24-25/dpt/cxsprt11006.htm
2025-11-19 20:06:26,779 - INFO - 1 instances updated to ./data_container/25_11_19_20_02_55/24-25_cx_s_su819.htm.csv.
2025-11-19 20:06:26,948 - INFO - Visiting: http://www.drps.ed.ac.uk/24-25/dpt/cxsprt11011.htm
2025-11-19 20:06:26,981 - INFO - 1 instances updated to ./data_container/25_11_19_20_02_55/24-25_cx_s_su819.htm.csv.
2025-11-19 20:06:27,204 - INFO - Visiting: http://www.drps.ed.ac.uk/24-25/dpt/cxsprt11012.htm
2025-11-19 20:06:27,241 - INFO - 1 instances updated to ./data_container/25_11_19_20_02_55/24-25_cx_s_su819.htm.csv.
2025-11-19 20:06:27,487 - INFO - Visiting: http://www.drps.ed.ac.uk/24-25/dpt/cxsprt11016.htm
2025-11-19 20:06:27,524 - INFO - 1 instances updated to ./data_container/25_11_19_20_02_55/24-25_cx_s_su819.htm.csv.
2025-11-19 20:06:27,703 - INFO - Visiting: http://www.drps.ed.ac.uk/24-25/dpt/cxsprt11013.htm
2025-11-19 20:06:27,720 - INFO - 1 instances updated to ./data_container/25_11_19_20_02_55/24-25_cx_s_su819.htm.csv.
2025-11-19 20:06:27,721 - INFO - Mining for keywords Accessibility,Inclusive design,Disability rights,Adaptive tools is success.
0:05:32,021 - INFO - 1 instances updated to ./data_container/25_11_19_20_02_55/24-25_cx_s_su819.htm.csv.
2025-11-19 20:05:32,228 - INFO - Visiting: http://www.drps.ed.ac.uk/24-25/dpt/cxedua11255.htm
2025-11-19 20:05:32,279 - INFO - 1 instances updated to ./data_container/25_11_19_20_02_55/24-25_cx_s_su819.htm.csv.
2025-11-19 20:05:32,447 - INFO - Visiting: http://www.drps.ed.ac.uk/24-25/dpt/cxedua11303.htm
2025-11-19 20:05:32,498 - INFO - 1 instances updated to ./data_container/25_11_19_20_02_55/24-25_cx_s_su819.htm.csv.
2025-11-19 20:05:32,687 - INFO - Visiting: http://www.drps.ed.ac.uk/24-25/dpt/cxedua11353.htm
2025-11-19 20:05:32,732 - INFO - 1 instances updated to ./data_container/25_11_19_20_02_55/24-25_cx_s_su819.htm.csv.
2025-11-19 20:05:32,939 - INFO - Visiting: http://www.drps.ed.ac.uk/24-25/dpt/cxedua11446.htm
2025-11-19 20:05:32,990 - INFO - 1 instances updated to ./data_container/25_11_19_20_02_55/24-25_cx_s_su819.htm.csv.
2025-11-19 20:05:33,192 - INFO - Visiting: http://www.drps.ed.ac.uk/24-25/dpt/cxedua11388.htm
2025-11-19 20:05:33,242 - INFO - 1 instances updated to ./data_container/25_11_19_20_02_55/24-25_cx_s_su819.htm.csv.
2025-11-19 20:05:33,408 - INFO - Visiting: http://www.drps.ed.ac.uk/24-25/dpt/cxedua11314.htm
2025-11-19 20:05:33,450 - INFO - 1 instances updated to ./data_container/25_11_19_20_02_55/24-25_cx_s_su819.htm.csv.
2025-11-19 20:05:33,661 - INFO - Visiting: http://www.drps.ed.ac.uk/24-25/dpt/cxedua11404.htm
2025-11-19 20:05:33,717 - INFO - 1 instances updated to ./data_container/25_11_19_20_02_55/24-25_cx_s_su819.htm.csv.
2025-11-19 20:05:33,909 - INFO - Visiting: http://www.drps.ed.ac.uk/24-25/dpt/cxedua11259.htm
2025-11-19 20:05:33,963 - INFO - 1 instances updated to ./data_container/25_11_19_20_02_55/24-25_cx_s_su819.htm.csv.
2025-11-19 20:05:34,161 - INFO - Visiting: http://www.drps.ed.ac.uk/24-25/dpt/cxedua11408.htm
2025-11-19 20:05:34,221 - INFO - 1 instances updated to ./data_container/25_11_19_20_02_55/24-25_cx_s_su819.htm.csv.
2025-11-19 20:05:34,491 - INFO - Visiting: http://www.drps.ed.ac.uk/24-25/dpt/cxedua11305.htm
2025-11-19 20:05:34,549 - INFO - 1 instances updated to ./data_container/25_11_19_20_02_55/24-25_cx_s_su819.htm.csv.
2025-11-19 20:05:34,789 - INFO - Visiting: http://www.drps.ed.ac.uk/24-25/dpt/cxedua11434.htm
2025-11-19 20:05:34,844 - INFO - 1 instances updated to ./data_container/25_11_19_20_02_55/24-25_cx_s_su819.htm.csv.
2025-11-19 20:05:35,009 - INFO - Visiting: http://www.drps.ed.ac.uk/24-25/dpt/cxedua11418.htm
2025-11-19 20:05:35,048 - INFO - 1 instances updated to ./data_container/25_11_19_20_02_55/24-25_cx_s_su819.htm.csv.
2025-11-19 20:05:35,271 - INFO - Visiting: http://www.drps.ed.ac.uk/24-25/dpt/cxedua11169.htm
2025-11-19 20:05:35,326 - INFO - 1 instances updated to ./data_container/25_11_19_20_02_55/24-25_cx_s_su819.htm.csv.
2025-11-19 20:05:35,519 - INFO - Visiting: http://www.drps.ed.ac.uk/24-25/dpt/cxedua11244.htm
2025-11-19 20:05:35,548 - INFO - 1 instances updated to ./data_container/25_11_19_20_02_55/24-25_cx_s_su819.htm.csv.
2025-11-19 20:05:35,736 - INFO - Visiting: http://www.drps.ed.ac.uk/24-25/dpt/cxedua11399.htm
2025-11-19 20:05:35,778 - INFO - 1 instances updated to ./data_container/25_11_19_20_02_55/24-25_cx_s_su819.htm.csv.
2025-11-19 20:05:35,979 - INFO - Visiting: http://www.drps.ed.ac.uk/24-25/dpt/cxedua11342.htm
2025-11-19 20:05:36,029 - INFO - 1 instances updated to ./data_container/25_11_19_20_02_55/24-25_cx_s_su819.htm.csv.
2025-11-19 20:05:36,269 - INFO - Visiting: http://www.drps.ed.ac.uk/24-25/dpt/cxedua11410.htm
2025-11-19 20:05:36,325 - INFO - 1 instances updated to ./data_container/25_11_19_20_02_55/24-25_cx_s_su819.htm.csv.
2025-11-19 20:05:36,443 - INFO - Visiting: http://www.drps.ed.ac.uk/24-25/dpt/cxedua11152.htm
2025-11-19 20:05:36,492 - INFO - 1 instances updated to ./data_container/25_11_19_20_02_55/24-25_cx_s_su819.htm.csv.
2025-11-19 20:05:36,673 - INFO - Visiting: http://www.drps.ed.ac.uk/24-25/dpt/cxedua11428.htm
2025-11-19 20:05:36,731 - INFO - 1 instances updated to ./data_container/25_11_19_20_02_55/24-25_cx_s_su819.htm.csv.
2025-11-19 20:05:36,921 - INFO - Visiting: http://www.drps.ed.ac.uk/24-25/dpt/cxedua11445.htm
2025-11-19 20:05:36,952 - INFO - 1 instances updated to ./data_container/25_11_19_20_02_55/24-25_cx_s_su819.htm.csv.
2025-11-19 20:05:37,154 - INFO - Visiting: http://www.drps.ed.ac.uk/24-25/dpt/cxedua11011.htm
2025-11-19 20:05:37,185 - INFO - 1 instances updated to ./data_container/25_11_19_20_02_55/24-25_cx_s_su819.htm.csv.
2025-11-19 20:05:37,403 - INFO - Visiting: http://www.drps.ed.ac.uk/24-25/dpt/cxedua11119.htm
2025-11-19 20:05:37,456 - INFO - 1 instances updated to ./data_container/25_11_19_20_02_55/24-25_cx_s_su819.htm.csv.
2025-11-19 20:05:37,639 - INFO - Visiting: http://www.drps.ed.ac.uk/24-25/dpt/cxedua11437.htm
2025-11-19 20:05:37,694 - INFO - 1 instances updated to ./data_container/25_11_19_20_02_55/24-25_cx_s_su819.htm.csv.
2025-11-19 20:05:37,865 - INFO - Visiting: http://www.drps.ed.ac.uk/24-25/dpt/cxedua11436.htm
2025-11-19 20:05:37,918 - INFO - 1 instances updated to ./data_container/25_11_19_20_02_55/24-25_cx_s_su819.htm.csv.
2025-11-19 20:05:38,110 - INFO - Visiting: http://www.drps.ed.ac.uk/24-25/dpt/cxedua11316.htm
2025-11-19 20:05:38,200 - INFO - 1 instances updated to ./data_container/25_11_19_20_02_55/24-25_cx_s_su819.htm.csv.
2025-11-19 20:05:38,385 - INFO - Visiting: http://www.drps.ed.ac.uk/24-25/dpt/cxedua11282.htm
2025-11-19 20:05:38,438 - INFO - 1 instances updated to ./data_container/25_11_19_20_02_55/24-25_cx_s_su819.htm.csv.
2025-11-19 20:05:38,628 - INFO - Visiting: http://www.drps.ed.ac.uk/24-25/dpt/cxedua11407.htm
2025-11-19 20:05:38,682 - INFO - 1 instances updated to ./data_container/25_11_19_20_02_55/24-25_cx_s_su819.htm.csv.
2025-11-19 20:05:38,870 - INFO - Visiting: http://www.drps.ed.ac.uk/24-25/dpt/cxedua11247.htm
2025-11-19 20:05:38,928 - INFO - 1 instances updated to ./data_container/25_11_19_20_02_55/24-25_cx_s_su819.htm.csv.
2025-11-19 20:05:39,016 - INFO - Visiting: http://www.drps.ed.ac.uk/24-25/dpt/cxedua11283.htm
2025-11-19 20:05:39,053 - INFO - 1 instances updated to ./data_container/25_11_19_20_02_55/24-25_cx_s_su819.htm.csv.
2025-11-19 20:05:39,221 - INFO - Visiting: http://www.drps.ed.ac.uk/24-25/dpt/cxedua11415.htm
2025-11-19 20:05:39,271 - INFO - 1 instances updated to ./data_container/25_11_19_20_02_55/24-25_cx_s_su819.htm.csv.
2025-11-19 20:05:39,445 - INFO - Visiting: http://www.drps.ed.ac.uk/24-25/dpt/cxedua11045.htm
2025-11-19 20:05:39,499 - INFO - 1 instances updated to ./data_container/25_11_19_20_02_55/24-25_cx_s_su819.htm.csv.
2025-11-19 20:05:39,677 - INFO - Visiting: http://www.drps.ed.ac.uk/24-25/dpt/cxedua11240.htm
2025-11-19 20:05:39,738 - INFO - 1 instances updated to ./data_container/25_11_19_20_02_55/24-25_cx_s_su819.htm.csv.
2025-11-19 20:05:39,986 - INFO - Visiting: http://www.drps.ed.ac.uk/24-25/dpt/cxedua11413.htm
2025-11-19 20:05:40,025 - INFO - 1 instances updated to ./data_container/25_11_19_20_02_55/24-25_cx_s_su819.htm.csv.
2025-11-19 20:05:40,152 - INFO - Visiting: http://www.drps.ed.ac.uk/24-25/dpt/cxedua11248.htm
2025-11-19 20:05:40,190 - INFO - 1 instances updated to ./data_container/25_11_19_20_02_55/24-25_cx_s_su819.htm.csv.
2025-11-19 20:05:40,386 - INFO - Visiting: http://www.drps.ed.ac.uk/24-25/dpt/cxedua11201.htm
2025-11-19 20:05:40,422 - INFO - 1 instances updated to ./data_container/25_11_19_20_02_55/24-25_cx_s_su819.htm.csv.
2025-11-19 20:05:40,640 - INFO - Visiting: http://www.drps.ed.ac.uk/24-25/dpt/cxedua11419.htm
2025-11-19 20:05:40,698 - INFO - 1 instances updated to ./data_container/25_11_19_20_02_55/24-25_cx_s_su819.htm.csv.
2025-11-19 20:05:40,938 - INFO - Visiting: http://www.drps.ed.ac.uk/24-25/dpt/cxedua11392.htm
2025-11-19 20:05:40,994 - INFO - 1 instances updated to ./data_container/25_11_19_20_02_55/24-25_cx_s_su819.htm.csv.
2025-11-19 20:05:41,186 - INFO - Visiting: http://www.drps.ed.ac.uk/24-25/dpt/cxedua11346.htm
2025-11-19 20:05:41,225 - INFO - 1 instances updated to ./data_container/25_11_19_20_02_55/24-25_cx_s_su819.htm.csv.
2025-11-19 20:05:41,447 - INFO - Visiting: http://www.drps.ed.ac.uk/24-25/dpt/cxedua11125.htm
2025-11-19 20:05:41,490 - INFO - 1 instances updated to ./data_container/25_11_19_20_02_55/24-25_cx_s_su819.htm.csv.
2025-11-19 20:05:41,668 - INFO - Visiting: http://www.drps.ed.ac.uk/24-25/dpt/cxedua11344.htm
2025-11-19 20:05:41,726 - INFO - 1 instances updated to ./data_container/25_11_19_20_02_55/24-25_cx_s_su819.htm.csv.
2025-11-19 20:05:41,953 - INFO - Visiting: http://www.drps.ed.ac.uk/24-25/dpt/cxedua11252.htm
2025-11-19 20:05:42,010 - INFO - 1 instances updated to ./data_container/25_11_19_20_02_55/24-25_cx_s_su819.htm.csv.
2025-11-19 20:05:42,187 - INFO - Visiting: http://www.drps.ed.ac.uk/24-25/dpt/cxedua11443.htm
2025-11-19 20:05:42,222 - INFO - 1 instances updated to ./data_container/25_11_19_20_02_55/24-25_cx_s_su819.htm.csv.
2025-11-19 20:05:42,408 - INFO - Visiting: http://www.drps.ed.ac.uk/24-25/dpt/cxedua11327.htm
2025-11-19 20:05:42,452 - INFO - 1 instances updated to ./data_container/25_11_19_20_02_55/24-25_cx_s_su819.htm.csv.
2025-11-19 20:05:42,647 - INFO - Visiting: http://www.drps.ed.ac.uk/24-25/dpt/cxedua11094.htm
2025-11-19 20:05:42,689 - INFO - 1 instances updated to ./data_container/25_11_19_20_02_55/24-25_cx_s_su819.htm.csv.
2025-11-19 20:05:42,897 - INFO - Visiting: http://www.drps.ed.ac.uk/24-25/dpt/cxedua11383.htm
2025-11-19 20:05:42,949 - INFO - 1 instances updated to ./data_container/25_11_19_20_02_55/24-25_cx_s_su819.htm.csv.
2025-11-19 20:05:43,089 - INFO - Visiting: http://www.drps.ed.ac.uk/24-25/dpt/cxedua11442.htm
2025-11-19 20:05:43,143 - INFO - 1 instances updated to ./data_container/25_11_19_20_02_55/24-25_cx_s_su819.htm.csv.
2025-11-19 20:05:43,871 - INFO - Visiting: http://www.drps.ed.ac.uk/24-25/dpt/cxedua11460.htm
2025-11-19 20:05:43,922 - INFO - 1 instances updated to ./data_container/25_11_19_20_02_55/24-25_cx_s_su819.htm.csv.
2025-11-19 20:05:44,106 - INFO - Visiting: http://www.drps.ed.ac.uk/24-25/dpt/cxedua11459.htm
2025-11-19 20:05:44,163 - INFO - 1 instances updated to ./data_container/25_11_19_20_02_55/24-25_cx_s_su819.htm.csv.
2025-11-19 20:05:44,308 - INFO - Visiting: http://www.drps.ed.ac.uk/24-25/dpt/cxedua11373.htm
2025-11-19 20:05:44,362 - INFO - 1 instances updated to ./data_container/25_11_19_20_02_55/24-25_cx_s_su819.htm.csv.
2025-11-19 20:05:44,489 - INFO - Visiting: http://www.drps.ed.ac.uk/24-25/dpt/cxedua11212.htm
2025-11-19 20:05:44,544 - INFO - 1 instances updated to ./data_container/25_11_19_20_02_55/24-25_cx_s_su819.htm.csv.
2025-11-19 20:05:44,720 - INFO - Visiting: http://www.drps.ed.ac.uk/24-25/dpt/cxedua11328.htm
2025-11-19 20:05:44,754 - INFO - 1 instances updated to ./data_container/25_11_19_20_02_55/24-25_cx_s_su819.htm.csv.
2025-11-19 20:05:44,869 - INFO - Visiting: http://www.drps.ed.ac.uk/24-25/dpt/cxedua11423.htm
2025-11-19 20:05:44,912 - INFO - 1 instances updated to ./data_container/25_11_19_20_02_55/24-25_cx_s_su819.htm.csv.
2025-11-19 20:05:45,131 - INFO - Visiting: http://www.drps.ed.ac.uk/24-25/dpt/cxedua11117.htm
2025-11-19 20:05:45,192 - INFO - 1 instances updated to ./data_container/25_11_19_20_02_55/24-25_cx_s_su819.htm.csv.
2025-11-19 20:05:45,379 - INFO - Visiting: http://www.drps.ed.ac.uk/24-25/dpt/cxedua11452.htm
2025-11-19 20:05:45,434 - INFO - 1 instances updated to ./data_container/25_11_19_20_02_55/24-25_cx_s_su819.htm.csv.
2025-11-19 20:05:45,623 - INFO - Visiting: http://www.drps.ed.ac.uk/24-25/dpt/cxedua11290.htm
2025-11-19 20:05:45,681 - INFO - 1 instances updated to ./data_container/25_11_19_20_02_55/24-25_cx_s_su819.htm.csv.
2025-11-19 20:05:45,792 - INFO - Visiting: http://www.drps.ed.ac.uk/24-25/dpt/cxedua11289.htm
2025-11-19 20:05:45,840 - INFO - 1 instances updated to ./data_container/25_11_19_20_02_55/24-25_cx_s_su819.htm.csv.
2025-11-19 20:05:45,976 - INFO - Visiting: http://www.drps.ed.ac.uk/24-25/dpt/cxedua11288.htm
2025-11-19 20:05:46,024 - INFO - 1 instances updated to ./data_container/25_11_19_20_02_55/24-25_cx_s_su819.htm.csv.
2025-11-19 20:05:46,154 - INFO - Visiting: http://www.drps.ed.ac.uk/24-25/dpt/cxedua11332.htm
2025-11-19 20:05:46,203 - INFO - 1 instances updated to ./data_container/25_11_19_20_02_55/24-25_cx_s_su819.htm.csv.
2025-11-19 20:05:46,352 - INFO - Visiting: http://www.drps.ed.ac.uk/24-25/dpt/cxedua11041.htm
2025-11-19 20:05:46,404 - INFO - 1 instances updated to ./data_container/25_11_19_20_02_55/24-25_cx_s_su819.htm.csv.
2025-11-19 20:05:46,516 - INFO - Visiting: http://www.drps.ed.ac.uk/24-25/dpt/cxedua11449.htm
2025-11-19 20:05:46,562 - INFO - 1 instances updated to ./data_container/25_11_19_20_02_55/24-25_cx_s_su819.htm.csv.
2025-11-19 20:05:46,691 - INFO - Visiting: http://www.drps.ed.ac.uk/24-25/dpt/cxedua11403.htm
2025-11-19 20:05:46,734 - INFO - 1 instances updated to ./data_container/25_11_19_20_02_55/24-25_cx_s_su819.htm.csv.
2025-11-19 20:05:46,871 - INFO - Visiting: http://www.drps.ed.ac.uk/24-25/dpt/cxedua11116.htm
2025-11-19 20:05:46,920 - INFO - 1 instances updated to ./data_container/25_11_19_20_02_55/24-25_cx_s_su819.htm.csv.
2025-11-19 20:05:47,099 - INFO - Visiting: http://www.drps.ed.ac.uk/24-25/dpt/cxedua11105.htm
2025-11-19 20:05:47,159 - INFO - 1 instances updated to ./data_container/25_11_19_20_02_55/24-25_cx_s_su819.htm.csv.
2025-11-19 20:05:47,274 - INFO - Visiting: http://www.drps.ed.ac.uk/24-25/dpt/cxedua11453.htm
2025-11-19 20:05:47,324 - INFO - 1 instances updated to ./data_container/25_11_19_20_02_55/24-25_cx_s_su819.htm.csv.
2025-11-19 20:05:47,548 - INFO - Visiting: http://www.drps.ed.ac.uk/24-25/dpt/cxedua11421.htm
2025-11-19 20:05:47,639 - INFO - 1 instances updated to ./data_container/25_11_19_20_02_55/24-25_cx_s_su819.htm.csv.
2025-11-19 20:05:47,826 - INFO - Visiting: http://www.drps.ed.ac.uk/24-25/dpt/cxedua11409.htm
2025-11-19 20:05:47,862 - INFO - 1 instances updated to ./data_container/25_11_19_20_02_55/24-25_cx_s_su819.htm.csv.
2025-11-19 20:05:48,048 - INFO - Visiting: http://www.drps.ed.ac.uk/24-25/dpt/cxedua11258.htm
2025-11-19 20:05:48,126 - INFO - 1 instances updated to ./data_container/25_11_19_20_02_55/24-25_cx_s_su819.htm.csv.
2025-11-19 20:05:48,347 - INFO - Visiting: http://www.drps.ed.ac.uk/24-25/dpt/cxedua11040.htm
2025-11-19 20:05:48,392 - INFO - 1 instances updated to ./data_container/25_11_19_20_02_55/24-25_cx_s_su819.htm.csv.
2025-11-19 20:05:48,588 - INFO - Visiting: http://www.drps.ed.ac.uk/24-25/dpt/cxedua11326.htm
2025-11-19 20:05:48,630 - INFO - 1 instances updated to ./data_container/25_11_19_20_02_55/24-25_cx_s_su819.htm.csv.
2025-11-19 20:05:48,838 - INFO - Visiting: http://www.drps.ed.ac.uk/24-25/dpt/cxedua11350.htm
2025-11-19 20:05:48,876 - INFO - 1 instances updated to ./data_container/25_11_19_20_02_55/24-25_cx_s_su819.htm.csv.
2025-11-19 20:05:49,088 - INFO - Visiting: http://www.drps.ed.ac.uk/24-25/dpt/cxedua11287.htm
2025-11-19 20:05:49,150 - INFO - 1 instances updated to ./data_container/25_11_19_20_02_55/24-25_cx_s_su819.htm.csv.
2025-11-19 20:05:49,347 - INFO - Visiting: http://www.drps.ed.ac.uk/24-25/dpt/cxedua11285.htm
2025-11-19 20:05:49,383 - INFO - 1 instances updated to ./data_container/25_11_19_20_02_55/24-25_cx_s_su819.htm.csv.
2025-11-19 20:05:49,597 - INFO - Visiting: http://www.drps.ed.ac.uk/24-25/dpt/cxedua11286.htm
2025-11-19 20:05:49,644 - INFO - 1 instances updated to ./data_container/25_11_19_20_02_55/24-25_cx_s_su819.htm.csv.
2025-11-19 20:05:49,827 - INFO - Visiting: http://www.drps.ed.ac.uk/24-25/dpt/cxedua11210.htm
2025-11-19 20:05:49,889 - INFO - 1 instances updated to ./data_container/25_11_19_20_02_55/24-25_cx_s_su819.htm.csv.
2025-11-19 20:05:50,075 - INFO - Visiting: http://www.drps.ed.ac.uk/24-25/dpt/cxedua11194.htm
2025-11-19 20:05:50,135 - INFO - 1 instances updated to ./data_container/25_11_19_20_02_55/24-25_cx_s_su819.htm.csv.
2025-11-19 20:05:50,305 - INFO - Visiting: http://www.drps.ed.ac.uk/24-25/dpt/cxedua11334.htm
2025-11-19 20:05:50,365 - INFO - 1 instances updated to ./data_container/25_11_19_20_02_55/24-25_cx_s_su819.htm.csv.
2025-11-19 20:05:50,483 - INFO - Visiting: http://www.drps.ed.ac.uk/24-25/dpt/cxedua11461.htm
2025-11-19 20:05:50,536 - INFO - 1 instances updated to ./data_container/25_11_19_20_02_55/24-25_cx_s_su819.htm.csv.
2025-11-19 20:05:50,792 - INFO - Visiting: http://www.drps.ed.ac.uk/24-25/dpt/cxedua11048.htm
2025-11-19 20:05:50,856 - INFO - 1 instances updated to ./data_container/25_11_19_20_02_55/24-25_cx_s_su819.htm.csv.
2025-11-19 20:05:51,039 - INFO - Visiting: http://www.drps.ed.ac.uk/24-25/dpt/cxedua11042.htm
2025-11-19 20:05:51,096 - INFO - 1 instances updated to ./data_container/25_11_19_20_02_55/24-25_cx_s_su819.htm.csv.
2025-11-19 20:05:51,275 - INFO - Visiting: http://www.drps.ed.ac.uk/24-25/dpt/cxedua11439.htm
2025-11-19 20:05:51,331 - INFO - 1 instances updated to ./data_container/25_11_19_20_02_55/24-25_cx_s_su819.htm.csv.
2025-11-19 20:05:51,440 - INFO - Visiting: http://www.drps.ed.ac.uk/24-25/dpt/cxedua11354.htm
2025-11-19 20:05:51,485 - INFO - 1 instances updated to ./data_container/25_11_19_20_02_55/24-25_cx_s_su819.htm.csv.
2025-11-19 20:05:51,657 - INFO - Visiting: http://www.drps.ed.ac.uk/24-25/dpt/cxedua11391.htm
2025-11-19 20:05:51,709 - INFO - 1 instances updated to ./data_container/25_11_19_20_02_55/24-25_cx_s_su819.htm.csv.
2025-11-19 20:05:51,936 - INFO - Visiting: http://www.drps.ed.ac.uk/24-25/dpt/cxedua11284.htm
2025-11-19 20:05:51,974 - INFO - 1 instances updated to ./data_container/25_11_19_20_02_55/24-25_cx_s_su819.htm.csv.
2025-11-19 20:05:52,176 - INFO - Visiting: http://www.drps.ed.ac.uk/24-25/dpt/cxedua11124.htm
2025-11-19 20:05:52,234 - INFO - 1 instances updated to ./data_container/25_11_19_20_02_55/24-25_cx_s_su819.htm.csv.
2025-11-19 20:05:52,418 - INFO - Visiting: http://www.drps.ed.ac.uk/24-25/dpt/cxedua11257.htm
2025-11-19 20:05:52,482 - INFO - 1 instances updated to ./data_container/25_11_19_20_02_55/24-25_cx_s_su819.htm.csv.
2025-11-19 20:05:52,727 - INFO - Visiting: http://www.drps.ed.ac.uk/24-25/dpt/cxedua11351.htm
2025-11-19 20:05:52,791 - INFO - 1 instances updated to ./data_container/25_11_19_20_02_55/24-25_cx_s_su819.htm.csv.
2025-11-19 20:05:53,039 - INFO - Visiting: http://www.drps.ed.ac.uk/24-25/dpt/cxedua11462.htm
2025-11-19 20:05:53,104 - INFO - 1 instances updated to ./data_container/25_11_19_20_02_55/24-25_cx_s_su819.htm.csv.
2025-11-19 20:05:53,350 - INFO - Visiting: http://www.drps.ed.ac.uk/24-25/dpt/cxedua11416.htm
2025-11-19 20:05:53,412 - INFO - 1 instances updated to ./data_container/25_11_19_20_02_55/24-25_cx_s_su819.htm.csv.
2025-11-19 20:05:53,585 - INFO - Visiting: http://www.drps.ed.ac.uk/24-25/dpt/cxedua11304.htm
2025-11-19 20:05:53,628 - INFO - 1 instances updated to ./data_container/25_11_19_20_02_55/24-25_cx_s_su819.htm.csv.
2025-11-19 20:05:53,847 - INFO - Visiting: http://www.drps.ed.ac.uk/24-25/dpt/cxedua11235.htm
2025-11-19 20:05:53,887 - INFO - 1 instances updated to ./data_container/25_11_19_20_02_55/24-25_cx_s_su819.htm.csv.
2025-11-19 20:05:54,041 - INFO - Visiting: http://www.drps.ed.ac.uk/24-25/dpt/cxedua11300.htm
2025-11-19 20:05:54,091 - INFO - 1 instances updated to ./data_container/25_11_19_20_02_55/24-25_cx_s_su819.htm.csv.
2025-11-19 20:05:54,244 - INFO - Visiting: http://www.drps.ed.ac.uk/24-25/dpt/cxedua11301.htm
2025-11-19 20:05:54,302 - INFO - 1 instances updated to ./data_container/25_11_19_20_02_55/24-25_cx_s_su819.htm.csv.
2025-11-19 20:05:54,497 - INFO - Visiting: http://www.drps.ed.ac.uk/24-25/dpt/cxedua11297.htm
2025-11-19 20:05:54,537 - INFO - 1 instances updated to ./data_container/25_11_19_20_02_55/24-25_cx_s_su819.htm.csv.
2025-11-19 20:05:54,728 - INFO - Visiting: http://www.drps.ed.ac.uk/24-25/dpt/cxedua11457.htm
2025-11-19 20:05:54,772 - INFO - 1 instances updated to ./data_container/25_11_19_20_02_55/24-25_cx_s_su819.htm.csv.
2025-11-19 20:05:54,888 - INFO - Visiting: http://www.drps.ed.ac.uk/24-25/dpt/cxedua11298.htm
2025-11-19 20:05:54,936 - INFO - 1 instances updated to ./data_container/25_11_19_20_02_55/24-25_cx_s_su819.htm.csv.
2025-11-19 20:05:55,106 - INFO - Visiting: http://www.drps.ed.ac.uk/24-25/dpt/cxedua11299.htm
2025-11-19 20:05:55,154 - INFO - 1 instances updated to ./data_container/25_11_19_20_02_55/24-25_cx_s_su819.htm.csv.
2025-11-19 20:05:55,326 - INFO - Visiting: http://www.drps.ed.ac.uk/24-25/dpt/cxedua11038.htm
2025-11-19 20:05:55,379 - INFO - 1 instances updated to ./data_container/25_11_19_20_02_55/24-25_cx_s_su819.htm.csv.
2025-11-19 20:05:55,527 - INFO - Visiting: http://www.drps.ed.ac.uk/24-25/dpt/cxedua11463.htm
2025-11-19 20:05:55,570 - INFO - 1 instances updated to ./data_container/25_11_19_20_02_55/24-25_cx_s_su819.htm.csv.
2025-11-19 20:05:55,691 - INFO - Visiting: http://www.drps.ed.ac.uk/24-25/dpt/cxedua11368.htm
2025-11-19 20:05:55,724 - INFO - 1 instances updated to ./data_container/25_11_19_20_02_55/24-25_cx_s_su819.htm.csv.
2025-11-19 20:05:55,918 - INFO - Visiting: http://www.drps.ed.ac.uk/24-25/dpt/cxedua11377.htm
2025-11-19 20:05:55,981 - INFO - 1 instances updated to ./data_container/25_11_19_20_02_55/24-25_cx_s_su819.htm.csv.
2025-11-19 20:05:56,167 - INFO - Visiting: http://www.drps.ed.ac.uk/24-25/dpt/cxedua11369.htm
2025-11-19 20:05:56,206 - INFO - 1 instances updated to ./data_container/25_11_19_20_02_55/24-25_cx_s_su819.htm.csv.
2025-11-19 20:05:56,407 - INFO - Visiting: http://www.drps.ed.ac.uk/24-25/dpt/cxedua11382.htm
2025-11-19 20:05:56,446 - INFO - 1 instances updated to ./data_container/25_11_19_20_02_55/24-25_cx_s_su819.htm.csv.
2025-11-19 20:05:56,606 - INFO - Visiting: http://www.drps.ed.ac.uk/24-25/dpt/cxedua11402.htm
2025-11-19 20:05:56,651 - INFO - 1 instances updated to ./data_container/25_11_19_20_02_55/24-25_cx_s_su819.htm.csv.
2025-11-19 20:05:56,858 - INFO - Visiting: http://www.drps.ed.ac.uk/24-25/dpt/cxedua11365.htm
2025-11-19 20:05:56,919 - INFO - 1 instances updated to ./data_container/25_11_19_20_02_55/24-25_cx_s_su819.htm.csv.
2025-11-19 20:05:57,115 - INFO - Visiting: http://www.drps.ed.ac.uk/24-25/dpt/cxedua11366.htm
2025-11-19 20:05:57,169 - INFO - 1 instances updated to ./data_container/25_11_19_20_02_55/24-25_cx_s_su819.htm.csv.
2025-11-19 20:05:57,358 - INFO - Visiting: http://www.drps.ed.ac.uk/24-25/dpt/cxedua11401.htm
2025-11-19 20:05:57,419 - INFO - 1 instances updated to ./data_container/25_11_19_20_02_55/24-25_cx_s_su819.htm.csv.
2025-11-19 20:05:57,607 - INFO - Visiting: http://www.drps.ed.ac.uk/24-25/dpt/cxedua11381.htm
2025-11-19 20:05:57,669 - INFO - 1 instances updated to ./data_container/25_11_19_20_02_55/24-25_cx_s_su819.htm.csv.
2025-11-19 20:05:57,925 - INFO - Visiting: http://www.drps.ed.ac.uk/24-25/dpt/cxedua11380.htm
2025-11-19 20:05:58,009 - INFO - 1 instances updated to ./data_container/25_11_19_20_02_55/24-25_cx_s_su819.htm.csv.
2025-11-19 20:05:58,153 - INFO - Visiting: http://www.drps.ed.ac.uk/24-25/dpt/cxedua11424.htm
2025-11-19 20:05:58,196 - INFO - 1 instances updated to ./data_container/25_11_19_20_02_55/24-25_cx_s_su819.htm.csv.
2025-11-19 20:05:58,379 - INFO - Visiting: http://www.drps.ed.ac.uk/24-25/dpt/cxedua11329.htm
2025-11-19 20:05:58,437 - INFO - 1 instances updated to ./data_container/25_11_19_20_02_55/24-25_cx_s_su819.htm.csv.
2025-11-19 20:05:58,668 - INFO - Visiting: http://www.drps.ed.ac.uk/24-25/dpt/cxedua11367.htm
2025-11-19 20:05:58,706 - INFO - 1 instances updated to ./data_container/25_11_19_20_02_55/24-25_cx_s_su819.htm.csv.
2025-11-19 20:05:58,839 - INFO - Visiting: http://www.drps.ed.ac.uk/24-25/dpt/cxedua11340.htm
2025-11-19 20:05:58,881 - INFO - 1 instances updated to ./data_container/25_11_19_20_02_55/24-25_cx_s_su819.htm.csv.
2025-11-19 20:05:59,077 - INFO - Visiting: http://www.drps.ed.ac.uk/24-25/dpt/cxedua11347.htm
2025-11-19 20:05:59,121 - INFO - 1 instances updated to ./data_container/25_11_19_20_02_55/24-25_cx_s_su819.htm.csv.
2025-11-19 20:05:59,326 - INFO - Visiting: http://www.drps.ed.ac.uk/24-25/dpt/cxedua11206.htm
2025-11-19 20:05:59,382 - INFO - 1 instances updated to ./data_container/25_11_19_20_02_55/24-25_cx_s_su819.htm.csv.
2025-11-19 20:05:59,545 - INFO - Visiting: http://www.drps.ed.ac.uk/24-25/dpt/cxedua11233.htm
2025-11-19 20:05:59,608 - INFO - 1 instances updated to ./data_container/25_11_19_20_02_55/24-25_cx_s_su819.htm.csv.
2025-11-19 20:05:59,778 - INFO - Visiting: http://www.drps.ed.ac.uk/24-25/dpt/cxedua11385.htm
2025-11-19 20:05:59,838 - INFO - 1 instances updated to ./data_container/25_11_19_20_02_55/24-25_cx_s_su819.htm.csv.
2025-11-19 20:06:00,027 - INFO - Visiting: http://www.drps.ed.ac.uk/24-25/dpt/cxedua11338.htm
2025-11-19 20:06:00,096 - INFO - 1 instances updated to ./data_container/25_11_19_20_02_55/24-25_cx_s_su819.htm.csv.
2025-11-19 20:06:00,259 - INFO - Visiting: http://www.drps.ed.ac.uk/24-25/dpt/cxedua11250.htm
2025-11-19 20:06:00,303 - INFO - 1 instances updated to ./data_container/25_11_19_20_02_55/24-25_cx_s_su819.htm.csv.
2025-11-19 20:06:00,424 - INFO - Visiting: http://www.drps.ed.ac.uk/24-25/dpt/cxedua11458.htm
2025-11-19 20:06:00,477 - INFO - 1 instances updated to ./data_container/25_11_19_20_02_55/24-25_cx_s_su819.htm.csv.
2025-11-19 20:06:00,588 - INFO - Visiting: http://www.drps.ed.ac.uk/24-25/dpt/cxedua11363.htm
2025-11-19 20:06:00,640 - INFO - 1 instances updated to ./data_container/25_11_19_20_02_55/24-25_cx_s_su819.htm.csv.
2025-11-19 20:06:00,789 - INFO - Visiting: http://www.drps.ed.ac.uk/24-25/dpt/cxedua11324.htm
2025-11-19 20:06:00,835 - INFO - 1 instances updated to ./data_container/25_11_19_20_02_55/24-25_cx_s_su819.htm.csv.
2025-11-19 20:06:00,977 - INFO - Visiting: http://www.drps.ed.ac.uk/24-25/dpt/cxedua11376.htm
2025-11-19 20:06:01,023 - INFO - 1 instances updated to ./data_container/25_11_19_20_02_55/24-25_cx_s_su819.htm.csv.
2025-11-19 20:06:01,244 - INFO - Visiting: http://www.drps.ed.ac.uk/24-25/dpt/cxedua11335.htm
2025-11-19 20:06:01,318 - INFO - 1 instances updated to ./data_container/25_11_19_20_02_55/24-25_cx_s_su819.htm.csv.
2025-11-19 20:06:01,517 - INFO - Visiting: http://www.drps.ed.ac.uk/24-25/dpt/cxedua11179.htm
2025-11-19 20:06:01,568 - INFO - 1 instances updated to ./data_container/25_11_19_20_02_55/24-25_cx_s_su819.htm.csv.
2025-11-19 20:06:01,695 - INFO - Visiting: http://www.drps.ed.ac.uk/24-25/dpt/cxedua11438.htm
2025-11-19 20:06:01,751 - INFO - 1 instances updated to ./data_container/25_11_19_20_02_55/24-25_cx_s_su819.htm.csv.
2025-11-19 20:06:01,910 - INFO - Visiting: http://www.drps.ed.ac.uk/24-25/dpt/cxedua11348.htm
2025-11-19 20:06:01,972 - INFO - 1 instances updated to ./data_container/25_11_19_20_02_55/24-25_cx_s_su819.htm.csv.
2025-11-19 20:06:02,231 - INFO - Visiting: http://www.drps.ed.ac.uk/24-25/dpt/cxedua12001.htm
2025-11-19 20:06:02,301 - INFO - 1 instances updated to ./data_container/25_11_19_20_02_55/24-25_cx_s_su819.htm.csv.
2025-11-19 20:06:02,301 - INFO - Mining for keywords Accessibility,Inclusive design,Disability rights,Adaptive tools is success.
2025-11-19 20:06:02,476 - INFO - Visiting: http://www.drps.ed.ac.uk/24-25/dpt/cx_sb_redu.htm
2025-11-19 20:06:02,739 - INFO - Visiting: http://www.drps.ed.ac.uk/24-25/dpt/cxredu11074.htm
2025-11-19 20:06:02,754 - INFO - 1 instances updated to ./data_container/25_11_19_20_02_55/24-25_cx_s_su819.htm.csv.
2025-11-19 20:06:02,963 - INFO - Visiting: http://www.drps.ed.ac.uk/24-25/dpt/cxredu11079.htm
2025-11-19 20:06:02,990 - INFO - 1 instances updated to ./data_container/25_11_19_20_02_55/24-25_cx_s_su819.htm.csv.
2025-11-19 20:06:03,160 - INFO - Visiting: http://www.drps.ed.ac.uk/24-25/dpt/cxredu11076.htm
2025-11-19 20:06:03,186 - INFO - 1 instances updated to ./data_container/25_11_19_20_02_55/24-25_cx_s_su819.htm.csv.
2025-11-19 20:06:03,400 - INFO - Visiting: http://www.drps.ed.ac.uk/24-25/dpt/cxredu11045.htm
2025-11-19 20:06:03,428 - INFO - 1 instances updated to ./data_container/25_11_19_20_02_55/24-25_cx_s_su819.htm.csv.
2025-11-19 20:06:03,647 - INFO - Visiting: http://www.drps.ed.ac.uk/24-25/dpt/cxredu11091.htm
2025-11-19 20:06:03,678 - INFO - 1 instances updated to ./data_container/25_11_19_20_02_55/24-25_cx_s_su819.htm.csv.
2025-11-19 20:06:03,891 - INFO - Visiting: http://www.drps.ed.ac.uk/24-25/dpt/cxredu11073.htm
2025-11-19 20:06:03,921 - INFO - 1 instances updated to ./data_container/25_11_19_20_02_55/24-25_cx_s_su819.htm.csv.
2025-11-19 20:06:04,139 - INFO - Visiting: http://www.drps.ed.ac.uk/24-25/dpt/cxredu11089.htm
2025-11-19 20:06:04,168 - INFO - 1 instances updated to ./data_container/25_11_19_20_02_55/24-25_cx_s_su819.htm.csv.
2025-11-19 20:06:04,357 - INFO - Visiting: http://www.drps.ed.ac.uk/24-25/dpt/cxredu11060.htm
2025-11-19 20:06:04,382 - INFO - 1 instances updated to ./data_container/25_11_19_20_02_55/24-25_cx_s_su819.htm.csv.
2025-11-19 20:06:04,546 - INFO - Visiting: http://www.drps.ed.ac.uk/24-25/dpt/cxredu11087.htm
2025-11-19 20:06:04,574 - INFO - 1 instances updated to ./data_container/25_11_19_20_02_55/24-25_cx_s_su819.htm.csv.
2025-11-19 20:06:04,796 - INFO - Visiting: http://www.drps.ed.ac.uk/24-25/dpt/cxredu11082.htm
2025-11-19 20:06:04,827 - INFO - 1 instances updated to ./data_container/25_11_19_20_02_55/24-25_cx_s_su819.htm.csv.
2025-11-19 20:06:05,033 - INFO - Visiting: http://www.drps.ed.ac.uk/24-25/dpt/cxredu11083.htm
2025-11-19 20:06:05,062 - INFO - 1 instances updated to ./data_container/25_11_19_20_02_55/24-25_cx_s_su819.htm.csv.
2025-11-19 20:06:05,280 - INFO - Visiting: http://www.drps.ed.ac.uk/24-25/dpt/cxredu11052.htm
2025-11-19 20:06:05,308 - INFO - 1 instances updated to ./data_container/25_11_19_20_02_55/24-25_cx_s_su819.htm.csv.
2025-11-19 20:06:05,508 - INFO - Visiting: http://www.drps.ed.ac.uk/24-25/dpt/cxredu11088.htm
2025-11-19 20:06:05,542 - INFO - 1 instances updated to ./data_container/25_11_19_20_02_55/24-25_cx_s_su819.htm.csv.
2025-11-19 20:06:05,760 - INFO - Visiting: http://www.drps.ed.ac.uk/24-25/dpt/cxredu11092.htm
2025-11-19 20:06:05,789 - INFO - 1 instances updated to ./data_container/25_11_19_20_02_55/24-25_cx_s_su819.htm.csv.
2025-11-19 20:06:06,014 - INFO - Visiting: http://www.drps.ed.ac.uk/24-25/dpt/cxredu11086.htm
2025-11-19 20:06:06,046 - INFO - 1 instances updated to ./data_container/25_11_19_20_02_55/24-25_cx_s_su819.htm.csv.
2025-11-19 20:06:06,257 - INFO - Visiting: http://www.drps.ed.ac.uk/24-25/dpt/cxredu11085.htm
2025-11-19 20:06:06,290 - INFO - 1 instances updated to ./data_container/25_11_19_20_02_55/24-25_cx_s_su819.htm.csv.
2025-11-19 20:06:06,500 - INFO - Visiting: http://www.drps.ed.ac.uk/24-25/dpt/cxredu11080.htm
2025-11-19 20:06:06,532 - INFO - 1 instances updated to ./data_container/25_11_19_20_02_55/24-25_cx_s_su819.htm.csv.
2025-11-19 20:06:06,728 - INFO - Visiting: http://www.drps.ed.ac.uk/24-25/dpt/cxredu11077.htm
2025-11-19 20:06:06,757 - INFO - 1 instances updated to ./data_container/25_11_19_20_02_55/24-25_cx_s_su819.htm.csv.
2025-11-19 20:06:06,956 - INFO - Visiting: http://www.drps.ed.ac.uk/24-25/dpt/cxredu11081.htm
2025-11-19 20:06:06,979 - INFO - 1 instances updated to ./data_container/25_11_19_20_02_55/24-25_cx_s_su819.htm.csv.
2025-11-19 20:06:07,199 - INFO - Visiting: http://www.drps.ed.ac.uk/24-25/dpt/cxredu11084.htm
2025-11-19 20:06:07,226 - INFO - 1 instances updated to ./data_container/25_11_19_20_02_55/24-25_cx_s_su819.htm.csv.
2025-11-19 20:06:07,446 - INFO - Visiting: http://www.drps.ed.ac.uk/24-25/dpt/cxredu11064.htm
2025-11-19 20:06:07,527 - INFO - 1 instances updated to ./data_container/25_11_19_20_02_55/24-25_cx_s_su819.htm.csv.
2025-11-19 20:06:07,758 - INFO - Visiting: http://www.drps.ed.ac.uk/24-25/dpt/cxredu11050.htm
2025-11-19 20:06:07,788 - INFO - 1 instances updated to ./data_container/25_11_19_20_02_55/24-25_cx_s_su819.htm.csv.
2025-11-19 20:06:08,008 - INFO - Visiting: http://www.drps.ed.ac.uk/24-25/dpt/cxredu11051.htm
2025-11-19 20:06:08,034 - INFO - 1 instances updated to ./data_container/25_11_19_20_02_55/24-25_cx_s_su819.htm.csv.
2025-11-19 20:06:08,201 - INFO - Visiting: http://www.drps.ed.ac.uk/24-25/dpt/cxredu11024.htm
2025-11-19 20:06:08,233 - INFO - 1 instances updated to ./data_container/25_11_19_20_02_55/24-25_cx_s_su819.htm.csv.
2025-11-19 20:06:08,446 - INFO - Visiting: http://www.drps.ed.ac.uk/24-25/dpt/cxredu11075.htm
2025-11-19 20:06:08,479 - INFO - 1 instances updated to ./data_container/25_11_19_20_02_55/24-25_cx_s_su819.htm.csv.
2025-11-19 20:06:08,679 - INFO - Visiting: http://www.drps.ed.ac.uk/24-25/dpt/cxredu11026.htm
2025-11-19 20:06:08,709 - INFO - 1 instances updated to ./data_container/25_11_19_20_02_55/24-25_cx_s_su819.htm.csv.
2025-11-19 20:06:08,921 - INFO - Visiting: http://www.drps.ed.ac.uk/24-25/dpt/cxredu11056.htm
2025-11-19 20:06:08,952 - INFO - 1 instances updated to ./data_container/25_11_19_20_02_55/24-25_cx_s_su819.htm.csv.
2025-11-19 20:06:09,157 - INFO - Visiting: http://www.drps.ed.ac.uk/24-25/dpt/cxredu11059.htm
2025-11-19 20:06:09,177 - INFO - 1 instances updated to ./data_container/25_11_19_20_02_55/24-25_cx_s_su819.htm.csv.
2025-11-19 20:06:09,396 - INFO - Visiting: http://www.drps.ed.ac.uk/24-25/dpt/cxredu11093.htm
2025-11-19 20:06:09,410 - INFO - 1 instances updated to ./data_container/25_11_19_20_02_55/24-25_cx_s_su819.htm.csv.
2025-11-19 20:06:09,634 - INFO - Visiting: http://www.drps.ed.ac.uk/24-25/dpt/cxredu11048.htm
2025-11-19 20:06:09,649 - INFO - 1 instances updated to ./data_container/25_11_19_20_02_55/24-25_cx_s_su819.htm.csv.
2025-11-19 20:06:09,835 - INFO - Visiting: http://www.drps.ed.ac.uk/24-25/dpt/cxredu11078.htm
2025-11-19 20:06:09,880 - INFO - 1 instances updated to ./data_container/25_11_19_20_02_55/24-25_cx_s_su819.htm.csv.
2025-11-19 20:06:10,021 - INFO - Visiting: http://www.drps.ed.ac.uk/24-25/dpt/cxredu11028.htm
2025-11-19 20:06:10,042 - INFO - 1 instances updated to ./data_container/25_11_19_20_02_55/24-25_cx_s_su819.htm.csv.
2025-11-19 20:06:10,227 - INFO - Visiting: http://www.drps.ed.ac.uk/24-25/dpt/cxredu11029.htm
2025-11-19 20:06:10,258 - INFO - 1 instances updated to ./data_container/25_11_19_20_02_55/24-25_cx_s_su819.htm.csv.
2025-11-19 20:06:10,446 - INFO - Visiting: http://www.drps.ed.ac.uk/24-25/dpt/cxredu11063.htm
2025-11-19 20:06:10,473 - INFO - 1 instances updated to ./data_container/25_11_19_20_02_55/24-25_cx_s_su819.htm.csv.
2025-11-19 20:06:10,672 - INFO - Visiting: http://www.drps.ed.ac.uk/24-25/dpt/cxredu11011.htm
2025-11-19 20:06:10,702 - INFO - 1 instances updated to ./data_container/25_11_19_20_02_55/24-25_cx_s_su819.htm.csv.
2025-11-19 20:06:10,898 - INFO - Visiting: http://www.drps.ed.ac.uk/24-25/dpt/cxredu11002.htm
2025-11-19 20:06:10,911 - INFO - 1 instances updated to ./data_container/25_11_19_20_02_55/24-25_cx_s_su819.htm.csv.
2025-11-19 20:06:11,127 - INFO - Visiting: http://www.drps.ed.ac.uk/24-25/dpt/cxredu11046.htm
2025-11-19 20:06:11,139 - INFO - 1 instances updated to ./data_container/25_11_19_20_02_55/24-25_cx_s_su819.htm.csv.
2025-11-19 20:06:11,316 - INFO - Visiting: http://www.drps.ed.ac.uk/24-25/dpt/cxredu11010.htm
2025-11-19 20:06:11,328 - INFO - 1 instances updated to ./data_container/25_11_19_20_02_55/24-25_cx_s_su819.htm.csv.
2025-11-19 20:06:11,506 - INFO - Visiting: http://www.drps.ed.ac.uk/24-25/dpt/cxredu12004.htm
2025-11-19 20:06:11,516 - INFO - 1 instances updated to ./data_container/25_11_19_20_02_55/24-25_cx_s_su819.htm.csv.
2025-11-19 20:06:11,688 - INFO - Visiting: http://www.drps.ed.ac.uk/24-25/dpt/cxredu12006.htm
2025-11-19 20:06:11,700 - INFO - 1 instances updated to ./data_container/25_11_19_20_02_55/24-25_cx_s_su819.htm.csv.
2025-11-19 20:06:11,878 - INFO - Visiting: http://www.drps.ed.ac.uk/24-25/dpt/cxredu12001.htm
2025-11-19 20:06:11,907 - INFO - 1 instances updated to ./data_container/25_11_19_20_02_55/24-25_cx_s_su819.htm.csv.
2025-11-19 20:06:12,111 - INFO - Visiting: http://www.drps.ed.ac.uk/24-25/dpt/cxredu12005.htm
2025-11-19 20:06:12,139 - INFO - 1 instances updated to ./data_container/25_11_19_20_02_55/24-25_cx_s_su819.htm.csv.
2025-11-19 20:06:12,357 - INFO - Visiting: http://www.drps.ed.ac.uk/24-25/dpt/cxredu12002.htm
2025-11-19 20:06:12,388 - INFO - 1 instances updated to ./data_container/25_11_19_20_02_55/24-25_cx_s_su819.htm.csv.
2025-11-19 20:06:12,388 - INFO - Mining for keywords Accessibility,Inclusive design,Disability rights,Adaptive tools is success.
2025-11-19 20:06:12,600 - INFO - Visiting: http://www.drps.ed.ac.uk/24-25/dpt/cx_sb_sprt.htm
2025-11-19 20:06:12,857 - INFO - Visiting: http://www.drps.ed.ac.uk/24-25/dpt/cxsprt08026.htm
2025-11-19 20:06:12,879 - INFO - 1 instances updated to ./data_container/25_11_19_20_02_55/24-25_cx_s_su819.htm.csv.
2025-11-19 20:06:12,974 - INFO - Visiting: http://www.drps.ed.ac.uk/24-25/dpt/cxsprt08032.htm
2025-11-19 20:06:12,989 - INFO - 1 instances updated to ./data_container/25_11_19_20_02_55/24-25_cx_s_su819.htm.csv.
2025-11-19 20:06:13,117 - INFO - Visiting: http://www.drps.ed.ac.uk/24-25/dpt/cxsprt08018.htm
2025-11-19 20:06:13,142 - INFO - 1 instances updated to ./data_container/25_11_19_20_02_55/24-25_cx_s_su819.htm.csv.
2025-11-19 20:06:13,310 - INFO - Visiting: http://www.drps.ed.ac.uk/24-25/dpt/cxsprt08030.htm
2025-11-19 20:06:13,340 - INFO - 1 instances updated to ./data_container/25_11_19_20_02_55/24-25_cx_s_su819.htm.csv.
2025-11-19 20:06:13,548 - INFO - Visiting: http://www.drps.ed.ac.uk/24-25/dpt/cxsprt08031.htm
2025-11-19 20:06:13,574 - INFO - 1 instances updated to ./data_container/25_11_19_20_02_55/24-25_cx_s_su819.htm.csv.
2025-11-19 20:06:13,675 - INFO - Visiting: http://www.drps.ed.ac.uk/24-25/dpt/cxsprt08029.htm
2025-11-19 20:06:13,705 - INFO - 1 instances updated to ./data_container/25_11_19_20_02_55/24-25_cx_s_su819.htm.csv.
2025-11-19 20:06:13,815 - INFO - Visiting: http://www.drps.ed.ac.uk/24-25/dpt/cxsprt08033.htm
2025-11-19 20:06:13,844 - INFO - 1 instances updated to ./data_container/25_11_19_20_02_55/24-25_cx_s_su819.htm.csv.
2025-11-19 20:06:13,954 - INFO - Visiting: http://www.drps.ed.ac.uk/24-25/dpt/cxsprt08021.htm
2025-11-19 20:06:13,980 - INFO - 1 instances updated to ./data_container/25_11_19_20_02_55/24-25_cx_s_su819.htm.csv.
2025-11-19 20:06:14,126 - INFO - Visiting: http://www.drps.ed.ac.uk/24-25/dpt/cxsprt08022.htm
2025-11-19 20:06:14,158 - INFO - 1 instances updated to ./data_container/25_11_19_20_02_55/24-25_cx_s_su819.htm.csv.
2025-11-19 20:06:14,380 - INFO - Visiting: http://www.drps.ed.ac.uk/24-25/dpt/cxsprt08019.htm
2025-11-19 20:06:14,414 - INFO - 1 instances updated to ./data_container/25_11_19_20_02_55/24-25_cx_s_su819.htm.csv.
2025-11-19 20:06:14,575 - INFO - Visiting: http://www.drps.ed.ac.uk/24-25/dpt/cxsprt08024.htm
2025-11-19 20:06:14,605 - INFO - 1 instances updated to ./data_container/25_11_19_20_02_55/24-25_cx_s_su819.htm.csv.
2025-11-19 20:06:14,753 - INFO - Visiting: http://www.drps.ed.ac.uk/24-25/dpt/cxsprt08020.htm
2025-11-19 20:06:14,785 - INFO - 1 instances updated to ./data_container/25_11_19_20_02_55/24-25_cx_s_su819.htm.csv.
2025-11-19 20:06:14,951 - INFO - Visiting: http://www.drps.ed.ac.uk/24-25/dpt/cxsprt08023.htm
2025-11-19 20:06:14,980 - INFO - 1 instances updated to ./data_container/25_11_19_20_02_55/24-25_cx_s_su819.htm.csv.
2025-11-19 20:06:15,177 - INFO - Visiting: http://www.drps.ed.ac.uk/24-25/dpt/cxsprt08001.htm
2025-11-19 20:06:15,203 - INFO - 1 instances updated to ./data_container/25_11_19_20_02_55/24-25_cx_s_su819.htm.csv.
2025-11-19 20:06:15,365 - INFO - Visiting: http://www.drps.ed.ac.uk/24-25/dpt/cxsprt08016.htm
2025-11-19 20:06:15,392 - INFO - 1 instances updated to ./data_container/25_11_19_20_02_55/24-25_cx_s_su819.htm.csv.
2025-11-19 20:06:15,543 - INFO - Visiting: http://www.drps.ed.ac.uk/24-25/dpt/cxsprt08014.htm
2025-11-19 20:06:15,572 - INFO - 1 instances updated to ./data_container/25_11_19_20_02_55/24-25_cx_s_su819.htm.csv.
2025-11-19 20:06:15,776 - INFO - Visiting: http://www.drps.ed.ac.uk/24-25/dpt/cxsprt08012.htm
2025-11-19 20:06:15,805 - INFO - 1 instances updated to ./data_container/25_11_19_20_02_55/24-25_cx_s_su819.htm.csv.
2025-11-19 20:06:15,941 - INFO - Visiting: http://www.drps.ed.ac.uk/24-25/dpt/cxsprt08028.htm
2025-11-19 20:06:16,013 - INFO - 1 instances updated to ./data_container/25_11_19_20_02_55/24-25_cx_s_su819.htm.csv.
2025-11-19 20:06:16,185 - INFO - Visiting: http://www.drps.ed.ac.uk/24-25/dpt/cxsprt08017.htm
2025-11-19 20:06:16,215 - INFO - 1 instances updated to ./data_container/25_11_19_20_02_55/24-25_cx_s_su819.htm.csv.
2025-11-19 20:06:16,367 - INFO - Visiting: http://www.drps.ed.ac.uk/24-25/dpt/cxsprt08027.htm
2025-11-19 20:06:16,398 - INFO - 1 instances updated to ./data_container/25_11_19_20_02_55/24-25_cx_s_su819.htm.csv.
2025-11-19 20:06:16,520 - INFO - Visiting: http://www.drps.ed.ac.uk/24-25/dpt/cxsprt08025.htm
2025-11-19 20:06:16,533 - INFO - 1 instances updated to ./data_container/25_11_19_20_02_55/24-25_cx_s_su819.htm.csv.
2025-11-19 20:06:16,727 - INFO - Visiting: http://www.drps.ed.ac.uk/24-25/dpt/cxsprt10037.htm
2025-11-19 20:06:16,765 - INFO - 1 instances updated to ./data_container/25_11_19_20_02_55/24-25_cx_s_su819.htm.csv.
2025-11-19 20:06:16,948 - INFO - Visiting: http://www.drps.ed.ac.uk/24-25/dpt/cxsprt10064.htm
2025-11-19 20:06:16,980 - INFO - 1 instances updated to ./data_container/25_11_19_20_02_55/24-25_cx_s_su819.htm.csv.
2025-11-19 20:06:17,189 - INFO - Visiting: http://www.drps.ed.ac.uk/24-25/dpt/cxsprt10059.htm
2025-11-19 20:06:17,221 - INFO - 1 instances updated to ./data_container/25_11_19_20_02_55/24-25_cx_s_su819.htm.csv.
2025-11-19 20:06:17,419 - INFO - Visiting: http://www.drps.ed.ac.uk/24-25/dpt/cxsprt10024.htm
2025-11-19 20:06:17,448 - INFO - 1 instances updated to ./data_container/25_11_19_20_02_55/24-25_cx_s_su819.htm.csv.
2025-11-19 20:06:17,594 - INFO - Visiting: http://www.drps.ed.ac.uk/24-25/dpt/cxsprt10025.htm
2025-11-19 20:06:17,629 - INFO - 1 instances updated to ./data_container/25_11_19_20_02_55/24-25_cx_s_su819.htm.csv.
2025-11-19 20:06:17,835 - INFO - Visiting: http://www.drps.ed.ac.uk/24-25/dpt/cxsprt10048.htm
2025-11-19 20:06:17,861 - INFO - 1 instances updated to ./data_container/25_11_19_20_02_55/24-25_cx_s_su819.htm.csv.
2025-11-19 20:06:18,053 - INFO - Visiting: http://www.drps.ed.ac.uk/24-25/dpt/cxsprt10029.htm
2025-11-19 20:06:18,088 - INFO - 1 instances updated to ./data_container/25_11_19_20_02_55/24-25_cx_s_su819.htm.csv.
2025-11-19 20:06:18,267 - INFO - Visiting: http://www.drps.ed.ac.uk/24-25/dpt/cxsprt10054.htm
2025-11-19 20:06:18,306 - INFO - 1 instances updated to ./data_container/25_11_19_20_02_55/24-25_cx_s_su819.htm.csv.
2025-11-19 20:06:18,488 - INFO - Visiting: http://www.drps.ed.ac.uk/24-25/dpt/cxsprt10053.htm
2025-11-19 20:06:18,526 - INFO - 1 instances updated to ./data_container/25_11_19_20_02_55/24-25_cx_s_su819.htm.csv.
2025-11-19 20:06:18,734 - INFO - Visiting: http://www.drps.ed.ac.uk/24-25/dpt/cxsprt10003.htm
2025-11-19 20:06:18,770 - INFO - 1 instances updated to ./data_container/25_11_19_20_02_55/24-25_cx_s_su819.htm.csv.
2025-11-19 20:06:18,978 - INFO - Visiting: http://www.drps.ed.ac.uk/24-25/dpt/cxsprt10004.htm
2025-11-19 20:06:18,994 - INFO - 1 instances updated to ./data_container/25_11_19_20_02_55/24-25_cx_s_su819.htm.csv.
2025-11-19 20:06:19,231 - INFO - Visiting: http://www.drps.ed.ac.uk/24-25/dpt/cxsprt10046.htm
2025-11-19 20:06:19,264 - INFO - 1 instances updated to ./data_container/25_11_19_20_02_55/24-25_cx_s_su819.htm.csv.
2025-11-19 20:06:19,479 - INFO - Visiting: http://www.drps.ed.ac.uk/24-25/dpt/cxsprt10020.htm
2025-11-19 20:06:19,515 - INFO - 1 instances updated to ./data_container/25_11_19_20_02_55/24-25_cx_s_su819.htm.csv.
2025-11-19 20:06:19,717 - INFO - Visiting: http://www.drps.ed.ac.uk/24-25/dpt/cxsprt10056.htm
2025-11-19 20:06:19,740 - INFO - 1 instances updated to ./data_container/25_11_19_20_02_55/24-25_cx_s_su819.htm.csv.
2025-11-19 20:06:19,979 - INFO - Visiting: http://www.drps.ed.ac.uk/24-25/dpt/cxsprt10062.htm
2025-11-19 20:06:20,012 - INFO - 1 instances updated to ./data_container/25_11_19_20_02_55/24-25_cx_s_su819.htm.csv.
2025-11-19 20:06:20,154 - INFO - Visiting: http://www.drps.ed.ac.uk/24-25/dpt/cxsprt10065.htm
2025-11-19 20:06:20,186 - INFO - 1 instances updated to ./data_container/25_11_19_20_02_55/24-25_cx_s_su819.htm.csv.
2025-11-19 20:06:20,386 - INFO - Visiting: http://www.drps.ed.ac.uk/24-25/dpt/cxsprt10033.htm
2025-11-19 20:06:20,403 - INFO - 1 instances updated to ./data_container/25_11_19_20_02_55/24-25_cx_s_su819.htm.csv.
2025-11-19 20:06:20,501 - INFO - Visiting: http://www.drps.ed.ac.uk/24-25/dpt/cxsprt10032.htm
2025-11-19 20:06:20,523 - INFO - 1 instances updated to ./data_container/25_11_19_20_02_55/24-25_cx_s_su819.htm.csv.
2025-11-19 20:06:20,627 - INFO - Visiting: http://www.drps.ed.ac.uk/24-25/dpt/cxsprt10052.htm
2025-11-19 20:06:20,658 - INFO - 1 instances updated to ./data_container/25_11_19_20_02_55/24-25_cx_s_su819.htm.csv.
2025-11-19 20:06:20,869 - INFO - Visiting: http://www.drps.ed.ac.uk/24-25/dpt/cxsprt10050.htm
2025-11-19 20:06:20,908 - INFO - 1 instances updated to ./data_container/25_11_19_20_02_55/24-25_cx_s_su819.htm.csv.
2025-11-19 20:06:21,139 - INFO - Visiting: http://www.drps.ed.ac.uk/24-25/dpt/cxsprt10049.htm
2025-11-19 20:06:21,175 - INFO - 1 instances updated to ./data_container/25_11_19_20_02_55/24-25_cx_s_su819.htm.csv.
2025-11-19 20:06:21,356 - INFO - Visiting: http://www.drps.ed.ac.uk/24-25/dpt/cxsprt10051.htm
2025-11-19 20:06:21,381 - INFO - 1 instances updated to ./data_container/25_11_19_20_02_55/24-25_cx_s_su819.htm.csv.
2025-11-19 20:06:21,557 - INFO - Visiting: http://www.drps.ed.ac.uk/24-25/dpt/cxsprt10047.htm
2025-11-19 20:06:21,592 - INFO - 1 instances updated to ./data_container/25_11_19_20_02_55/24-25_cx_s_su819.htm.csv.
2025-11-19 20:06:21,724 - INFO - Visiting: http://www.drps.ed.ac.uk/24-25/dpt/cxsprt10027.htm
2025-11-19 20:06:21,760 - INFO - 1 instances updated to ./data_container/25_11_19_20_02_55/24-25_cx_s_su819.htm.csv.
2025-11-19 20:06:21,939 - INFO - Visiting: http://www.drps.ed.ac.uk/24-25/dpt/cxsprt10005.htm
2025-11-19 20:06:21,975 - INFO - 1 instances updated to ./data_container/25_11_19_20_02_55/24-25_cx_s_su819.htm.csv.
2025-11-19 20:06:22,150 - INFO - Visiting: http://www.drps.ed.ac.uk/24-25/dpt/cxsprt10006.htm
2025-11-19 20:06:22,189 - INFO - 1 instances updated to ./data_container/25_11_19_20_02_55/24-25_cx_s_su819.htm.csv.
2025-11-19 20:06:22,397 - INFO - Visiting: http://www.drps.ed.ac.uk/24-25/dpt/cxsprt10038.htm
2025-11-19 20:06:22,436 - INFO - 1 instances updated to ./data_container/25_11_19_20_02_55/24-25_cx_s_su819.htm.csv.
2025-11-19 20:06:22,636 - INFO - Visiting: http://www.drps.ed.ac.uk/24-25/dpt/cxsprt10060.htm
2025-11-19 20:06:22,664 - INFO - 1 instances updated to ./data_container/25_11_19_20_02_55/24-25_cx_s_su819.htm.csv.
2025-11-19 20:06:22,871 - INFO - Visiting: http://www.drps.ed.ac.uk/24-25/dpt/cxsprt10057.htm
2025-11-19 20:06:22,906 - INFO - 1 instances updated to ./data_container/25_11_19_20_02_55/24-25_cx_s_su819.htm.csv.
2025-11-19 20:06:23,015 - INFO - Visiting: http://www.drps.ed.ac.uk/24-25/dpt/cxsprt10058.htm
2025-11-19 20:06:23,052 - INFO - 1 instances updated to ./data_container/25_11_19_20_02_55/24-25_cx_s_su819.htm.csv.
2025-11-19 20:06:23,188 - INFO - Visiting: http://www.drps.ed.ac.uk/24-25/dpt/cxsprt10061.htm
2025-11-19 20:06:23,222 - INFO - 1 instances updated to ./data_container/25_11_19_20_02_55/24-25_cx_s_su819.htm.csv.
2025-11-19 20:06:23,415 - INFO - Visiting: http://www.drps.ed.ac.uk/24-25/dpt/cxsprt10021.htm
2025-11-19 20:06:23,453 - INFO - 1 instances updated to ./data_container/25_11_19_20_02_55/24-25_cx_s_su819.htm.csv.
2025-11-19 20:06:23,645 - INFO - Visiting: http://www.drps.ed.ac.uk/24-25/dpt/cxsprt10067.htm
2025-11-19 20:06:23,671 - INFO - 1 instances updated to ./data_container/25_11_19_20_02_55/24-25_cx_s_su819.htm.csv.
2025-11-19 20:06:23,851 - INFO - Visiting: http://www.drps.ed.ac.uk/24-25/dpt/cxsprt10055.htm
2025-11-19 20:06:23,890 - INFO - 1 instances updated to ./data_container/25_11_19_20_02_55/24-25_cx_s_su819.htm.csv.
2025-11-19 20:06:24,086 - INFO - Visiting: http://www.drps.ed.ac.uk/24-25/dpt/cxsprt10030.htm
2025-11-19 20:06:24,124 - INFO - 1 instances updated to ./data_container/25_11_19_20_02_55/24-25_cx_s_su819.htm.csv.
2025-11-19 20:06:24,322 - INFO - Visiting: http://www.drps.ed.ac.uk/24-25/dpt/cxsprt10012.htm
2025-11-19 20:06:24,360 - INFO - 1 instances updated to ./data_container/25_11_19_20_02_55/24-25_cx_s_su819.htm.csv.
2025-11-19 20:06:24,588 - INFO - Visiting: http://www.drps.ed.ac.uk/24-25/dpt/cxsprt10034.htm
2025-11-19 20:06:24,605 - INFO - 1 instances updated to ./data_container/25_11_19_20_02_55/24-25_cx_s_su819.htm.csv.
2025-11-19 20:06:24,883 - INFO - Visiting: http://www.drps.ed.ac.uk/24-25/dpt/cxsprt10034.htm
2025-11-19 20:06:24,931 - INFO - 1 instances updated to ./data_container/25_11_19_20_02_55/24-25_cx_s_su819.htm.csv.
2025-11-19 20:06:25,079 - INFO - Visiting: http://www.drps.ed.ac.uk/24-25/dpt/cxsprt10034.htm
2025-11-19 20:06:25,106 - INFO - 1 instances updated to ./data_container/25_11_19_20_02_55/24-25_cx_s_su819.htm.csv.
2025-11-19 20:06:25,274 - INFO - Visiting: http://www.drps.ed.ac.uk/24-25/dpt/cxsprt10031.htm
2025-11-19 20:06:25,291 - INFO - 1 instances updated to ./data_container/25_11_19_20_02_55/24-25_cx_s_su819.htm.csv.
2025-11-19 20:06:25,457 - INFO - Visiting: http://www.drps.ed.ac.uk/24-25/dpt/cxsprt10063.htm
2025-11-19 20:06:25,474 - INFO - 1 instances updated to ./data_container/25_11_19_20_02_55/24-25_cx_s_su819.htm.csv.
2025-11-19 20:06:25,712 - INFO - Visiting: http://www.drps.ed.ac.uk/24-25/dpt/cxsprt10035.htm
2025-11-19 20:06:25,727 - INFO - 1 instances updated to ./data_container/25_11_19_20_02_55/24-25_cx_s_su819.htm.csv.
2025-11-19 20:06:25,910 - INFO - Visiting: http://www.drps.ed.ac.uk/24-25/dpt/cxsprt10066.htm
2025-11-19 20:06:25,935 - INFO - 1 instances updated to ./data_container/25_11_19_20_02_55/24-25_cx_s_su819.htm.csv.
2025-11-19 20:06:26,062 - INFO - Visiting: http://www.drps.ed.ac.uk/24-25/dpt/cxsprt11014.htm
2025-11-19 20:06:26,095 - INFO - 1 instances updated to ./data_container/25_11_19_20_02_55/24-25_cx_s_su819.htm.csv.
2025-11-19 20:06:26,231 - INFO - Visiting: http://www.drps.ed.ac.uk/24-25/dpt/cxsprt11017.htm
2025-11-19 20:06:26,270 - INFO - 1 instances updated to ./data_container/25_11_19_20_02_55/24-25_cx_s_su819.htm.csv.
2025-11-19 20:06:26,519 - INFO - Visiting: http://www.drps.ed.ac.uk/24-25/dpt/cxsprt11015.htm
2025-11-19 20:06:26,558 - INFO - 1 instances updated to ./data_container/25_11_19_20_02_55/24-25_cx_s_su819.htm.csv.
2025-11-19 20:06:26,755 - INFO - Visiting: http://www.drps.ed.ac.uk/24-25/dpt/cxsprt11006.htm
2025-11-19 20:06:26,779 - INFO - 1 instances updated to ./data_container/25_11_19_20_02_55/24-25_cx_s_su819.htm.csv.
2025-11-19 20:06:26,948 - INFO - Visiting: http://www.drps.ed.ac.uk/24-25/dpt/cxsprt11011.htm
2025-11-19 20:06:26,981 - INFO - 1 instances updated to ./data_container/25_11_19_20_02_55/24-25_cx_s_su819.htm.csv.
2025-11-19 20:06:27,204 - INFO - Visiting: http://www.drps.ed.ac.uk/24-25/dpt/cxsprt11012.htm
2025-11-19 20:06:27,241 - INFO - 1 instances updated to ./data_container/25_11_19_20_02_55/24-25_cx_s_su819.htm.csv.
2025-11-19 20:06:27,487 - INFO - Visiting: http://www.drps.ed.ac.uk/24-25/dpt/cxsprt11016.htm
2025-11-19 20:06:27,524 - INFO - 1 instances updated to ./data_container/25_11_19_20_02_55/24-25_cx_s_su819.htm.csv.
2025-11-19 20:06:27,703 - INFO - Visiting: http://www.drps.ed.ac.uk/24-25/dpt/cxsprt11013.htm
2025-11-19 20:06:27,720 - INFO - 1 instances updated to ./data_container/25_11_19_20_02_55/24-25_cx_s_su819.htm.csv.
2025-11-19 20:06:27,721 - INFO - Mining for keywords Accessibility,Inclusive design,Disability rights,Adaptive tools is success.
025-11-19 20:05:25,578 - INFO - 1 instances updated to ./data_container/25_11_19_20_02_55/24-25_cx_s_su819.htm.csv.
2025-11-19 20:05:25,760 - INFO - Visiting: http://www.drps.ed.ac.uk/24-25/dpt/cxedua11375.htm
2025-11-19 20:05:25,809 - INFO - 1 instances updated to ./data_container/25_11_19_20_02_55/24-25_cx_s_su819.htm.csv.
2025-11-19 20:05:25,953 - INFO - Visiting: http://www.drps.ed.ac.uk/24-25/dpt/cxedua11384.htm
2025-11-19 20:05:26,006 - INFO - 1 instances updated to ./data_container/25_11_19_20_02_55/24-25_cx_s_su819.htm.csv.
2025-11-19 20:05:26,121 - INFO - Visiting: http://www.drps.ed.ac.uk/24-25/dpt/cxedua11352.htm
2025-11-19 20:05:26,168 - INFO - 1 instances updated to ./data_container/25_11_19_20_02_55/24-25_cx_s_su819.htm.csv.
2025-11-19 20:05:26,336 - INFO - Visiting: http://www.drps.ed.ac.uk/24-25/dpt/cxedua11345.htm
2025-11-19 20:05:26,384 - INFO - 1 instances updated to ./data_container/25_11_19_20_02_55/24-25_cx_s_su819.htm.csv.
2025-11-19 20:05:26,564 - INFO - Visiting: http://www.drps.ed.ac.uk/24-25/dpt/cxedua11343.htm
2025-11-19 20:05:26,613 - INFO - 1 instances updated to ./data_container/25_11_19_20_02_55/24-25_cx_s_su819.htm.csv.
2025-11-19 20:05:26,803 - INFO - Visiting: http://www.drps.ed.ac.uk/24-25/dpt/cxedua11186.htm
2025-11-19 20:05:26,856 - INFO - 1 instances updated to ./data_container/25_11_19_20_02_55/24-25_cx_s_su819.htm.csv.
2025-11-19 20:05:26,958 - INFO - Visiting: http://www.drps.ed.ac.uk/24-25/dpt/cxedua11389.htm
2025-11-19 20:05:26,996 - INFO - 1 instances updated to ./data_container/25_11_19_20_02_55/24-25_cx_s_su819.htm.csv.
2025-11-19 20:05:27,187 - INFO - Visiting: http://www.drps.ed.ac.uk/24-25/dpt/cxedua11294.htm
2025-11-19 20:05:27,234 - INFO - 1 instances updated to ./data_container/25_11_19_20_02_55/24-25_cx_s_su819.htm.csv.
2025-11-19 20:05:27,411 - INFO - Visiting: http://www.drps.ed.ac.uk/24-25/dpt/cxedua11320.htm
2025-11-19 20:05:27,442 - INFO - 1 instances updated to ./data_container/25_11_19_20_02_55/24-25_cx_s_su819.htm.csv.
2025-11-19 20:05:27,650 - INFO - Visiting: http://www.drps.ed.ac.uk/24-25/dpt/cxedua11448.htm
2025-11-19 20:05:27,692 - INFO - 1 instances updated to ./data_container/25_11_19_20_02_55/24-25_cx_s_su819.htm.csv.
2025-11-19 20:05:27,897 - INFO - Visiting: http://www.drps.ed.ac.uk/24-25/dpt/cxedua11321.htm
2025-11-19 20:05:27,935 - INFO - 1 instances updated to ./data_container/25_11_19_20_02_55/24-25_cx_s_su819.htm.csv.
2025-11-19 20:05:28,143 - INFO - Visiting: http://www.drps.ed.ac.uk/24-25/dpt/cxedua11214.htm
2025-11-19 20:05:28,230 - INFO - 1 instances updated to ./data_container/25_11_19_20_02_55/24-25_cx_s_su819.htm.csv.
2025-11-19 20:05:28,421 - INFO - Visiting: http://www.drps.ed.ac.uk/24-25/dpt/cxedua11427.htm
2025-11-19 20:05:28,462 - INFO - 1 instances updated to ./data_container/25_11_19_20_02_55/24-25_cx_s_su819.htm.csv.
2025-11-19 20:05:28,647 - INFO - Visiting: http://www.drps.ed.ac.uk/24-25/dpt/cxedua11441.htm
2025-11-19 20:05:28,699 - INFO - 1 instances updated to ./data_container/25_11_19_20_02_55/24-25_cx_s_su819.htm.csv.
2025-11-19 20:05:28,891 - INFO - Visiting: http://www.drps.ed.ac.uk/24-25/dpt/cxedua11302.htm
2025-11-19 20:05:28,939 - INFO - 1 instances updated to ./data_container/25_11_19_20_02_55/24-25_cx_s_su819.htm.csv.
2025-11-19 20:05:29,181 - INFO - Visiting: http://www.drps.ed.ac.uk/24-25/dpt/cxedua11039.htm
2025-11-19 20:05:29,238 - INFO - 1 instances updated to ./data_container/25_11_19_20_02_55/24-25_cx_s_su819.htm.csv.
2025-11-19 20:05:29,458 - INFO - Visiting: http://www.drps.ed.ac.uk/24-25/dpt/cxedua11120.htm
2025-11-19 20:05:29,511 - INFO - 1 instances updated to ./data_container/25_11_19_20_02_55/24-25_cx_s_su819.htm.csv.
2025-11-19 20:05:29,658 - INFO - Visiting: http://www.drps.ed.ac.uk/24-25/dpt/cxedua11318.htm
2025-11-19 20:05:29,698 - INFO - 1 instances updated to ./data_container/25_11_19_20_02_55/24-25_cx_s_su819.htm.csv.
2025-11-19 20:05:29,895 - INFO - Visiting: http://www.drps.ed.ac.uk/24-25/dpt/cxedua11400.htm
2025-11-19 20:05:29,932 - INFO - 1 instances updated to ./data_container/25_11_19_20_02_55/24-25_cx_s_su819.htm.csv.
2025-11-19 20:05:30,129 - INFO - Visiting: http://www.drps.ed.ac.uk/24-25/dpt/cxedua11187.htm
2025-11-19 20:05:30,181 - INFO - 1 instances updated to ./data_container/25_11_19_20_02_55/24-25_cx_s_su819.htm.csv.
2025-11-19 20:05:30,377 - INFO - Visiting: http://www.drps.ed.ac.uk/24-25/dpt/cxedua11425.htm
2025-11-19 20:05:30,433 - INFO - 1 instances updated to ./data_container/25_11_19_20_02_55/24-25_cx_s_su819.htm.csv.
2025-11-19 20:05:30,606 - INFO - Visiting: http://www.drps.ed.ac.uk/24-25/dpt/cxedua11322.htm
2025-11-19 20:05:30,648 - INFO - 1 instances updated to ./data_container/25_11_19_20_02_55/24-25_cx_s_su819.htm.csv.
2025-11-19 20:05:30,847 - INFO - Visiting: http://www.drps.ed.ac.uk/24-25/dpt/cxedua11236.htm
2025-11-19 20:05:30,895 - INFO - 1 instances updated to ./data_container/25_11_19_20_02_55/24-25_cx_s_su819.htm.csv.
2025-11-19 20:05:30,994 - INFO - Visiting: http://www.drps.ed.ac.uk/24-25/dpt/cxedua11215.htm
2025-11-19 20:05:31,038 - INFO - 1 instances updated to ./data_container/25_11_19_20_02_55/24-25_cx_s_su819.htm.csv.
2025-11-19 20:05:31,210 - INFO - Visiting: http://www.drps.ed.ac.uk/24-25/dpt/cxedua11450.htm
2025-11-19 20:05:31,256 - INFO - 1 instances updated to ./data_container/25_11_19_20_02_55/24-25_cx_s_su819.htm.csv.
2025-11-19 20:05:31,370 - INFO - Visiting: http://www.drps.ed.ac.uk/24-25/dpt/cxedua11456.htm
2025-11-19 20:05:31,408 - INFO - 1 instances updated to ./data_container/25_11_19_20_02_55/24-25_cx_s_su819.htm.csv.
2025-11-19 20:05:31,607 - INFO - Visiting: http://www.drps.ed.ac.uk/24-25/dpt/cxedua11333.htm
2025-11-19 20:05:31,646 - INFO - 1 instances updated to ./data_container/25_11_19_20_02_55/24-25_cx_s_su819.htm.csv.
2025-11-19 20:05:31,828 - INFO - Visiting: http://www.drps.ed.ac.uk/24-25/dpt/cxedua11317.htm
2025-11-19 20:05:31,870 - INFO - 1 instances updated to ./data_container/25_11_19_20_02_55/24-25_cx_s_su819.htm.csv.
2025-11-19 20:05:31,982 - INFO - Visiting: http://www.drps.ed.ac.uk/24-25/dpt/cxedua11414.htm
2025-11-19 20:05:32,021 - INFO - 1 instances updated to ./data_container/25_11_19_20_02_55/24-25_cx_s_su819.htm.csv.
2025-11-19 20:05:32,228 - INFO - Visiting: http://www.drps.ed.ac.uk/24-25/dpt/cxedua11255.htm
2025-11-19 20:05:32,279 - INFO - 1 instances updated to ./data_container/25_11_19_20_02_55/24-25_cx_s_su819.htm.csv.
2025-11-19 20:05:32,447 - INFO - Visiting: http://www.drps.ed.ac.uk/24-25/dpt/cxedua11303.htm
2025-11-19 20:05:32,498 - INFO - 1 instances updated to ./data_container/25_11_19_20_02_55/24-25_cx_s_su819.htm.csv.
2025-11-19 20:05:32,687 - INFO - Visiting: http://www.drps.ed.ac.uk/24-25/dpt/cxedua11353.htm
2025-11-19 20:05:32,732 - INFO - 1 instances updated to ./data_container/25_11_19_20_02_55/24-25_cx_s_su819.htm.csv.
2025-11-19 20:05:32,939 - INFO - Visiting: http://www.drps.ed.ac.uk/24-25/dpt/cxedua11446.htm
2025-11-19 20:05:32,990 - INFO - 1 instances updated to ./data_container/25_11_19_20_02_55/24-25_cx_s_su819.htm.csv.
2025-11-19 20:05:33,192 - INFO - Visiting: http://www.drps.ed.ac.uk/24-25/dpt/cxedua11388.htm
2025-11-19 20:05:33,242 - INFO - 1 instances updated to ./data_container/25_11_19_20_02_55/24-25_cx_s_su819.htm.csv.
2025-11-19 20:05:33,408 - INFO - Visiting: http://www.drps.ed.ac.uk/24-25/dpt/cxedua11314.htm
2025-11-19 20:05:33,450 - INFO - 1 instances updated to ./data_container/25_11_19_20_02_55/24-25_cx_s_su819.htm.csv.
2025-11-19 20:05:33,661 - INFO - Visiting: http://www.drps.ed.ac.uk/24-25/dpt/cxedua11404.htm
2025-11-19 20:05:33,717 - INFO - 1 instances updated to ./data_container/25_11_19_20_02_55/24-25_cx_s_su819.htm.csv.
2025-11-19 20:05:33,909 - INFO - Visiting: http://www.drps.ed.ac.uk/24-25/dpt/cxedua11259.htm
2025-11-19 20:05:33,963 - INFO - 1 instances updated to ./data_container/25_11_19_20_02_55/24-25_cx_s_su819.htm.csv.
2025-11-19 20:05:34,161 - INFO - Visiting: http://www.drps.ed.ac.uk/24-25/dpt/cxedua11408.htm
2025-11-19 20:05:34,221 - INFO - 1 instances updated to ./data_container/25_11_19_20_02_55/24-25_cx_s_su819.htm.csv.
2025-11-19 20:05:34,491 - INFO - Visiting: http://www.drps.ed.ac.uk/24-25/dpt/cxedua11305.htm
2025-11-19 20:05:34,549 - INFO - 1 instances updated to ./data_container/25_11_19_20_02_55/24-25_cx_s_su819.htm.csv.
2025-11-19 20:05:34,789 - INFO - Visiting: http://www.drps.ed.ac.uk/24-25/dpt/cxedua11434.htm
2025-11-19 20:05:34,844 - INFO - 1 instances updated to ./data_container/25_11_19_20_02_55/24-25_cx_s_su819.htm.csv.
2025-11-19 20:05:35,009 - INFO - Visiting: http://www.drps.ed.ac.uk/24-25/dpt/cxedua11418.htm
2025-11-19 20:05:35,048 - INFO - 1 instances updated to ./data_container/25_11_19_20_02_55/24-25_cx_s_su819.htm.csv.
2025-11-19 20:05:35,271 - INFO - Visiting: http://www.drps.ed.ac.uk/24-25/dpt/cxedua11169.htm
2025-11-19 20:05:35,326 - INFO - 1 instances updated to ./data_container/25_11_19_20_02_55/24-25_cx_s_su819.htm.csv.
2025-11-19 20:05:35,519 - INFO - Visiting: http://www.drps.ed.ac.uk/24-25/dpt/cxedua11244.htm
2025-11-19 20:05:35,548 - INFO - 1 instances updated to ./data_container/25_11_19_20_02_55/24-25_cx_s_su819.htm.csv.
2025-11-19 20:05:35,736 - INFO - Visiting: http://www.drps.ed.ac.uk/24-25/dpt/cxedua11399.htm
2025-11-19 20:05:35,778 - INFO - 1 instances updated to ./data_container/25_11_19_20_02_55/24-25_cx_s_su819.htm.csv.
2025-11-19 20:05:35,979 - INFO - Visiting: http://www.drps.ed.ac.uk/24-25/dpt/cxedua11342.htm
2025-11-19 20:05:36,029 - INFO - 1 instances updated to ./data_container/25_11_19_20_02_55/24-25_cx_s_su819.htm.csv.
2025-11-19 20:05:36,269 - INFO - Visiting: http://www.drps.ed.ac.uk/24-25/dpt/cxedua11410.htm
2025-11-19 20:05:36,325 - INFO - 1 instances updated to ./data_container/25_11_19_20_02_55/24-25_cx_s_su819.htm.csv.
2025-11-19 20:05:36,443 - INFO - Visiting: http://www.drps.ed.ac.uk/24-25/dpt/cxedua11152.htm
2025-11-19 20:05:36,492 - INFO - 1 instances updated to ./data_container/25_11_19_20_02_55/24-25_cx_s_su819.htm.csv.
2025-11-19 20:05:36,673 - INFO - Visiting: http://www.drps.ed.ac.uk/24-25/dpt/cxedua11428.htm
2025-11-19 20:05:36,731 - INFO - 1 instances updated to ./data_container/25_11_19_20_02_55/24-25_cx_s_su819.htm.csv.
2025-11-19 20:05:36,921 - INFO - Visiting: http://www.drps.ed.ac.uk/24-25/dpt/cxedua11445.htm
2025-11-19 20:05:36,952 - INFO - 1 instances updated to ./data_container/25_11_19_20_02_55/24-25_cx_s_su819.htm.csv.
2025-11-19 20:05:37,154 - INFO - Visiting: http://www.drps.ed.ac.uk/24-25/dpt/cxedua11011.htm
2025-11-19 20:05:37,185 - INFO - 1 instances updated to ./data_container/25_11_19_20_02_55/24-25_cx_s_su819.htm.csv.
2025-11-19 20:05:37,403 - INFO - Visiting: http://www.drps.ed.ac.uk/24-25/dpt/cxedua11119.htm
2025-11-19 20:05:37,456 - INFO - 1 instances updated to ./data_container/25_11_19_20_02_55/24-25_cx_s_su819.htm.csv.
2025-11-19 20:05:37,639 - INFO - Visiting: http://www.drps.ed.ac.uk/24-25/dpt/cxedua11437.htm
2025-11-19 20:05:37,694 - INFO - 1 instances updated to ./data_container/25_11_19_20_02_55/24-25_cx_s_su819.htm.csv.
2025-11-19 20:05:37,865 - INFO - Visiting: http://www.drps.ed.ac.uk/24-25/dpt/cxedua11436.htm
2025-11-19 20:05:37,918 - INFO - 1 instances updated to ./data_container/25_11_19_20_02_55/24-25_cx_s_su819.htm.csv.
2025-11-19 20:05:38,110 - INFO - Visiting: http://www.drps.ed.ac.uk/24-25/dpt/cxedua11316.htm
2025-11-19 20:05:38,200 - INFO - 1 instances updated to ./data_container/25_11_19_20_02_55/24-25_cx_s_su819.htm.csv.
2025-11-19 20:05:38,385 - INFO - Visiting: http://www.drps.ed.ac.uk/24-25/dpt/cxedua11282.htm
2025-11-19 20:05:38,438 - INFO - 1 instances updated to ./data_container/25_11_19_20_02_55/24-25_cx_s_su819.htm.csv.
2025-11-19 20:05:38,628 - INFO - Visiting: http://www.drps.ed.ac.uk/24-25/dpt/cxedua11407.htm
2025-11-19 20:05:38,682 - INFO - 1 instances updated to ./data_container/25_11_19_20_02_55/24-25_cx_s_su819.htm.csv.
2025-11-19 20:05:38,870 - INFO - Visiting: http://www.drps.ed.ac.uk/24-25/dpt/cxedua11247.htm
2025-11-19 20:05:38,928 - INFO - 1 instances updated to ./data_container/25_11_19_20_02_55/24-25_cx_s_su819.htm.csv.
2025-11-19 20:05:39,016 - INFO - Visiting: http://www.drps.ed.ac.uk/24-25/dpt/cxedua11283.htm
2025-11-19 20:05:39,053 - INFO - 1 instances updated to ./data_container/25_11_19_20_02_55/24-25_cx_s_su819.htm.csv.
2025-11-19 20:05:39,221 - INFO - Visiting: http://www.drps.ed.ac.uk/24-25/dpt/cxedua11415.htm
2025-11-19 20:05:39,271 - INFO - 1 instances updated to ./data_container/25_11_19_20_02_55/24-25_cx_s_su819.htm.csv.
2025-11-19 20:05:39,445 - INFO - Visiting: http://www.drps.ed.ac.uk/24-25/dpt/cxedua11045.htm
2025-11-19 20:05:39,499 - INFO - 1 instances updated to ./data_container/25_11_19_20_02_55/24-25_cx_s_su819.htm.csv.
2025-11-19 20:05:39,677 - INFO - Visiting: http://www.drps.ed.ac.uk/24-25/dpt/cxedua11240.htm
2025-11-19 20:05:39,738 - INFO - 1 instances updated to ./data_container/25_11_19_20_02_55/24-25_cx_s_su819.htm.csv.
2025-11-19 20:05:39,986 - INFO - Visiting: http://www.drps.ed.ac.uk/24-25/dpt/cxedua11413.htm
2025-11-19 20:05:40,025 - INFO - 1 instances updated to ./data_container/25_11_19_20_02_55/24-25_cx_s_su819.htm.csv.
2025-11-19 20:05:40,152 - INFO - Visiting: http://www.drps.ed.ac.uk/24-25/dpt/cxedua11248.htm
2025-11-19 20:05:40,190 - INFO - 1 instances updated to ./data_container/25_11_19_20_02_55/24-25_cx_s_su819.htm.csv.
2025-11-19 20:05:40,386 - INFO - Visiting: http://www.drps.ed.ac.uk/24-25/dpt/cxedua11201.htm
2025-11-19 20:05:40,422 - INFO - 1 instances updated to ./data_container/25_11_19_20_02_55/24-25_cx_s_su819.htm.csv.
2025-11-19 20:05:40,640 - INFO - Visiting: http://www.drps.ed.ac.uk/24-25/dpt/cxedua11419.htm
2025-11-19 20:05:40,698 - INFO - 1 instances updated to ./data_container/25_11_19_20_02_55/24-25_cx_s_su819.htm.csv.
2025-11-19 20:05:40,938 - INFO - Visiting: http://www.drps.ed.ac.uk/24-25/dpt/cxedua11392.htm
2025-11-19 20:05:40,994 - INFO - 1 instances updated to ./data_container/25_11_19_20_02_55/24-25_cx_s_su819.htm.csv.
2025-11-19 20:05:41,186 - INFO - Visiting: http://www.drps.ed.ac.uk/24-25/dpt/cxedua11346.htm
2025-11-19 20:05:41,225 - INFO - 1 instances updated to ./data_container/25_11_19_20_02_55/24-25_cx_s_su819.htm.csv.
2025-11-19 20:05:41,447 - INFO - Visiting: http://www.drps.ed.ac.uk/24-25/dpt/cxedua11125.htm
2025-11-19 20:05:41,490 - INFO - 1 instances updated to ./data_container/25_11_19_20_02_55/24-25_cx_s_su819.htm.csv.
2025-11-19 20:05:41,668 - INFO - Visiting: http://www.drps.ed.ac.uk/24-25/dpt/cxedua11344.htm
2025-11-19 20:05:41,726 - INFO - 1 instances updated to ./data_container/25_11_19_20_02_55/24-25_cx_s_su819.htm.csv.
2025-11-19 20:05:41,953 - INFO - Visiting: http://www.drps.ed.ac.uk/24-25/dpt/cxedua11252.htm
2025-11-19 20:05:42,010 - INFO - 1 instances updated to ./data_container/25_11_19_20_02_55/24-25_cx_s_su819.htm.csv.
2025-11-19 20:05:42,187 - INFO - Visiting: http://www.drps.ed.ac.uk/24-25/dpt/cxedua11443.htm
2025-11-19 20:05:42,222 - INFO - 1 instances updated to ./data_container/25_11_19_20_02_55/24-25_cx_s_su819.htm.csv.
2025-11-19 20:05:42,408 - INFO - Visiting: http://www.drps.ed.ac.uk/24-25/dpt/cxedua11327.htm
2025-11-19 20:05:42,452 - INFO - 1 instances updated to ./data_container/25_11_19_20_02_55/24-25_cx_s_su819.htm.csv.
2025-11-19 20:05:42,647 - INFO - Visiting: http://www.drps.ed.ac.uk/24-25/dpt/cxedua11094.htm
2025-11-19 20:05:42,689 - INFO - 1 instances updated to ./data_container/25_11_19_20_02_55/24-25_cx_s_su819.htm.csv.
2025-11-19 20:05:42,897 - INFO - Visiting: http://www.drps.ed.ac.uk/24-25/dpt/cxedua11383.htm
2025-11-19 20:05:42,949 - INFO - 1 instances updated to ./data_container/25_11_19_20_02_55/24-25_cx_s_su819.htm.csv.
2025-11-19 20:05:43,089 - INFO - Visiting: http://www.drps.ed.ac.uk/24-25/dpt/cxedua11442.htm
2025-11-19 20:05:43,143 - INFO - 1 instances updated to ./data_container/25_11_19_20_02_55/24-25_cx_s_su819.htm.csv.
2025-11-19 20:05:43,871 - INFO - Visiting: http://www.drps.ed.ac.uk/24-25/dpt/cxedua11460.htm
2025-11-19 20:05:43,922 - INFO - 1 instances updated to ./data_container/25_11_19_20_02_55/24-25_cx_s_su819.htm.csv.
2025-11-19 20:05:44,106 - INFO - Visiting: http://www.drps.ed.ac.uk/24-25/dpt/cxedua11459.htm
2025-11-19 20:05:44,163 - INFO - 1 instances updated to ./data_container/25_11_19_20_02_55/24-25_cx_s_su819.htm.csv.
2025-11-19 20:05:44,308 - INFO - Visiting: http://www.drps.ed.ac.uk/24-25/dpt/cxedua11373.htm
2025-11-19 20:05:44,362 - INFO - 1 instances updated to ./data_container/25_11_19_20_02_55/24-25_cx_s_su819.htm.csv.
2025-11-19 20:05:44,489 - INFO - Visiting: http://www.drps.ed.ac.uk/24-25/dpt/cxedua11212.htm
2025-11-19 20:05:44,544 - INFO - 1 instances updated to ./data_container/25_11_19_20_02_55/24-25_cx_s_su819.htm.csv.
2025-11-19 20:05:44,720 - INFO - Visiting: http://www.drps.ed.ac.uk/24-25/dpt/cxedua11328.htm
2025-11-19 20:05:44,754 - INFO - 1 instances updated to ./data_container/25_11_19_20_02_55/24-25_cx_s_su819.htm.csv.
2025-11-19 20:05:44,869 - INFO - Visiting: http://www.drps.ed.ac.uk/24-25/dpt/cxedua11423.htm
2025-11-19 20:05:44,912 - INFO - 1 instances updated to ./data_container/25_11_19_20_02_55/24-25_cx_s_su819.htm.csv.
2025-11-19 20:05:45,131 - INFO - Visiting: http://www.drps.ed.ac.uk/24-25/dpt/cxedua11117.htm
2025-11-19 20:05:45,192 - INFO - 1 instances updated to ./data_container/25_11_19_20_02_55/24-25_cx_s_su819.htm.csv.
2025-11-19 20:05:45,379 - INFO - Visiting: http://www.drps.ed.ac.uk/24-25/dpt/cxedua11452.htm
2025-11-19 20:05:45,434 - INFO - 1 instances updated to ./data_container/25_11_19_20_02_55/24-25_cx_s_su819.htm.csv.
2025-11-19 20:05:45,623 - INFO - Visiting: http://www.drps.ed.ac.uk/24-25/dpt/cxedua11290.htm
2025-11-19 20:05:45,681 - INFO - 1 instances updated to ./data_container/25_11_19_20_02_55/24-25_cx_s_su819.htm.csv.
2025-11-19 20:05:45,792 - INFO - Visiting: http://www.drps.ed.ac.uk/24-25/dpt/cxedua11289.htm
2025-11-19 20:05:45,840 - INFO - 1 instances updated to ./data_container/25_11_19_20_02_55/24-25_cx_s_su819.htm.csv.
2025-11-19 20:05:45,976 - INFO - Visiting: http://www.drps.ed.ac.uk/24-25/dpt/cxedua11288.htm
2025-11-19 20:05:46,024 - INFO - 1 instances updated to ./data_container/25_11_19_20_02_55/24-25_cx_s_su819.htm.csv.
2025-11-19 20:05:46,154 - INFO - Visiting: http://www.drps.ed.ac.uk/24-25/dpt/cxedua11332.htm
2025-11-19 20:05:46,203 - INFO - 1 instances updated to ./data_container/25_11_19_20_02_55/24-25_cx_s_su819.htm.csv.
2025-11-19 20:05:46,352 - INFO - Visiting: http://www.drps.ed.ac.uk/24-25/dpt/cxedua11041.htm
2025-11-19 20:05:46,404 - INFO - 1 instances updated to ./data_container/25_11_19_20_02_55/24-25_cx_s_su819.htm.csv.
2025-11-19 20:05:46,516 - INFO - Visiting: http://www.drps.ed.ac.uk/24-25/dpt/cxedua11449.htm
2025-11-19 20:05:46,562 - INFO - 1 instances updated to ./data_container/25_11_19_20_02_55/24-25_cx_s_su819.htm.csv.
2025-11-19 20:05:46,691 - INFO - Visiting: http://www.drps.ed.ac.uk/24-25/dpt/cxedua11403.htm
2025-11-19 20:05:46,734 - INFO - 1 instances updated to ./data_container/25_11_19_20_02_55/24-25_cx_s_su819.htm.csv.
2025-11-19 20:05:46,871 - INFO - Visiting: http://www.drps.ed.ac.uk/24-25/dpt/cxedua11116.htm
2025-11-19 20:05:46,920 - INFO - 1 instances updated to ./data_container/25_11_19_20_02_55/24-25_cx_s_su819.htm.csv.
2025-11-19 20:05:47,099 - INFO - Visiting: http://www.drps.ed.ac.uk/24-25/dpt/cxedua11105.htm
2025-11-19 20:05:47,159 - INFO - 1 instances updated to ./data_container/25_11_19_20_02_55/24-25_cx_s_su819.htm.csv.
2025-11-19 20:05:47,274 - INFO - Visiting: http://www.drps.ed.ac.uk/24-25/dpt/cxedua11453.htm
2025-11-19 20:05:47,324 - INFO - 1 instances updated to ./data_container/25_11_19_20_02_55/24-25_cx_s_su819.htm.csv.
2025-11-19 20:05:47,548 - INFO - Visiting: http://www.drps.ed.ac.uk/24-25/dpt/cxedua11421.htm
2025-11-19 20:05:47,639 - INFO - 1 instances updated to ./data_container/25_11_19_20_02_55/24-25_cx_s_su819.htm.csv.
2025-11-19 20:05:47,826 - INFO - Visiting: http://www.drps.ed.ac.uk/24-25/dpt/cxedua11409.htm
2025-11-19 20:05:47,862 - INFO - 1 instances updated to ./data_container/25_11_19_20_02_55/24-25_cx_s_su819.htm.csv.
2025-11-19 20:05:48,048 - INFO - Visiting: http://www.drps.ed.ac.uk/24-25/dpt/cxedua11258.htm
2025-11-19 20:05:48,126 - INFO - 1 instances updated to ./data_container/25_11_19_20_02_55/24-25_cx_s_su819.htm.csv.
2025-11-19 20:05:48,347 - INFO - Visiting: http://www.drps.ed.ac.uk/24-25/dpt/cxedua11040.htm
2025-11-19 20:05:48,392 - INFO - 1 instances updated to ./data_container/25_11_19_20_02_55/24-25_cx_s_su819.htm.csv.
2025-11-19 20:05:48,588 - INFO - Visiting: http://www.drps.ed.ac.uk/24-25/dpt/cxedua11326.htm
2025-11-19 20:05:48,630 - INFO - 1 instances updated to ./data_container/25_11_19_20_02_55/24-25_cx_s_su819.htm.csv.
2025-11-19 20:05:48,838 - INFO - Visiting: http://www.drps.ed.ac.uk/24-25/dpt/cxedua11350.htm
2025-11-19 20:05:48,876 - INFO - 1 instances updated to ./data_container/25_11_19_20_02_55/24-25_cx_s_su819.htm.csv.
2025-11-19 20:05:49,088 - INFO - Visiting: http://www.drps.ed.ac.uk/24-25/dpt/cxedua11287.htm
2025-11-19 20:05:49,150 - INFO - 1 instances updated to ./data_container/25_11_19_20_02_55/24-25_cx_s_su819.htm.csv.
2025-11-19 20:05:49,347 - INFO - Visiting: http://www.drps.ed.ac.uk/24-25/dpt/cxedua11285.htm
2025-11-19 20:05:49,383 - INFO - 1 instances updated to ./data_container/25_11_19_20_02_55/24-25_cx_s_su819.htm.csv.
2025-11-19 20:05:49,597 - INFO - Visiting: http://www.drps.ed.ac.uk/24-25/dpt/cxedua11286.htm
2025-11-19 20:05:49,644 - INFO - 1 instances updated to ./data_container/25_11_19_20_02_55/24-25_cx_s_su819.htm.csv.
2025-11-19 20:05:49,827 - INFO - Visiting: http://www.drps.ed.ac.uk/24-25/dpt/cxedua11210.htm
2025-11-19 20:05:49,889 - INFO - 1 instances updated to ./data_container/25_11_19_20_02_55/24-25_cx_s_su819.htm.csv.
2025-11-19 20:05:50,075 - INFO - Visiting: http://www.drps.ed.ac.uk/24-25/dpt/cxedua11194.htm
2025-11-19 20:05:50,135 - INFO - 1 instances updated to ./data_container/25_11_19_20_02_55/24-25_cx_s_su819.htm.csv.
2025-11-19 20:05:50,305 - INFO - Visiting: http://www.drps.ed.ac.uk/24-25/dpt/cxedua11334.htm
2025-11-19 20:05:50,365 - INFO - 1 instances updated to ./data_container/25_11_19_20_02_55/24-25_cx_s_su819.htm.csv.
2025-11-19 20:05:50,483 - INFO - Visiting: http://www.drps.ed.ac.uk/24-25/dpt/cxedua11461.htm
2025-11-19 20:05:50,536 - INFO - 1 instances updated to ./data_container/25_11_19_20_02_55/24-25_cx_s_su819.htm.csv.
2025-11-19 20:05:50,792 - INFO - Visiting: http://www.drps.ed.ac.uk/24-25/dpt/cxedua11048.htm
2025-11-19 20:05:50,856 - INFO - 1 instances updated to ./data_container/25_11_19_20_02_55/24-25_cx_s_su819.htm.csv.
2025-11-19 20:05:51,039 - INFO - Visiting: http://www.drps.ed.ac.uk/24-25/dpt/cxedua11042.htm
2025-11-19 20:05:51,096 - INFO - 1 instances updated to ./data_container/25_11_19_20_02_55/24-25_cx_s_su819.htm.csv.
2025-11-19 20:05:51,275 - INFO - Visiting: http://www.drps.ed.ac.uk/24-25/dpt/cxedua11439.htm
2025-11-19 20:05:51,331 - INFO - 1 instances updated to ./data_container/25_11_19_20_02_55/24-25_cx_s_su819.htm.csv.
2025-11-19 20:05:51,440 - INFO - Visiting: http://www.drps.ed.ac.uk/24-25/dpt/cxedua11354.htm
2025-11-19 20:05:51,485 - INFO - 1 instances updated to ./data_container/25_11_19_20_02_55/24-25_cx_s_su819.htm.csv.
2025-11-19 20:05:51,657 - INFO - Visiting: http://www.drps.ed.ac.uk/24-25/dpt/cxedua11391.htm
2025-11-19 20:05:51,709 - INFO - 1 instances updated to ./data_container/25_11_19_20_02_55/24-25_cx_s_su819.htm.csv.
2025-11-19 20:05:51,936 - INFO - Visiting: http://www.drps.ed.ac.uk/24-25/dpt/cxedua11284.htm
2025-11-19 20:05:51,974 - INFO - 1 instances updated to ./data_container/25_11_19_20_02_55/24-25_cx_s_su819.htm.csv.
2025-11-19 20:05:52,176 - INFO - Visiting: http://www.drps.ed.ac.uk/24-25/dpt/cxedua11124.htm
2025-11-19 20:05:52,234 - INFO - 1 instances updated to ./data_container/25_11_19_20_02_55/24-25_cx_s_su819.htm.csv.
2025-11-19 20:05:52,418 - INFO - Visiting: http://www.drps.ed.ac.uk/24-25/dpt/cxedua11257.htm
2025-11-19 20:05:52,482 - INFO - 1 instances updated to ./data_container/25_11_19_20_02_55/24-25_cx_s_su819.htm.csv.
2025-11-19 20:05:52,727 - INFO - Visiting: http://www.drps.ed.ac.uk/24-25/dpt/cxedua11351.htm
2025-11-19 20:05:52,791 - INFO - 1 instances updated to ./data_container/25_11_19_20_02_55/24-25_cx_s_su819.htm.csv.
2025-11-19 20:05:53,039 - INFO - Visiting: http://www.drps.ed.ac.uk/24-25/dpt/cxedua11462.htm
2025-11-19 20:05:53,104 - INFO - 1 instances updated to ./data_container/25_11_19_20_02_55/24-25_cx_s_su819.htm.csv.
2025-11-19 20:05:53,350 - INFO - Visiting: http://www.drps.ed.ac.uk/24-25/dpt/cxedua11416.htm
2025-11-19 20:05:53,412 - INFO - 1 instances updated to ./data_container/25_11_19_20_02_55/24-25_cx_s_su819.htm.csv.
2025-11-19 20:05:53,585 - INFO - Visiting: http://www.drps.ed.ac.uk/24-25/dpt/cxedua11304.htm
2025-11-19 20:05:53,628 - INFO - 1 instances updated to ./data_container/25_11_19_20_02_55/24-25_cx_s_su819.htm.csv.
2025-11-19 20:05:53,847 - INFO - Visiting: http://www.drps.ed.ac.uk/24-25/dpt/cxedua11235.htm
2025-11-19 20:05:53,887 - INFO - 1 instances updated to ./data_container/25_11_19_20_02_55/24-25_cx_s_su819.htm.csv.
2025-11-19 20:05:54,041 - INFO - Visiting: http://www.drps.ed.ac.uk/24-25/dpt/cxedua11300.htm
2025-11-19 20:05:54,091 - INFO - 1 instances updated to ./data_container/25_11_19_20_02_55/24-25_cx_s_su819.htm.csv.
2025-11-19 20:05:54,244 - INFO - Visiting: http://www.drps.ed.ac.uk/24-25/dpt/cxedua11301.htm
2025-11-19 20:05:54,302 - INFO - 1 instances updated to ./data_container/25_11_19_20_02_55/24-25_cx_s_su819.htm.csv.
2025-11-19 20:05:54,497 - INFO - Visiting: http://www.drps.ed.ac.uk/24-25/dpt/cxedua11297.htm
2025-11-19 20:05:54,537 - INFO - 1 instances updated to ./data_container/25_11_19_20_02_55/24-25_cx_s_su819.htm.csv.
2025-11-19 20:05:54,728 - INFO - Visiting: http://www.drps.ed.ac.uk/24-25/dpt/cxedua11457.htm
2025-11-19 20:05:54,772 - INFO - 1 instances updated to ./data_container/25_11_19_20_02_55/24-25_cx_s_su819.htm.csv.
2025-11-19 20:05:54,888 - INFO - Visiting: http://www.drps.ed.ac.uk/24-25/dpt/cxedua11298.htm
2025-11-19 20:05:54,936 - INFO - 1 instances updated to ./data_container/25_11_19_20_02_55/24-25_cx_s_su819.htm.csv.
2025-11-19 20:05:55,106 - INFO - Visiting: http://www.drps.ed.ac.uk/24-25/dpt/cxedua11299.htm
2025-11-19 20:05:55,154 - INFO - 1 instances updated to ./data_container/25_11_19_20_02_55/24-25_cx_s_su819.htm.csv.
2025-11-19 20:05:55,326 - INFO - Visiting: http://www.drps.ed.ac.uk/24-25/dpt/cxedua11038.htm
2025-11-19 20:05:55,379 - INFO - 1 instances updated to ./data_container/25_11_19_20_02_55/24-25_cx_s_su819.htm.csv.
2025-11-19 20:05:55,527 - INFO - Visiting: http://www.drps.ed.ac.uk/24-25/dpt/cxedua11463.htm
2025-11-19 20:05:55,570 - INFO - 1 instances updated to ./data_container/25_11_19_20_02_55/24-25_cx_s_su819.htm.csv.
2025-11-19 20:05:55,691 - INFO - Visiting: http://www.drps.ed.ac.uk/24-25/dpt/cxedua11368.htm
2025-11-19 20:05:55,724 - INFO - 1 instances updated to ./data_container/25_11_19_20_02_55/24-25_cx_s_su819.htm.csv.
2025-11-19 20:05:55,918 - INFO - Visiting: http://www.drps.ed.ac.uk/24-25/dpt/cxedua11377.htm
2025-11-19 20:05:55,981 - INFO - 1 instances updated to ./data_container/25_11_19_20_02_55/24-25_cx_s_su819.htm.csv.
2025-11-19 20:05:56,167 - INFO - Visiting: http://www.drps.ed.ac.uk/24-25/dpt/cxedua11369.htm
2025-11-19 20:05:56,206 - INFO - 1 instances updated to ./data_container/25_11_19_20_02_55/24-25_cx_s_su819.htm.csv.
2025-11-19 20:05:56,407 - INFO - Visiting: http://www.drps.ed.ac.uk/24-25/dpt/cxedua11382.htm
2025-11-19 20:05:56,446 - INFO - 1 instances updated to ./data_container/25_11_19_20_02_55/24-25_cx_s_su819.htm.csv.
2025-11-19 20:05:56,606 - INFO - Visiting: http://www.drps.ed.ac.uk/24-25/dpt/cxedua11402.htm
2025-11-19 20:05:56,651 - INFO - 1 instances updated to ./data_container/25_11_19_20_02_55/24-25_cx_s_su819.htm.csv.
2025-11-19 20:05:56,858 - INFO - Visiting: http://www.drps.ed.ac.uk/24-25/dpt/cxedua11365.htm
2025-11-19 20:05:56,919 - INFO - 1 instances updated to ./data_container/25_11_19_20_02_55/24-25_cx_s_su819.htm.csv.
2025-11-19 20:05:57,115 - INFO - Visiting: http://www.drps.ed.ac.uk/24-25/dpt/cxedua11366.htm
2025-11-19 20:05:57,169 - INFO - 1 instances updated to ./data_container/25_11_19_20_02_55/24-25_cx_s_su819.htm.csv.
2025-11-19 20:05:57,358 - INFO - Visiting: http://www.drps.ed.ac.uk/24-25/dpt/cxedua11401.htm
2025-11-19 20:05:57,419 - INFO - 1 instances updated to ./data_container/25_11_19_20_02_55/24-25_cx_s_su819.htm.csv.
2025-11-19 20:05:57,607 - INFO - Visiting: http://www.drps.ed.ac.uk/24-25/dpt/cxedua11381.htm
2025-11-19 20:05:57,669 - INFO - 1 instances updated to ./data_container/25_11_19_20_02_55/24-25_cx_s_su819.htm.csv.
2025-11-19 20:05:57,925 - INFO - Visiting: http://www.drps.ed.ac.uk/24-25/dpt/cxedua11380.htm
2025-11-19 20:05:58,009 - INFO - 1 instances updated to ./data_container/25_11_19_20_02_55/24-25_cx_s_su819.htm.csv.
2025-11-19 20:05:58,153 - INFO - Visiting: http://www.drps.ed.ac.uk/24-25/dpt/cxedua11424.htm
2025-11-19 20:05:58,196 - INFO - 1 instances updated to ./data_container/25_11_19_20_02_55/24-25_cx_s_su819.htm.csv.
2025-11-19 20:05:58,379 - INFO - Visiting: http://www.drps.ed.ac.uk/24-25/dpt/cxedua11329.htm
2025-11-19 20:05:58,437 - INFO - 1 instances updated to ./data_container/25_11_19_20_02_55/24-25_cx_s_su819.htm.csv.
2025-11-19 20:05:58,668 - INFO - Visiting: http://www.drps.ed.ac.uk/24-25/dpt/cxedua11367.htm
2025-11-19 20:05:58,706 - INFO - 1 instances updated to ./data_container/25_11_19_20_02_55/24-25_cx_s_su819.htm.csv.
2025-11-19 20:05:58,839 - INFO - Visiting: http://www.drps.ed.ac.uk/24-25/dpt/cxedua11340.htm
2025-11-19 20:05:58,881 - INFO - 1 instances updated to ./data_container/25_11_19_20_02_55/24-25_cx_s_su819.htm.csv.
2025-11-19 20:05:59,077 - INFO - Visiting: http://www.drps.ed.ac.uk/24-25/dpt/cxedua11347.htm
2025-11-19 20:05:59,121 - INFO - 1 instances updated to ./data_container/25_11_19_20_02_55/24-25_cx_s_su819.htm.csv.
2025-11-19 20:05:59,326 - INFO - Visiting: http://www.drps.ed.ac.uk/24-25/dpt/cxedua11206.htm
2025-11-19 20:05:59,382 - INFO - 1 instances updated to ./data_container/25_11_19_20_02_55/24-25_cx_s_su819.htm.csv.
2025-11-19 20:05:59,545 - INFO - Visiting: http://www.drps.ed.ac.uk/24-25/dpt/cxedua11233.htm
2025-11-19 20:05:59,608 - INFO - 1 instances updated to ./data_container/25_11_19_20_02_55/24-25_cx_s_su819.htm.csv.
2025-11-19 20:05:59,778 - INFO - Visiting: http://www.drps.ed.ac.uk/24-25/dpt/cxedua11385.htm
2025-11-19 20:05:59,838 - INFO - 1 instances updated to ./data_container/25_11_19_20_02_55/24-25_cx_s_su819.htm.csv.
2025-11-19 20:06:00,027 - INFO - Visiting: http://www.drps.ed.ac.uk/24-25/dpt/cxedua11338.htm
2025-11-19 20:06:00,096 - INFO - 1 instances updated to ./data_container/25_11_19_20_02_55/24-25_cx_s_su819.htm.csv.
2025-11-19 20:06:00,259 - INFO - Visiting: http://www.drps.ed.ac.uk/24-25/dpt/cxedua11250.htm
2025-11-19 20:06:00,303 - INFO - 1 instances updated to ./data_container/25_11_19_20_02_55/24-25_cx_s_su819.htm.csv.
2025-11-19 20:06:00,424 - INFO - Visiting: http://www.drps.ed.ac.uk/24-25/dpt/cxedua11458.htm
2025-11-19 20:06:00,477 - INFO - 1 instances updated to ./data_container/25_11_19_20_02_55/24-25_cx_s_su819.htm.csv.
2025-11-19 20:06:00,588 - INFO - Visiting: http://www.drps.ed.ac.uk/24-25/dpt/cxedua11363.htm
2025-11-19 20:06:00,640 - INFO - 1 instances updated to ./data_container/25_11_19_20_02_55/24-25_cx_s_su819.htm.csv.
2025-11-19 20:06:00,789 - INFO - Visiting: http://www.drps.ed.ac.uk/24-25/dpt/cxedua11324.htm
2025-11-19 20:06:00,835 - INFO - 1 instances updated to ./data_container/25_11_19_20_02_55/24-25_cx_s_su819.htm.csv.
2025-11-19 20:06:00,977 - INFO - Visiting: http://www.drps.ed.ac.uk/24-25/dpt/cxedua11376.htm
2025-11-19 20:06:01,023 - INFO - 1 instances updated to ./data_container/25_11_19_20_02_55/24-25_cx_s_su819.htm.csv.
2025-11-19 20:06:01,244 - INFO - Visiting: http://www.drps.ed.ac.uk/24-25/dpt/cxedua11335.htm
2025-11-19 20:06:01,318 - INFO - 1 instances updated to ./data_container/25_11_19_20_02_55/24-25_cx_s_su819.htm.csv.
2025-11-19 20:06:01,517 - INFO - Visiting: http://www.drps.ed.ac.uk/24-25/dpt/cxedua11179.htm
2025-11-19 20:06:01,568 - INFO - 1 instances updated to ./data_container/25_11_19_20_02_55/24-25_cx_s_su819.htm.csv.
2025-11-19 20:06:01,695 - INFO - Visiting: http://www.drps.ed.ac.uk/24-25/dpt/cxedua11438.htm
2025-11-19 20:06:01,751 - INFO - 1 instances updated to ./data_container/25_11_19_20_02_55/24-25_cx_s_su819.htm.csv.
2025-11-19 20:06:01,910 - INFO - Visiting: http://www.drps.ed.ac.uk/24-25/dpt/cxedua11348.htm
2025-11-19 20:06:01,972 - INFO - 1 instances updated to ./data_container/25_11_19_20_02_55/24-25_cx_s_su819.htm.csv.
2025-11-19 20:06:02,231 - INFO - Visiting: http://www.drps.ed.ac.uk/24-25/dpt/cxedua12001.htm
2025-11-19 20:06:02,301 - INFO - 1 instances updated to ./data_container/25_11_19_20_02_55/24-25_cx_s_su819.htm.csv.
2025-11-19 20:06:02,301 - INFO - Mining for keywords Accessibility,Inclusive design,Disability rights,Adaptive tools is success.
2025-11-19 20:06:02,476 - INFO - Visiting: http://www.drps.ed.ac.uk/24-25/dpt/cx_sb_redu.htm
2025-11-19 20:06:02,739 - INFO - Visiting: http://www.drps.ed.ac.uk/24-25/dpt/cxredu11074.htm
2025-11-19 20:06:02,754 - INFO - 1 instances updated to ./data_container/25_11_19_20_02_55/24-25_cx_s_su819.htm.csv.
2025-11-19 20:06:02,963 - INFO - Visiting: http://www.drps.ed.ac.uk/24-25/dpt/cxredu11079.htm
2025-11-19 20:06:02,990 - INFO - 1 instances updated to ./data_container/25_11_19_20_02_55/24-25_cx_s_su819.htm.csv.
2025-11-19 20:06:03,160 - INFO - Visiting: http://www.drps.ed.ac.uk/24-25/dpt/cxredu11076.htm
2025-11-19 20:06:03,186 - INFO - 1 instances updated to ./data_container/25_11_19_20_02_55/24-25_cx_s_su819.htm.csv.
2025-11-19 20:06:03,400 - INFO - Visiting: http://www.drps.ed.ac.uk/24-25/dpt/cxredu11045.htm
2025-11-19 20:06:03,428 - INFO - 1 instances updated to ./data_container/25_11_19_20_02_55/24-25_cx_s_su819.htm.csv.
2025-11-19 20:06:03,647 - INFO - Visiting: http://www.drps.ed.ac.uk/24-25/dpt/cxredu11091.htm
2025-11-19 20:06:03,678 - INFO - 1 instances updated to ./data_container/25_11_19_20_02_55/24-25_cx_s_su819.htm.csv.
2025-11-19 20:06:03,891 - INFO - Visiting: http://www.drps.ed.ac.uk/24-25/dpt/cxredu11073.htm
2025-11-19 20:06:03,921 - INFO - 1 instances updated to ./data_container/25_11_19_20_02_55/24-25_cx_s_su819.htm.csv.
2025-11-19 20:06:04,139 - INFO - Visiting: http://www.drps.ed.ac.uk/24-25/dpt/cxredu11089.htm
2025-11-19 20:06:04,168 - INFO - 1 instances updated to ./data_container/25_11_19_20_02_55/24-25_cx_s_su819.htm.csv.
2025-11-19 20:06:04,357 - INFO - Visiting: http://www.drps.ed.ac.uk/24-25/dpt/cxredu11060.htm
2025-11-19 20:06:04,382 - INFO - 1 instances updated to ./data_container/25_11_19_20_02_55/24-25_cx_s_su819.htm.csv.
2025-11-19 20:06:04,546 - INFO - Visiting: http://www.drps.ed.ac.uk/24-25/dpt/cxredu11087.htm
2025-11-19 20:06:04,574 - INFO - 1 instances updated to ./data_container/25_11_19_20_02_55/24-25_cx_s_su819.htm.csv.
2025-11-19 20:06:04,796 - INFO - Visiting: http://www.drps.ed.ac.uk/24-25/dpt/cxredu11082.htm
2025-11-19 20:06:04,827 - INFO - 1 instances updated to ./data_container/25_11_19_20_02_55/24-25_cx_s_su819.htm.csv.
2025-11-19 20:06:05,033 - INFO - Visiting: http://www.drps.ed.ac.uk/24-25/dpt/cxredu11083.htm
2025-11-19 20:06:05,062 - INFO - 1 instances updated to ./data_container/25_11_19_20_02_55/24-25_cx_s_su819.htm.csv.
2025-11-19 20:06:05,280 - INFO - Visiting: http://www.drps.ed.ac.uk/24-25/dpt/cxredu11052.htm
2025-11-19 20:06:05,308 - INFO - 1 instances updated to ./data_container/25_11_19_20_02_55/24-25_cx_s_su819.htm.csv.
2025-11-19 20:06:05,508 - INFO - Visiting: http://www.drps.ed.ac.uk/24-25/dpt/cxredu11088.htm
2025-11-19 20:06:05,542 - INFO - 1 instances updated to ./data_container/25_11_19_20_02_55/24-25_cx_s_su819.htm.csv.
2025-11-19 20:06:05,760 - INFO - Visiting: http://www.drps.ed.ac.uk/24-25/dpt/cxredu11092.htm
2025-11-19 20:06:05,789 - INFO - 1 instances updated to ./data_container/25_11_19_20_02_55/24-25_cx_s_su819.htm.csv.
2025-11-19 20:06:06,014 - INFO - Visiting: http://www.drps.ed.ac.uk/24-25/dpt/cxredu11086.htm
2025-11-19 20:06:06,046 - INFO - 1 instances updated to ./data_container/25_11_19_20_02_55/24-25_cx_s_su819.htm.csv.
2025-11-19 20:06:06,257 - INFO - Visiting: http://www.drps.ed.ac.uk/24-25/dpt/cxredu11085.htm
2025-11-19 20:06:06,290 - INFO - 1 instances updated to ./data_container/25_11_19_20_02_55/24-25_cx_s_su819.htm.csv.
2025-11-19 20:06:06,500 - INFO - Visiting: http://www.drps.ed.ac.uk/24-25/dpt/cxredu11080.htm
2025-11-19 20:06:06,532 - INFO - 1 instances updated to ./data_container/25_11_19_20_02_55/24-25_cx_s_su819.htm.csv.
2025-11-19 20:06:06,728 - INFO - Visiting: http://www.drps.ed.ac.uk/24-25/dpt/cxredu11077.htm
2025-11-19 20:06:06,757 - INFO - 1 instances updated to ./data_container/25_11_19_20_02_55/24-25_cx_s_su819.htm.csv.
2025-11-19 20:06:06,956 - INFO - Visiting: http://www.drps.ed.ac.uk/24-25/dpt/cxredu11081.htm
2025-11-19 20:06:06,979 - INFO - 1 instances updated to ./data_container/25_11_19_20_02_55/24-25_cx_s_su819.htm.csv.
2025-11-19 20:06:07,199 - INFO - Visiting: http://www.drps.ed.ac.uk/24-25/dpt/cxredu11084.htm
2025-11-19 20:06:07,226 - INFO - 1 instances updated to ./data_container/25_11_19_20_02_55/24-25_cx_s_su819.htm.csv.
2025-11-19 20:06:07,446 - INFO - Visiting: http://www.drps.ed.ac.uk/24-25/dpt/cxredu11064.htm
2025-11-19 20:06:07,527 - INFO - 1 instances updated to ./data_container/25_11_19_20_02_55/24-25_cx_s_su819.htm.csv.
2025-11-19 20:06:07,758 - INFO - Visiting: http://www.drps.ed.ac.uk/24-25/dpt/cxredu11050.htm
2025-11-19 20:06:07,788 - INFO - 1 instances updated to ./data_container/25_11_19_20_02_55/24-25_cx_s_su819.htm.csv.
2025-11-19 20:06:08,008 - INFO - Visiting: http://www.drps.ed.ac.uk/24-25/dpt/cxredu11051.htm
2025-11-19 20:06:08,034 - INFO - 1 instances updated to ./data_container/25_11_19_20_02_55/24-25_cx_s_su819.htm.csv.
2025-11-19 20:06:08,201 - INFO - Visiting: http://www.drps.ed.ac.uk/24-25/dpt/cxredu11024.htm
2025-11-19 20:06:08,233 - INFO - 1 instances updated to ./data_container/25_11_19_20_02_55/24-25_cx_s_su819.htm.csv.
2025-11-19 20:06:08,446 - INFO - Visiting: http://www.drps.ed.ac.uk/24-25/dpt/cxredu11075.htm
2025-11-19 20:06:08,479 - INFO - 1 instances updated to ./data_container/25_11_19_20_02_55/24-25_cx_s_su819.htm.csv.
2025-11-19 20:06:08,679 - INFO - Visiting: http://www.drps.ed.ac.uk/24-25/dpt/cxredu11026.htm
2025-11-19 20:06:08,709 - INFO - 1 instances updated to ./data_container/25_11_19_20_02_55/24-25_cx_s_su819.htm.csv.
2025-11-19 20:06:08,921 - INFO - Visiting: http://www.drps.ed.ac.uk/24-25/dpt/cxredu11056.htm
2025-11-19 20:06:08,952 - INFO - 1 instances updated to ./data_container/25_11_19_20_02_55/24-25_cx_s_su819.htm.csv.
2025-11-19 20:06:09,157 - INFO - Visiting: http://www.drps.ed.ac.uk/24-25/dpt/cxredu11059.htm
2025-11-19 20:06:09,177 - INFO - 1 instances updated to ./data_container/25_11_19_20_02_55/24-25_cx_s_su819.htm.csv.
2025-11-19 20:06:09,396 - INFO - Visiting: http://www.drps.ed.ac.uk/24-25/dpt/cxredu11093.htm
2025-11-19 20:06:09,410 - INFO - 1 instances updated to ./data_container/25_11_19_20_02_55/24-25_cx_s_su819.htm.csv.
2025-11-19 20:06:09,634 - INFO - Visiting: http://www.drps.ed.ac.uk/24-25/dpt/cxredu11048.htm
2025-11-19 20:06:09,649 - INFO - 1 instances updated to ./data_container/25_11_19_20_02_55/24-25_cx_s_su819.htm.csv.
2025-11-19 20:06:09,835 - INFO - Visiting: http://www.drps.ed.ac.uk/24-25/dpt/cxredu11078.htm
2025-11-19 20:06:09,880 - INFO - 1 instances updated to ./data_container/25_11_19_20_02_55/24-25_cx_s_su819.htm.csv.
2025-11-19 20:06:10,021 - INFO - Visiting: http://www.drps.ed.ac.uk/24-25/dpt/cxredu11028.htm
2025-11-19 20:06:10,042 - INFO - 1 instances updated to ./data_container/25_11_19_20_02_55/24-25_cx_s_su819.htm.csv.
2025-11-19 20:06:10,227 - INFO - Visiting: http://www.drps.ed.ac.uk/24-25/dpt/cxredu11029.htm
2025-11-19 20:06:10,258 - INFO - 1 instances updated to ./data_container/25_11_19_20_02_55/24-25_cx_s_su819.htm.csv.
2025-11-19 20:06:10,446 - INFO - Visiting: http://www.drps.ed.ac.uk/24-25/dpt/cxredu11063.htm
2025-11-19 20:06:10,473 - INFO - 1 instances updated to ./data_container/25_11_19_20_02_55/24-25_cx_s_su819.htm.csv.
2025-11-19 20:06:10,672 - INFO - Visiting: http://www.drps.ed.ac.uk/24-25/dpt/cxredu11011.htm
2025-11-19 20:06:10,702 - INFO - 1 instances updated to ./data_container/25_11_19_20_02_55/24-25_cx_s_su819.htm.csv.
2025-11-19 20:06:10,898 - INFO - Visiting: http://www.drps.ed.ac.uk/24-25/dpt/cxredu11002.htm
2025-11-19 20:06:10,911 - INFO - 1 instances updated to ./data_container/25_11_19_20_02_55/24-25_cx_s_su819.htm.csv.
2025-11-19 20:06:11,127 - INFO - Visiting: http://www.drps.ed.ac.uk/24-25/dpt/cxredu11046.htm
2025-11-19 20:06:11,139 - INFO - 1 instances updated to ./data_container/25_11_19_20_02_55/24-25_cx_s_su819.htm.csv.
2025-11-19 20:06:11,316 - INFO - Visiting: http://www.drps.ed.ac.uk/24-25/dpt/cxredu11010.htm
2025-11-19 20:06:11,328 - INFO - 1 instances updated to ./data_container/25_11_19_20_02_55/24-25_cx_s_su819.htm.csv.
2025-11-19 20:06:11,506 - INFO - Visiting: http://www.drps.ed.ac.uk/24-25/dpt/cxredu12004.htm
2025-11-19 20:06:11,516 - INFO - 1 instances updated to ./data_container/25_11_19_20_02_55/24-25_cx_s_su819.htm.csv.
2025-11-19 20:06:11,688 - INFO - Visiting: http://www.drps.ed.ac.uk/24-25/dpt/cxredu12006.htm
2025-11-19 20:06:11,700 - INFO - 1 instances updated to ./data_container/25_11_19_20_02_55/24-25_cx_s_su819.htm.csv.
2025-11-19 20:06:11,878 - INFO - Visiting: http://www.drps.ed.ac.uk/24-25/dpt/cxredu12001.htm
2025-11-19 20:06:11,907 - INFO - 1 instances updated to ./data_container/25_11_19_20_02_55/24-25_cx_s_su819.htm.csv.
2025-11-19 20:06:12,111 - INFO - Visiting: http://www.drps.ed.ac.uk/24-25/dpt/cxredu12005.htm
2025-11-19 20:06:12,139 - INFO - 1 instances updated to ./data_container/25_11_19_20_02_55/24-25_cx_s_su819.htm.csv.
2025-11-19 20:06:12,357 - INFO - Visiting: http://www.drps.ed.ac.uk/24-25/dpt/cxredu12002.htm
2025-11-19 20:06:12,388 - INFO - 1 instances updated to ./data_container/25_11_19_20_02_55/24-25_cx_s_su819.htm.csv.
2025-11-19 20:06:12,388 - INFO - Mining for keywords Accessibility,Inclusive design,Disability rights,Adaptive tools is success.
2025-11-19 20:06:12,600 - INFO - Visiting: http://www.drps.ed.ac.uk/24-25/dpt/cx_sb_sprt.htm
2025-11-19 20:06:12,857 - INFO - Visiting: http://www.drps.ed.ac.uk/24-25/dpt/cxsprt08026.htm
2025-11-19 20:06:12,879 - INFO - 1 instances updated to ./data_container/25_11_19_20_02_55/24-25_cx_s_su819.htm.csv.
2025-11-19 20:06:12,974 - INFO - Visiting: http://www.drps.ed.ac.uk/24-25/dpt/cxsprt08032.htm
2025-11-19 20:06:12,989 - INFO - 1 instances updated to ./data_container/25_11_19_20_02_55/24-25_cx_s_su819.htm.csv.
2025-11-19 20:06:13,117 - INFO - Visiting: http://www.drps.ed.ac.uk/24-25/dpt/cxsprt08018.htm
2025-11-19 20:06:13,142 - INFO - 1 instances updated to ./data_container/25_11_19_20_02_55/24-25_cx_s_su819.htm.csv.
2025-11-19 20:06:13,310 - INFO - Visiting: http://www.drps.ed.ac.uk/24-25/dpt/cxsprt08030.htm
2025-11-19 20:06:13,340 - INFO - 1 instances updated to ./data_container/25_11_19_20_02_55/24-25_cx_s_su819.htm.csv.
2025-11-19 20:06:13,548 - INFO - Visiting: http://www.drps.ed.ac.uk/24-25/dpt/cxsprt08031.htm
2025-11-19 20:06:13,574 - INFO - 1 instances updated to ./data_container/25_11_19_20_02_55/24-25_cx_s_su819.htm.csv.
2025-11-19 20:06:13,675 - INFO - Visiting: http://www.drps.ed.ac.uk/24-25/dpt/cxsprt08029.htm
2025-11-19 20:06:13,705 - INFO - 1 instances updated to ./data_container/25_11_19_20_02_55/24-25_cx_s_su819.htm.csv.
2025-11-19 20:06:13,815 - INFO - Visiting: http://www.drps.ed.ac.uk/24-25/dpt/cxsprt08033.htm
2025-11-19 20:06:13,844 - INFO - 1 instances updated to ./data_container/25_11_19_20_02_55/24-25_cx_s_su819.htm.csv.
2025-11-19 20:06:13,954 - INFO - Visiting: http://www.drps.ed.ac.uk/24-25/dpt/cxsprt08021.htm
2025-11-19 20:06:13,980 - INFO - 1 instances updated to ./data_container/25_11_19_20_02_55/24-25_cx_s_su819.htm.csv.
2025-11-19 20:06:14,126 - INFO - Visiting: http://www.drps.ed.ac.uk/24-25/dpt/cxsprt08022.htm
2025-11-19 20:06:14,158 - INFO - 1 instances updated to ./data_container/25_11_19_20_02_55/24-25_cx_s_su819.htm.csv.
2025-11-19 20:06:14,380 - INFO - Visiting: http://www.drps.ed.ac.uk/24-25/dpt/cxsprt08019.htm
2025-11-19 20:06:14,414 - INFO - 1 instances updated to ./data_container/25_11_19_20_02_55/24-25_cx_s_su819.htm.csv.
2025-11-19 20:06:14,575 - INFO - Visiting: http://www.drps.ed.ac.uk/24-25/dpt/cxsprt08024.htm
2025-11-19 20:06:14,605 - INFO - 1 instances updated to ./data_container/25_11_19_20_02_55/24-25_cx_s_su819.htm.csv.
2025-11-19 20:06:14,753 - INFO - Visiting: http://www.drps.ed.ac.uk/24-25/dpt/cxsprt08020.htm
2025-11-19 20:06:14,785 - INFO - 1 instances updated to ./data_container/25_11_19_20_02_55/24-25_cx_s_su819.htm.csv.
2025-11-19 20:06:14,951 - INFO - Visiting: http://www.drps.ed.ac.uk/24-25/dpt/cxsprt08023.htm
2025-11-19 20:06:14,980 - INFO - 1 instances updated to ./data_container/25_11_19_20_02_55/24-25_cx_s_su819.htm.csv.
2025-11-19 20:06:15,177 - INFO - Visiting: http://www.drps.ed.ac.uk/24-25/dpt/cxsprt08001.htm
2025-11-19 20:06:15,203 - INFO - 1 instances updated to ./data_container/25_11_19_20_02_55/24-25_cx_s_su819.htm.csv.
2025-11-19 20:06:15,365 - INFO - Visiting: http://www.drps.ed.ac.uk/24-25/dpt/cxsprt08016.htm
2025-11-19 20:06:15,392 - INFO - 1 instances updated to ./data_container/25_11_19_20_02_55/24-25_cx_s_su819.htm.csv.
2025-11-19 20:06:15,543 - INFO - Visiting: http://www.drps.ed.ac.uk/24-25/dpt/cxsprt08014.htm
2025-11-19 20:06:15,572 - INFO - 1 instances updated to ./data_container/25_11_19_20_02_55/24-25_cx_s_su819.htm.csv.
2025-11-19 20:06:15,776 - INFO - Visiting: http://www.drps.ed.ac.uk/24-25/dpt/cxsprt08012.htm
2025-11-19 20:06:15,805 - INFO - 1 instances updated to ./data_container/25_11_19_20_02_55/24-25_cx_s_su819.htm.csv.
2025-11-19 20:06:15,941 - INFO - Visiting: http://www.drps.ed.ac.uk/24-25/dpt/cxsprt08028.htm
2025-11-19 20:06:16,013 - INFO - 1 instances updated to ./data_container/25_11_19_20_02_55/24-25_cx_s_su819.htm.csv.
2025-11-19 20:06:16,185 - INFO - Visiting: http://www.drps.ed.ac.uk/24-25/dpt/cxsprt08017.htm
2025-11-19 20:06:16,215 - INFO - 1 instances updated to ./data_container/25_11_19_20_02_55/24-25_cx_s_su819.htm.csv.
2025-11-19 20:06:16,367 - INFO - Visiting: http://www.drps.ed.ac.uk/24-25/dpt/cxsprt08027.htm
2025-11-19 20:06:16,398 - INFO - 1 instances updated to ./data_container/25_11_19_20_02_55/24-25_cx_s_su819.htm.csv.
2025-11-19 20:06:16,520 - INFO - Visiting: http://www.drps.ed.ac.uk/24-25/dpt/cxsprt08025.htm
2025-11-19 20:06:16,533 - INFO - 1 instances updated to ./data_container/25_11_19_20_02_55/24-25_cx_s_su819.htm.csv.
2025-11-19 20:06:16,727 - INFO - Visiting: http://www.drps.ed.ac.uk/24-25/dpt/cxsprt10037.htm
2025-11-19 20:06:16,765 - INFO - 1 instances updated to ./data_container/25_11_19_20_02_55/24-25_cx_s_su819.htm.csv.
2025-11-19 20:06:16,948 - INFO - Visiting: http://www.drps.ed.ac.uk/24-25/dpt/cxsprt10064.htm
2025-11-19 20:06:16,980 - INFO - 1 instances updated to ./data_container/25_11_19_20_02_55/24-25_cx_s_su819.htm.csv.
2025-11-19 20:06:17,189 - INFO - Visiting: http://www.drps.ed.ac.uk/24-25/dpt/cxsprt10059.htm
2025-11-19 20:06:17,221 - INFO - 1 instances updated to ./data_container/25_11_19_20_02_55/24-25_cx_s_su819.htm.csv.
2025-11-19 20:06:17,419 - INFO - Visiting: http://www.drps.ed.ac.uk/24-25/dpt/cxsprt10024.htm
2025-11-19 20:06:17,448 - INFO - 1 instances updated to ./data_container/25_11_19_20_02_55/24-25_cx_s_su819.htm.csv.
2025-11-19 20:06:17,594 - INFO - Visiting: http://www.drps.ed.ac.uk/24-25/dpt/cxsprt10025.htm
2025-11-19 20:06:17,629 - INFO - 1 instances updated to ./data_container/25_11_19_20_02_55/24-25_cx_s_su819.htm.csv.
2025-11-19 20:06:17,835 - INFO - Visiting: http://www.drps.ed.ac.uk/24-25/dpt/cxsprt10048.htm
2025-11-19 20:06:17,861 - INFO - 1 instances updated to ./data_container/25_11_19_20_02_55/24-25_cx_s_su819.htm.csv.
2025-11-19 20:06:18,053 - INFO - Visiting: http://www.drps.ed.ac.uk/24-25/dpt/cxsprt10029.htm
2025-11-19 20:06:18,088 - INFO - 1 instances updated to ./data_container/25_11_19_20_02_55/24-25_cx_s_su819.htm.csv.
2025-11-19 20:06:18,267 - INFO - Visiting: http://www.drps.ed.ac.uk/24-25/dpt/cxsprt10054.htm
2025-11-19 20:06:18,306 - INFO - 1 instances updated to ./data_container/25_11_19_20_02_55/24-25_cx_s_su819.htm.csv.
2025-11-19 20:06:18,488 - INFO - Visiting: http://www.drps.ed.ac.uk/24-25/dpt/cxsprt10053.htm
2025-11-19 20:06:18,526 - INFO - 1 instances updated to ./data_container/25_11_19_20_02_55/24-25_cx_s_su819.htm.csv.
2025-11-19 20:06:18,734 - INFO - Visiting: http://www.drps.ed.ac.uk/24-25/dpt/cxsprt10003.htm
2025-11-19 20:06:18,770 - INFO - 1 instances updated to ./data_container/25_11_19_20_02_55/24-25_cx_s_su819.htm.csv.
2025-11-19 20:06:18,978 - INFO - Visiting: http://www.drps.ed.ac.uk/24-25/dpt/cxsprt10004.htm
2025-11-19 20:06:18,994 - INFO - 1 instances updated to ./data_container/25_11_19_20_02_55/24-25_cx_s_su819.htm.csv.
2025-11-19 20:06:19,231 - INFO - Visiting: http://www.drps.ed.ac.uk/24-25/dpt/cxsprt10046.htm
2025-11-19 20:06:19,264 - INFO - 1 instances updated to ./data_container/25_11_19_20_02_55/24-25_cx_s_su819.htm.csv.
2025-11-19 20:06:19,479 - INFO - Visiting: http://www.drps.ed.ac.uk/24-25/dpt/cxsprt10020.htm
2025-11-19 20:06:19,515 - INFO - 1 instances updated to ./data_container/25_11_19_20_02_55/24-25_cx_s_su819.htm.csv.
2025-11-19 20:06:19,717 - INFO - Visiting: http://www.drps.ed.ac.uk/24-25/dpt/cxsprt10056.htm
2025-11-19 20:06:19,740 - INFO - 1 instances updated to ./data_container/25_11_19_20_02_55/24-25_cx_s_su819.htm.csv.
2025-11-19 20:06:19,979 - INFO - Visiting: http://www.drps.ed.ac.uk/24-25/dpt/cxsprt10062.htm
2025-11-19 20:06:20,012 - INFO - 1 instances updated to ./data_container/25_11_19_20_02_55/24-25_cx_s_su819.htm.csv.
2025-11-19 20:06:20,154 - INFO - Visiting: http://www.drps.ed.ac.uk/24-25/dpt/cxsprt10065.htm
2025-11-19 20:06:20,186 - INFO - 1 instances updated to ./data_container/25_11_19_20_02_55/24-25_cx_s_su819.htm.csv.
2025-11-19 20:06:20,386 - INFO - Visiting: http://www.drps.ed.ac.uk/24-25/dpt/cxsprt10033.htm
2025-11-19 20:06:20,403 - INFO - 1 instances updated to ./data_container/25_11_19_20_02_55/24-25_cx_s_su819.htm.csv.
2025-11-19 20:06:20,501 - INFO - Visiting: http://www.drps.ed.ac.uk/24-25/dpt/cxsprt10032.htm
2025-11-19 20:06:20,523 - INFO - 1 instances updated to ./data_container/25_11_19_20_02_55/24-25_cx_s_su819.htm.csv.
2025-11-19 20:06:20,627 - INFO - Visiting: http://www.drps.ed.ac.uk/24-25/dpt/cxsprt10052.htm
2025-11-19 20:06:20,658 - INFO - 1 instances updated to ./data_container/25_11_19_20_02_55/24-25_cx_s_su819.htm.csv.
2025-11-19 20:06:20,869 - INFO - Visiting: http://www.drps.ed.ac.uk/24-25/dpt/cxsprt10050.htm
2025-11-19 20:06:20,908 - INFO - 1 instances updated to ./data_container/25_11_19_20_02_55/24-25_cx_s_su819.htm.csv.
2025-11-19 20:06:21,139 - INFO - Visiting: http://www.drps.ed.ac.uk/24-25/dpt/cxsprt10049.htm
2025-11-19 20:06:21,175 - INFO - 1 instances updated to ./data_container/25_11_19_20_02_55/24-25_cx_s_su819.htm.csv.
2025-11-19 20:06:21,356 - INFO - Visiting: http://www.drps.ed.ac.uk/24-25/dpt/cxsprt10051.htm
2025-11-19 20:06:21,381 - INFO - 1 instances updated to ./data_container/25_11_19_20_02_55/24-25_cx_s_su819.htm.csv.
2025-11-19 20:06:21,557 - INFO - Visiting: http://www.drps.ed.ac.uk/24-25/dpt/cxsprt10047.htm
2025-11-19 20:06:21,592 - INFO - 1 instances updated to ./data_container/25_11_19_20_02_55/24-25_cx_s_su819.htm.csv.
2025-11-19 20:06:21,724 - INFO - Visiting: http://www.drps.ed.ac.uk/24-25/dpt/cxsprt10027.htm
2025-11-19 20:06:21,760 - INFO - 1 instances updated to ./data_container/25_11_19_20_02_55/24-25_cx_s_su819.htm.csv.
2025-11-19 20:06:21,939 - INFO - Visiting: http://www.drps.ed.ac.uk/24-25/dpt/cxsprt10005.htm
2025-11-19 20:06:21,975 - INFO - 1 instances updated to ./data_container/25_11_19_20_02_55/24-25_cx_s_su819.htm.csv.
2025-11-19 20:06:22,150 - INFO - Visiting: http://www.drps.ed.ac.uk/24-25/dpt/cxsprt10006.htm
2025-11-19 20:06:22,189 - INFO - 1 instances updated to ./data_container/25_11_19_20_02_55/24-25_cx_s_su819.htm.csv.
2025-11-19 20:06:22,397 - INFO - Visiting: http://www.drps.ed.ac.uk/24-25/dpt/cxsprt10038.htm
2025-11-19 20:06:22,436 - INFO - 1 instances updated to ./data_container/25_11_19_20_02_55/24-25_cx_s_su819.htm.csv.
2025-11-19 20:06:22,636 - INFO - Visiting: http://www.drps.ed.ac.uk/24-25/dpt/cxsprt10060.htm
2025-11-19 20:06:22,664 - INFO - 1 instances updated to ./data_container/25_11_19_20_02_55/24-25_cx_s_su819.htm.csv.
2025-11-19 20:06:22,871 - INFO - Visiting: http://www.drps.ed.ac.uk/24-25/dpt/cxsprt10057.htm
2025-11-19 20:06:22,906 - INFO - 1 instances updated to ./data_container/25_11_19_20_02_55/24-25_cx_s_su819.htm.csv.
2025-11-19 20:06:23,015 - INFO - Visiting: http://www.drps.ed.ac.uk/24-25/dpt/cxsprt10058.htm
2025-11-19 20:06:23,052 - INFO - 1 instances updated to ./data_container/25_11_19_20_02_55/24-25_cx_s_su819.htm.csv.
2025-11-19 20:06:23,188 - INFO - Visiting: http://www.drps.ed.ac.uk/24-25/dpt/cxsprt10061.htm
2025-11-19 20:06:23,222 - INFO - 1 instances updated to ./data_container/25_11_19_20_02_55/24-25_cx_s_su819.htm.csv.
2025-11-19 20:06:23,415 - INFO - Visiting: http://www.drps.ed.ac.uk/24-25/dpt/cxsprt10021.htm
2025-11-19 20:06:23,453 - INFO - 1 instances updated to ./data_container/25_11_19_20_02_55/24-25_cx_s_su819.htm.csv.
2025-11-19 20:06:23,645 - INFO - Visiting: http://www.drps.ed.ac.uk/24-25/dpt/cxsprt10067.htm
2025-11-19 20:06:23,671 - INFO - 1 instances updated to ./data_container/25_11_19_20_02_55/24-25_cx_s_su819.htm.csv.
2025-11-19 20:06:23,851 - INFO - Visiting: http://www.drps.ed.ac.uk/24-25/dpt/cxsprt10055.htm
2025-11-19 20:06:23,890 - INFO - 1 instances updated to ./data_container/25_11_19_20_02_55/24-25_cx_s_su819.htm.csv.
2025-11-19 20:06:24,086 - INFO - Visiting: http://www.drps.ed.ac.uk/24-25/dpt/cxsprt10030.htm
2025-11-19 20:06:24,124 - INFO - 1 instances updated to ./data_container/25_11_19_20_02_55/24-25_cx_s_su819.htm.csv.
2025-11-19 20:06:24,322 - INFO - Visiting: http://www.drps.ed.ac.uk/24-25/dpt/cxsprt10012.htm
2025-11-19 20:06:24,360 - INFO - 1 instances updated to ./data_container/25_11_19_20_02_55/24-25_cx_s_su819.htm.csv.
2025-11-19 20:06:24,588 - INFO - Visiting: http://www.drps.ed.ac.uk/24-25/dpt/cxsprt10034.htm
2025-11-19 20:06:24,605 - INFO - 1 instances updated to ./data_container/25_11_19_20_02_55/24-25_cx_s_su819.htm.csv.
2025-11-19 20:06:24,883 - INFO - Visiting: http://www.drps.ed.ac.uk/24-25/dpt/cxsprt10034.htm
2025-11-19 20:06:24,931 - INFO - 1 instances updated to ./data_container/25_11_19_20_02_55/24-25_cx_s_su819.htm.csv.
2025-11-19 20:06:25,079 - INFO - Visiting: http://www.drps.ed.ac.uk/24-25/dpt/cxsprt10034.htm
2025-11-19 20:06:25,106 - INFO - 1 instances updated to ./data_container/25_11_19_20_02_55/24-25_cx_s_su819.htm.csv.
2025-11-19 20:06:25,274 - INFO - Visiting: http://www.drps.ed.ac.uk/24-25/dpt/cxsprt10031.htm
2025-11-19 20:06:25,291 - INFO - 1 instances updated to ./data_container/25_11_19_20_02_55/24-25_cx_s_su819.htm.csv.
2025-11-19 20:06:25,457 - INFO - Visiting: http://www.drps.ed.ac.uk/24-25/dpt/cxsprt10063.htm
2025-11-19 20:06:25,474 - INFO - 1 instances updated to ./data_container/25_11_19_20_02_55/24-25_cx_s_su819.htm.csv.
2025-11-19 20:06:25,712 - INFO - Visiting: http://www.drps.ed.ac.uk/24-25/dpt/cxsprt10035.htm
2025-11-19 20:06:25,727 - INFO - 1 instances updated to ./data_container/25_11_19_20_02_55/24-25_cx_s_su819.htm.csv.
2025-11-19 20:06:25,910 - INFO - Visiting: http://www.drps.ed.ac.uk/24-25/dpt/cxsprt10066.htm
2025-11-19 20:06:25,935 - INFO - 1 instances updated to ./data_container/25_11_19_20_02_55/24-25_cx_s_su819.htm.csv.
2025-11-19 20:06:26,062 - INFO - Visiting: http://www.drps.ed.ac.uk/24-25/dpt/cxsprt11014.htm
2025-11-19 20:06:26,095 - INFO - 1 instances updated to ./data_container/25_11_19_20_02_55/24-25_cx_s_su819.htm.csv.
2025-11-19 20:06:26,231 - INFO - Visiting: http://www.drps.ed.ac.uk/24-25/dpt/cxsprt11017.htm
2025-11-19 20:06:26,270 - INFO - 1 instances updated to ./data_container/25_11_19_20_02_55/24-25_cx_s_su819.htm.csv.
2025-11-19 20:06:26,519 - INFO - Visiting: http://www.drps.ed.ac.uk/24-25/dpt/cxsprt11015.htm
2025-11-19 20:06:26,558 - INFO - 1 instances updated to ./data_container/25_11_19_20_02_55/24-25_cx_s_su819.htm.csv.
2025-11-19 20:06:26,755 - INFO - Visiting: http://www.drps.ed.ac.uk/24-25/dpt/cxsprt11006.htm
2025-11-19 20:06:26,779 - INFO - 1 instances updated to ./data_container/25_11_19_20_02_55/24-25_cx_s_su819.htm.csv.
2025-11-19 20:06:26,948 - INFO - Visiting: http://www.drps.ed.ac.uk/24-25/dpt/cxsprt11011.htm
2025-11-19 20:06:26,981 - INFO - 1 instances updated to ./data_container/25_11_19_20_02_55/24-25_cx_s_su819.htm.csv.
2025-11-19 20:06:27,204 - INFO - Visiting: http://www.drps.ed.ac.uk/24-25/dpt/cxsprt11012.htm
2025-11-19 20:06:27,241 - INFO - 1 instances updated to ./data_container/25_11_19_20_02_55/24-25_cx_s_su819.htm.csv.
2025-11-19 20:06:27,487 - INFO - Visiting: http://www.drps.ed.ac.uk/24-25/dpt/cxsprt11016.htm
2025-11-19 20:06:27,524 - INFO - 1 instances updated to ./data_container/25_11_19_20_02_55/24-25_cx_s_su819.htm.csv.
2025-11-19 20:06:27,703 - INFO - Visiting: http://www.drps.ed.ac.uk/24-25/dpt/cxsprt11013.htm
2025-11-19 20:06:27,720 - INFO - 1 instances updated to ./data_container/25_11_19_20_02_55/24-25_cx_s_su819.htm.csv.
2025-11-19 20:06:27,721 - INFO - Mining for keywords Accessibility,Inclusive design,Disability rights,Adaptive tools is success.
