2024-11-17 19:02:19,814 - INFO - Logger configured. Record to mine sites relevant to keywords semantic space.
2024-11-17 19:02:19,815 - INFO - ./data_container/24_11_17_18_21_43/24-25_cx_s_su796.htm.csv created.
2024-11-17 19:02:19,844 - INFO - Visiting: http://www.drps.ed.ac.uk/24-25/dpt/cx_sb_clps.htm
2024-11-17 19:02:19,926 - INFO - Visiting: http://www.drps.ed.ac.uk/24-25/dpt/cxclps10001.htm
2024-11-17 19:02:23,644 - INFO - 1 instances updated to ./data_container/24_11_17_18_21_43/24-25_cx_s_su796.htm.csv.
2024-11-17 19:02:23,675 - INFO - Visiting: http://www.drps.ed.ac.uk/24-25/dpt/cxclps11061.htm
2024-11-17 19:02:26,731 - INFO - 1 instances updated to ./data_container/24_11_17_18_21_43/24-25_cx_s_su796.htm.csv.
2024-11-17 19:02:26,762 - INFO - Visiting: http://www.drps.ed.ac.uk/24-25/dpt/cxclps11097.htm
2024-11-17 19:02:30,816 - INFO - 1 instances updated to ./data_container/24_11_17_18_21_43/24-25_cx_s_su796.htm.csv.
2024-11-17 19:02:30,837 - INFO - Visiting: http://www.drps.ed.ac.uk/24-25/dpt/cxclps11105.htm
2024-11-17 19:02:34,861 - INFO - 1 instances updated to ./data_container/24_11_17_18_21_43/24-25_cx_s_su796.htm.csv.
2024-11-17 19:02:34,906 - INFO - Visiting: http://www.drps.ed.ac.uk/24-25/dpt/cxclps11037.htm
2024-11-17 19:02:38,604 - INFO - 1 instances updated to ./data_container/24_11_17_18_21_43/24-25_cx_s_su796.htm.csv.
2024-11-17 19:02:38,635 - INFO - Visiting: http://www.drps.ed.ac.uk/24-25/dpt/cxclps11068.htm
2024-11-17 19:02:42,581 - INFO - 1 instances updated to ./data_container/24_11_17_18_21_43/24-25_cx_s_su796.htm.csv.
2024-11-17 19:02:42,612 - INFO - Visiting: http://www.drps.ed.ac.uk/24-25/dpt/cxclps11041.htm
2024-11-17 19:02:46,150 - INFO - 1 instances updated to ./data_container/24_11_17_18_21_43/24-25_cx_s_su796.htm.csv.
2024-11-17 19:02:46,180 - INFO - Visiting: http://www.drps.ed.ac.uk/24-25/dpt/cxclps11086.htm
2024-11-17 19:02:49,952 - INFO - 1 instances updated to ./data_container/24_11_17_18_21_43/24-25_cx_s_su796.htm.csv.
2024-11-17 19:02:49,988 - INFO - Visiting: http://www.drps.ed.ac.uk/24-25/dpt/cxclps11012.htm
2024-11-17 19:02:52,727 - INFO - 1 instances updated to ./data_container/24_11_17_18_21_43/24-25_cx_s_su796.htm.csv.
2024-11-17 19:02:52,758 - INFO - Visiting: http://www.drps.ed.ac.uk/24-25/dpt/cxclps11079.htm
2024-11-17 19:02:56,189 - INFO - 1 instances updated to ./data_container/24_11_17_18_21_43/24-25_cx_s_su796.htm.csv.
2024-11-17 19:02:56,244 - INFO - Visiting: http://www.drps.ed.ac.uk/24-25/dpt/cxclps11065.htm
2024-11-17 19:02:59,198 - INFO - 1 instances updated to ./data_container/24_11_17_18_21_43/24-25_cx_s_su796.htm.csv.
2024-11-17 19:02:59,232 - INFO - Visiting: http://www.drps.ed.ac.uk/24-25/dpt/cxclps11083.htm
2024-11-17 19:03:02,387 - INFO - 1 instances updated to ./data_container/24_11_17_18_21_43/24-25_cx_s_su796.htm.csv.
2024-11-17 19:03:02,418 - INFO - Visiting: http://www.drps.ed.ac.uk/24-25/dpt/cxclps11082.htm
2024-11-17 19:03:05,886 - INFO - 1 instances updated to ./data_container/24_11_17_18_21_43/24-25_cx_s_su796.htm.csv.
2024-11-17 19:03:05,919 - INFO - Visiting: http://www.drps.ed.ac.uk/24-25/dpt/cxclps11089.htm
2024-11-17 19:03:09,223 - INFO - 1 instances updated to ./data_container/24_11_17_18_21_43/24-25_cx_s_su796.htm.csv.
2024-11-17 19:03:09,250 - INFO - Visiting: http://www.drps.ed.ac.uk/24-25/dpt/cxclps11070.htm
2024-11-17 19:03:12,827 - INFO - 1 instances updated to ./data_container/24_11_17_18_21_43/24-25_cx_s_su796.htm.csv.
2024-11-17 19:03:12,857 - INFO - Visiting: http://www.drps.ed.ac.uk/24-25/dpt/cxclps11081.htm
2024-11-17 19:03:16,019 - INFO - 1 instances updated to ./data_container/24_11_17_18_21_43/24-25_cx_s_su796.htm.csv.
2024-11-17 19:03:16,058 - INFO - Visiting: http://www.drps.ed.ac.uk/24-25/dpt/cxclps11088.htm
2024-11-17 19:03:20,049 - INFO - 1 instances updated to ./data_container/24_11_17_18_21_43/24-25_cx_s_su796.htm.csv.
2024-11-17 19:03:20,080 - INFO - Visiting: http://www.drps.ed.ac.uk/24-25/dpt/cxclps11002.htm
2024-11-17 19:03:22,935 - INFO - 1 instances updated to ./data_container/24_11_17_18_21_43/24-25_cx_s_su796.htm.csv.
2024-11-17 19:03:22,975 - INFO - Visiting: http://www.drps.ed.ac.uk/24-25/dpt/cxclps11029.htm
2024-11-17 19:03:27,083 - INFO - 1 instances updated to ./data_container/24_11_17_18_21_43/24-25_cx_s_su796.htm.csv.
2024-11-17 19:03:27,182 - INFO - Visiting: http://www.drps.ed.ac.uk/24-25/dpt/cxclps11092.htm
2024-11-17 19:03:30,602 - INFO - 1 instances updated to ./data_container/24_11_17_18_21_43/24-25_cx_s_su796.htm.csv.
2024-11-17 19:03:30,680 - INFO - Visiting: http://www.drps.ed.ac.uk/24-25/dpt/cxclps11071.htm
2024-11-17 19:03:33,933 - INFO - 1 instances updated to ./data_container/24_11_17_18_21_43/24-25_cx_s_su796.htm.csv.
2024-11-17 19:03:33,948 - INFO - Visiting: http://www.drps.ed.ac.uk/24-25/dpt/cxclps11060.htm
2024-11-17 19:03:37,549 - INFO - 1 instances updated to ./data_container/24_11_17_18_21_43/24-25_cx_s_su796.htm.csv.
2024-11-17 19:03:37,578 - INFO - Visiting: http://www.drps.ed.ac.uk/24-25/dpt/cxclps11052.htm
2024-11-17 19:03:41,022 - INFO - 1 instances updated to ./data_container/24_11_17_18_21_43/24-25_cx_s_su796.htm.csv.
2024-11-17 19:03:41,058 - INFO - Visiting: http://www.drps.ed.ac.uk/24-25/dpt/cxclps11087.htm
2024-11-17 19:03:44,548 - INFO - 1 instances updated to ./data_container/24_11_17_18_21_43/24-25_cx_s_su796.htm.csv.
2024-11-17 19:03:44,587 - INFO - Visiting: http://www.drps.ed.ac.uk/24-25/dpt/cxclps11053.htm
2024-11-17 19:03:47,752 - INFO - 1 instances updated to ./data_container/24_11_17_18_21_43/24-25_cx_s_su796.htm.csv.
2024-11-17 19:03:47,783 - INFO - Visiting: http://www.drps.ed.ac.uk/24-25/dpt/cxclps11044.htm
2024-11-17 19:03:51,215 - INFO - 1 instances updated to ./data_container/24_11_17_18_21_43/24-25_cx_s_su796.htm.csv.
2024-11-17 19:03:51,245 - INFO - Visiting: http://www.drps.ed.ac.uk/24-25/dpt/cxclps11054.htm
2024-11-17 19:03:54,282 - INFO - 1 instances updated to ./data_container/24_11_17_18_21_43/24-25_cx_s_su796.htm.csv.
2024-11-17 19:03:54,313 - INFO - Visiting: http://www.drps.ed.ac.uk/24-25/dpt/cxclps11048.htm
2024-11-17 19:03:57,922 - INFO - 1 instances updated to ./data_container/24_11_17_18_21_43/24-25_cx_s_su796.htm.csv.
2024-11-17 19:03:57,967 - INFO - Visiting: http://www.drps.ed.ac.uk/24-25/dpt/cxclps11103.htm
2024-11-17 19:04:01,431 - INFO - 1 instances updated to ./data_container/24_11_17_18_21_43/24-25_cx_s_su796.htm.csv.
2024-11-17 19:04:01,446 - INFO - Visiting: http://www.drps.ed.ac.uk/24-25/dpt/cxclps11049.htm
2024-11-17 19:04:04,904 - INFO - 1 instances updated to ./data_container/24_11_17_18_21_43/24-25_cx_s_su796.htm.csv.
2024-11-17 19:04:05,213 - INFO - Visiting: http://www.drps.ed.ac.uk/24-25/dpt/cxclps11077.htm
2024-11-17 19:04:08,676 - INFO - 1 instances updated to ./data_container/24_11_17_18_21_43/24-25_cx_s_su796.htm.csv.
2024-11-17 19:04:09,730 - INFO - Visiting: http://www.drps.ed.ac.uk/24-25/dpt/cxclps11078.htm
2024-11-17 19:04:12,861 - INFO - 1 instances updated to ./data_container/24_11_17_18_21_43/24-25_cx_s_su796.htm.csv.
2024-11-17 19:04:12,876 - INFO - Visiting: http://www.drps.ed.ac.uk/24-25/dpt/cxclps11076.htm
2024-11-17 19:04:16,748 - INFO - 1 instances updated to ./data_container/24_11_17_18_21_43/24-25_cx_s_su796.htm.csv.
2024-11-17 19:04:16,764 - INFO - Visiting: http://www.drps.ed.ac.uk/24-25/dpt/cxclps11030.htm
2024-11-17 19:04:20,160 - INFO - 1 instances updated to ./data_container/24_11_17_18_21_43/24-25_cx_s_su796.htm.csv.
2024-11-17 19:04:20,237 - INFO - Visiting: http://www.drps.ed.ac.uk/24-25/dpt/cxclps11072.htm
2024-11-17 19:04:23,834 - INFO - 1 instances updated to ./data_container/24_11_17_18_21_43/24-25_cx_s_su796.htm.csv.
2024-11-17 19:04:23,869 - INFO - Visiting: http://www.drps.ed.ac.uk/24-25/dpt/cxclps11104.htm
2024-11-17 19:04:27,083 - INFO - 1 instances updated to ./data_container/24_11_17_18_21_43/24-25_cx_s_su796.htm.csv.
2024-11-17 19:04:27,181 - INFO - Visiting: http://www.drps.ed.ac.uk/24-25/dpt/cxclps11009.htm
2024-11-17 19:04:30,788 - INFO - 1 instances updated to ./data_container/24_11_17_18_21_43/24-25_cx_s_su796.htm.csv.
2024-11-17 19:04:30,822 - INFO - Visiting: http://www.drps.ed.ac.uk/24-25/dpt/cxclps11039.htm
2024-11-17 19:04:34,103 - INFO - 1 instances updated to ./data_container/24_11_17_18_21_43/24-25_cx_s_su796.htm.csv.
2024-11-17 19:04:34,137 - INFO - Visiting: http://www.drps.ed.ac.uk/24-25/dpt/cxclps11050.htm
2024-11-17 19:04:37,467 - INFO - 1 instances updated to ./data_container/24_11_17_18_21_43/24-25_cx_s_su796.htm.csv.
2024-11-17 19:04:37,500 - INFO - Visiting: http://www.drps.ed.ac.uk/24-25/dpt/cxclps11091.htm
2024-11-17 19:04:40,899 - INFO - 1 instances updated to ./data_container/24_11_17_18_21_43/24-25_cx_s_su796.htm.csv.
2024-11-17 19:04:40,915 - INFO - Visiting: http://www.drps.ed.ac.uk/24-25/dpt/cxclps11010.htm
2024-11-17 19:04:44,080 - INFO - 1 instances updated to ./data_container/24_11_17_18_21_43/24-25_cx_s_su796.htm.csv.
2024-11-17 19:04:44,115 - INFO - Visiting: http://www.drps.ed.ac.uk/24-25/dpt/cxclps11033.htm
2024-11-17 19:04:46,978 - INFO - 1 instances updated to ./data_container/24_11_17_18_21_43/24-25_cx_s_su796.htm.csv.
2024-11-17 19:04:47,009 - INFO - Visiting: http://www.drps.ed.ac.uk/24-25/dpt/cxclps11099.htm
2024-11-17 19:04:50,243 - INFO - 1 instances updated to ./data_container/24_11_17_18_21_43/24-25_cx_s_su796.htm.csv.
2024-11-17 19:04:50,294 - INFO - Visiting: http://www.drps.ed.ac.uk/24-25/dpt/cxclps11063.htm
2024-11-17 19:04:54,013 - INFO - 1 instances updated to ./data_container/24_11_17_18_21_43/24-25_cx_s_su796.htm.csv.
2024-11-17 19:04:54,044 - INFO - Visiting: http://www.drps.ed.ac.uk/24-25/dpt/cxclps11055.htm
2024-11-17 19:04:57,347 - INFO - 1 instances updated to ./data_container/24_11_17_18_21_43/24-25_cx_s_su796.htm.csv.
2024-11-17 19:04:57,377 - INFO - Visiting: http://www.drps.ed.ac.uk/24-25/dpt/cxclps11073.htm
2024-11-17 19:05:00,675 - INFO - 1 instances updated to ./data_container/24_11_17_18_21_43/24-25_cx_s_su796.htm.csv.
2024-11-17 19:05:00,705 - INFO - Visiting: http://www.drps.ed.ac.uk/24-25/dpt/cxclps11084.htm
2024-11-17 19:05:04,119 - INFO - 1 instances updated to ./data_container/24_11_17_18_21_43/24-25_cx_s_su796.htm.csv.
2024-11-17 19:05:04,150 - INFO - Visiting: http://www.drps.ed.ac.uk/24-25/dpt/cxclps11064.htm
2024-11-17 19:05:06,952 - INFO - 1 instances updated to ./data_container/24_11_17_18_21_43/24-25_cx_s_su796.htm.csv.
2024-11-17 19:05:06,983 - INFO - Visiting: http://www.drps.ed.ac.uk/24-25/dpt/cxclps11094.htm
2024-11-17 19:05:10,028 - INFO - 1 instances updated to ./data_container/24_11_17_18_21_43/24-25_cx_s_su796.htm.csv.
2024-11-17 19:05:10,094 - INFO - Visiting: http://www.drps.ed.ac.uk/24-25/dpt/cxclps11058.htm
2024-11-17 19:05:13,233 - INFO - 1 instances updated to ./data_container/24_11_17_18_21_43/24-25_cx_s_su796.htm.csv.
2024-11-17 19:05:13,274 - INFO - Visiting: http://www.drps.ed.ac.uk/24-25/dpt/cxclps11047.htm
2024-11-17 19:05:16,529 - INFO - 1 instances updated to ./data_container/24_11_17_18_21_43/24-25_cx_s_su796.htm.csv.
2024-11-17 19:05:16,569 - INFO - Visiting: http://www.drps.ed.ac.uk/24-25/dpt/cxclps11085.htm
2024-11-17 19:05:19,879 - INFO - 1 instances updated to ./data_container/24_11_17_18_21_43/24-25_cx_s_su796.htm.csv.
2024-11-17 19:05:19,914 - INFO - Visiting: http://www.drps.ed.ac.uk/24-25/dpt/cxclps11100.htm
2024-11-17 19:05:23,296 - INFO - 1 instances updated to ./data_container/24_11_17_18_21_43/24-25_cx_s_su796.htm.csv.
2024-11-17 19:05:23,343 - INFO - Visiting: http://www.drps.ed.ac.uk/24-25/dpt/cxclps11042.htm
2024-11-17 19:05:26,249 - INFO - 1 instances updated to ./data_container/24_11_17_18_21_43/24-25_cx_s_su796.htm.csv.
2024-11-17 19:05:26,318 - INFO - Visiting: http://www.drps.ed.ac.uk/24-25/dpt/cxclps11013.htm
2024-11-17 19:05:30,694 - INFO - 1 instances updated to ./data_container/24_11_17_18_21_43/24-25_cx_s_su796.htm.csv.
2024-11-17 19:05:30,817 - INFO - Visiting: http://www.drps.ed.ac.uk/24-25/dpt/cxclps11006.htm
2024-11-17 19:05:34,408 - INFO - 1 instances updated to ./data_container/24_11_17_18_21_43/24-25_cx_s_su796.htm.csv.
2024-11-17 19:05:34,440 - INFO - Visiting: http://www.drps.ed.ac.uk/24-25/dpt/cxclps11062.htm
2024-11-17 19:05:37,956 - INFO - 1 instances updated to ./data_container/24_11_17_18_21_43/24-25_cx_s_su796.htm.csv.
2024-11-17 19:05:37,972 - INFO - Visiting: http://www.drps.ed.ac.uk/24-25/dpt/cxclps11014.htm
2024-11-17 19:05:41,159 - INFO - 1 instances updated to ./data_container/24_11_17_18_21_43/24-25_cx_s_su796.htm.csv.
2024-11-17 19:05:41,190 - INFO - Visiting: http://www.drps.ed.ac.uk/24-25/dpt/cxclps11090.htm
2024-11-17 19:05:44,589 - INFO - 1 instances updated to ./data_container/24_11_17_18_21_43/24-25_cx_s_su796.htm.csv.
2024-11-17 19:05:44,624 - INFO - Visiting: http://www.drps.ed.ac.uk/24-25/dpt/cxclps11056.htm
2024-11-17 19:05:48,667 - INFO - 1 instances updated to ./data_container/24_11_17_18_21_43/24-25_cx_s_su796.htm.csv.
2024-11-17 19:05:48,697 - INFO - Visiting: http://www.drps.ed.ac.uk/24-25/dpt/cxclps11095.htm
2024-11-17 19:05:55,421 - INFO - 1 instances updated to ./data_container/24_11_17_18_21_43/24-25_cx_s_su796.htm.csv.
2024-11-17 19:05:55,454 - INFO - Visiting: http://www.drps.ed.ac.uk/24-25/dpt/cxclps11066.htm
2024-11-17 19:05:58,708 - INFO - 1 instances updated to ./data_container/24_11_17_18_21_43/24-25_cx_s_su796.htm.csv.
2024-11-17 19:05:58,736 - INFO - Visiting: http://www.drps.ed.ac.uk/24-25/dpt/cxclps11067.htm
2024-11-17 19:06:01,877 - INFO - 1 instances updated to ./data_container/24_11_17_18_21_43/24-25_cx_s_su796.htm.csv.
2024-11-17 19:06:01,921 - INFO - Visiting: http://www.drps.ed.ac.uk/24-25/dpt/cxclps11046.htm
2024-11-17 19:06:05,527 - INFO - 1 instances updated to ./data_container/24_11_17_18_21_43/24-25_cx_s_su796.htm.csv.
2024-11-17 19:06:08,997 - INFO - Visiting: http://www.drps.ed.ac.uk/24-25/dpt/cxclps11101.htm
2024-11-17 19:06:12,932 - INFO - 1 instances updated to ./data_container/24_11_17_18_21_43/24-25_cx_s_su796.htm.csv.
2024-11-17 19:06:12,960 - INFO - Visiting: http://www.drps.ed.ac.uk/24-25/dpt/cxclps11057.htm
2024-11-17 19:06:16,506 - INFO - 1 instances updated to ./data_container/24_11_17_18_21_43/24-25_cx_s_su796.htm.csv.
2024-11-17 19:06:16,535 - INFO - Visiting: http://www.drps.ed.ac.uk/24-25/dpt/cxclps11096.htm
2024-11-17 19:06:20,081 - INFO - 1 instances updated to ./data_container/24_11_17_18_21_43/24-25_cx_s_su796.htm.csv.
2024-11-17 19:06:20,111 - INFO - Visiting: http://www.drps.ed.ac.uk/24-25/dpt/cxclps11045.htm
2024-11-17 19:06:23,023 - INFO - 1 instances updated to ./data_container/24_11_17_18_21_43/24-25_cx_s_su796.htm.csv.
2024-11-17 19:06:23,053 - INFO - Visiting: http://www.drps.ed.ac.uk/24-25/dpt/cxclps11102.htm
2024-11-17 19:06:26,142 - INFO - 1 instances updated to ./data_container/24_11_17_18_21_43/24-25_cx_s_su796.htm.csv.
2024-11-17 19:06:26,172 - INFO - Visiting: http://www.drps.ed.ac.uk/24-25/dpt/cxclps11080.htm
2024-11-17 19:06:29,358 - INFO - 1 instances updated to ./data_container/24_11_17_18_21_43/24-25_cx_s_su796.htm.csv.
2024-11-17 19:06:29,390 - INFO - Visiting: http://www.drps.ed.ac.uk/24-25/dpt/cxclps11093.htm
2024-11-17 19:06:33,418 - INFO - 1 instances updated to ./data_container/24_11_17_18_21_43/24-25_cx_s_su796.htm.csv.
2024-11-17 19:06:33,450 - INFO - Visiting: http://www.drps.ed.ac.uk/24-25/dpt/cxclps11098.htm
2024-11-17 19:06:36,605 - INFO - 1 instances updated to ./data_container/24_11_17_18_21_43/24-25_cx_s_su796.htm.csv.
2024-11-17 19:06:36,621 - INFO - Visiting: http://www.drps.ed.ac.uk/24-25/dpt/cxclps12002.htm
2024-11-17 19:06:40,583 - INFO - 1 instances updated to ./data_container/24_11_17_18_21_43/24-25_cx_s_su796.htm.csv.
2024-11-17 19:06:40,616 - INFO - Visiting: http://www.drps.ed.ac.uk/24-25/dpt/cxclps12009.htm
2024-11-17 19:06:44,095 - INFO - 1 instances updated to ./data_container/24_11_17_18_21_43/24-25_cx_s_su796.htm.csv.
2024-11-17 19:06:44,127 - INFO - Visiting: http://www.drps.ed.ac.uk/24-25/dpt/cxclps12034.htm
2024-11-17 19:06:47,602 - INFO - 1 instances updated to ./data_container/24_11_17_18_21_43/24-25_cx_s_su796.htm.csv.
2024-11-17 19:06:47,637 - INFO - Visiting: http://www.drps.ed.ac.uk/24-25/dpt/cxclps12035.htm
2024-11-17 19:06:51,223 - INFO - 1 instances updated to ./data_container/24_11_17_18_21_43/24-25_cx_s_su796.htm.csv.
2024-11-17 19:06:51,257 - INFO - Visiting: http://www.drps.ed.ac.uk/24-25/dpt/cxclps12038.htm
2024-11-17 19:06:55,034 - INFO - 1 instances updated to ./data_container/24_11_17_18_21_43/24-25_cx_s_su796.htm.csv.
2024-11-17 19:06:55,052 - INFO - Visiting: http://www.drps.ed.ac.uk/24-25/dpt/cxclps12039.htm
2024-11-17 19:06:58,297 - INFO - 1 instances updated to ./data_container/24_11_17_18_21_43/24-25_cx_s_su796.htm.csv.
2024-11-17 19:06:58,331 - INFO - Visiting: http://www.drps.ed.ac.uk/24-25/dpt/cxclps12016.htm
2024-11-17 19:07:01,738 - INFO - 1 instances updated to ./data_container/24_11_17_18_21_43/24-25_cx_s_su796.htm.csv.
2024-11-17 19:07:01,769 - INFO - Visiting: http://www.drps.ed.ac.uk/24-25/dpt/cxclps12036.htm
2024-11-17 19:07:04,913 - INFO - 1 instances updated to ./data_container/24_11_17_18_21_43/24-25_cx_s_su796.htm.csv.
2024-11-17 19:07:04,943 - INFO - Visiting: http://www.drps.ed.ac.uk/24-25/dpt/cxclps12037.htm
2024-11-17 19:07:08,702 - INFO - 1 instances updated to ./data_container/24_11_17_18_21_43/24-25_cx_s_su796.htm.csv.
2024-11-17 19:07:08,727 - INFO - Visiting: http://www.drps.ed.ac.uk/24-25/dpt/cxclps12013.htm
2024-11-17 19:07:12,024 - INFO - 1 instances updated to ./data_container/24_11_17_18_21_43/24-25_cx_s_su796.htm.csv.
2024-11-17 19:07:12,056 - INFO - Visiting: http://www.drps.ed.ac.uk/24-25/dpt/cxclps12014.htm
2024-11-17 19:07:15,714 - INFO - 1 instances updated to ./data_container/24_11_17_18_21_43/24-25_cx_s_su796.htm.csv.
2024-11-17 19:07:15,715 - INFO - Mining for keywords Accessibility,Inclusive design,Disability rights,Adaptive tools is success.
2024-11-17 19:07:15,760 - INFO - Visiting: http://www.drps.ed.ac.uk/24-25/dpt/cx_sb_cnst.htm
2024-11-17 19:07:15,921 - INFO - Visiting: http://www.drps.ed.ac.uk/24-25/dpt/cxcnst08001.htm
2024-11-17 19:07:19,245 - INFO - 1 instances updated to ./data_container/24_11_17_18_21_43/24-25_cx_s_su796.htm.csv.
2024-11-17 19:07:19,282 - INFO - Visiting: http://www.drps.ed.ac.uk/24-25/dpt/cxcnst08002.htm
2024-11-17 19:07:22,299 - INFO - 1 instances updated to ./data_container/24_11_17_18_21_43/24-25_cx_s_su796.htm.csv.
2024-11-17 19:07:22,337 - INFO - Visiting: http://www.drps.ed.ac.uk/24-25/dpt/cxcnst11079.htm
2024-11-17 19:07:25,467 - INFO - 1 instances updated to ./data_container/24_11_17_18_21_43/24-25_cx_s_su796.htm.csv.
2024-11-17 19:07:25,500 - INFO - Visiting: http://www.drps.ed.ac.uk/24-25/dpt/cxcnst11061.htm
2024-11-17 19:07:28,480 - INFO - 1 instances updated to ./data_container/24_11_17_18_21_43/24-25_cx_s_su796.htm.csv.
2024-11-17 19:07:28,732 - INFO - Visiting: http://www.drps.ed.ac.uk/24-25/dpt/cxcnst11053.htm
2024-11-17 19:07:31,561 - INFO - 1 instances updated to ./data_container/24_11_17_18_21_43/24-25_cx_s_su796.htm.csv.
2024-11-17 19:07:31,595 - INFO - Visiting: http://www.drps.ed.ac.uk/24-25/dpt/cxcnst11095.htm
2024-11-17 19:07:35,569 - INFO - 1 instances updated to ./data_container/24_11_17_18_21_43/24-25_cx_s_su796.htm.csv.
2024-11-17 19:07:35,600 - INFO - Visiting: http://www.drps.ed.ac.uk/24-25/dpt/cxcnst11034.htm
2024-11-17 19:07:38,724 - INFO - 1 instances updated to ./data_container/24_11_17_18_21_43/24-25_cx_s_su796.htm.csv.
2024-11-17 19:07:38,756 - INFO - Visiting: http://www.drps.ed.ac.uk/24-25/dpt/cxcnst11090.htm
2024-11-17 19:07:41,866 - INFO - 1 instances updated to ./data_container/24_11_17_18_21_43/24-25_cx_s_su796.htm.csv.
2024-11-17 19:07:41,897 - INFO - Visiting: http://www.drps.ed.ac.uk/24-25/dpt/cxcnst11047.htm
2024-11-17 19:07:44,803 - INFO - 1 instances updated to ./data_container/24_11_17_18_21_43/24-25_cx_s_su796.htm.csv.
2024-11-17 19:07:44,834 - INFO - Visiting: http://www.drps.ed.ac.uk/24-25/dpt/cxcnst11076.htm
2024-11-17 19:07:48,177 - INFO - 1 instances updated to ./data_container/24_11_17_18_21_43/24-25_cx_s_su796.htm.csv.
2024-11-17 19:07:48,211 - INFO - Visiting: http://www.drps.ed.ac.uk/24-25/dpt/cxcnst11075.htm
2024-11-17 19:07:51,971 - INFO - 1 instances updated to ./data_container/24_11_17_18_21_43/24-25_cx_s_su796.htm.csv.
2024-11-17 19:07:51,989 - INFO - Visiting: http://www.drps.ed.ac.uk/24-25/dpt/cxcnst11097.htm
2024-11-17 19:07:55,288 - INFO - 1 instances updated to ./data_container/24_11_17_18_21_43/24-25_cx_s_su796.htm.csv.
2024-11-17 19:07:55,347 - INFO - Visiting: http://www.drps.ed.ac.uk/24-25/dpt/cxcnst11041.htm
2024-11-17 19:07:59,537 - INFO - 1 instances updated to ./data_container/24_11_17_18_21_43/24-25_cx_s_su796.htm.csv.
2024-11-17 19:07:59,588 - INFO - Visiting: http://www.drps.ed.ac.uk/24-25/dpt/cxcnst11068.htm
2024-11-17 19:08:02,890 - INFO - 1 instances updated to ./data_container/24_11_17_18_21_43/24-25_cx_s_su796.htm.csv.
2024-11-17 19:08:02,938 - INFO - Visiting: http://www.drps.ed.ac.uk/24-25/dpt/cxcnst11088.htm
2024-11-17 19:08:06,953 - INFO - 1 instances updated to ./data_container/24_11_17_18_21_43/24-25_cx_s_su796.htm.csv.
2024-11-17 19:08:06,968 - INFO - Visiting: http://www.drps.ed.ac.uk/24-25/dpt/cxcnst11089.htm
2024-11-17 19:08:10,010 - INFO - 1 instances updated to ./data_container/24_11_17_18_21_43/24-25_cx_s_su796.htm.csv.
2024-11-17 19:08:10,159 - INFO - Visiting: http://www.drps.ed.ac.uk/24-25/dpt/cxcnst11080.htm
2024-11-17 19:08:13,257 - INFO - 1 instances updated to ./data_container/24_11_17_18_21_43/24-25_cx_s_su796.htm.csv.
2024-11-17 19:08:13,271 - INFO - Visiting: http://www.drps.ed.ac.uk/24-25/dpt/cxcnst11086.htm
2024-11-17 19:08:16,769 - INFO - 1 instances updated to ./data_container/24_11_17_18_21_43/24-25_cx_s_su796.htm.csv.
2024-11-17 19:08:16,800 - INFO - Visiting: http://www.drps.ed.ac.uk/24-25/dpt/cxcnst11081.htm
2024-11-17 19:08:20,384 - INFO - 1 instances updated to ./data_container/24_11_17_18_21_43/24-25_cx_s_su796.htm.csv.
2024-11-17 19:08:20,412 - INFO - Visiting: http://www.drps.ed.ac.uk/24-25/dpt/cxcnst11012.htm
2024-11-17 19:08:24,252 - INFO - 1 instances updated to ./data_container/24_11_17_18_21_43/24-25_cx_s_su796.htm.csv.
2024-11-17 19:08:24,299 - INFO - Visiting: http://www.drps.ed.ac.uk/24-25/dpt/cxcnst11043.htm
2024-11-17 19:08:28,092 - INFO - 1 instances updated to ./data_container/24_11_17_18_21_43/24-25_cx_s_su796.htm.csv.
2024-11-17 19:08:28,125 - INFO - Visiting: http://www.drps.ed.ac.uk/24-25/dpt/cxcnst11077.htm
2024-11-17 19:08:31,210 - INFO - 1 instances updated to ./data_container/24_11_17_18_21_43/24-25_cx_s_su796.htm.csv.
2024-11-17 19:08:31,241 - INFO - Visiting: http://www.drps.ed.ac.uk/24-25/dpt/cxcnst11087.htm
2024-11-17 19:08:34,664 - INFO - 1 instances updated to ./data_container/24_11_17_18_21_43/24-25_cx_s_su796.htm.csv.
2024-11-17 19:08:34,696 - INFO - Visiting: http://www.drps.ed.ac.uk/24-25/dpt/cxcnst11084.htm
2024-11-17 19:08:40,687 - INFO - 1 instances updated to ./data_container/24_11_17_18_21_43/24-25_cx_s_su796.htm.csv.
2024-11-17 19:08:40,718 - INFO - Visiting: http://www.drps.ed.ac.uk/24-25/dpt/cxcnst11046.htm
2024-11-17 19:08:44,148 - INFO - 1 instances updated to ./data_container/24_11_17_18_21_43/24-25_cx_s_su796.htm.csv.
2024-11-17 19:08:44,179 - INFO - Visiting: http://www.drps.ed.ac.uk/24-25/dpt/cxcnst11014.htm
2024-11-17 19:08:47,398 - INFO - 1 instances updated to ./data_container/24_11_17_18_21_43/24-25_cx_s_su796.htm.csv.
2024-11-17 19:08:47,427 - INFO - Visiting: http://www.drps.ed.ac.uk/24-25/dpt/cxcnst11091.htm
2024-11-17 19:08:50,660 - INFO - 1 instances updated to ./data_container/24_11_17_18_21_43/24-25_cx_s_su796.htm.csv.
2024-11-17 19:08:50,738 - INFO - Visiting: http://www.drps.ed.ac.uk/24-25/dpt/cxcnst11062.htm
2024-11-17 19:08:53,666 - INFO - 1 instances updated to ./data_container/24_11_17_18_21_43/24-25_cx_s_su796.htm.csv.
2024-11-17 19:08:53,683 - INFO - Visiting: http://www.drps.ed.ac.uk/24-25/dpt/cxcnst11096.htm
2024-11-17 19:08:56,745 - INFO - 1 instances updated to ./data_container/24_11_17_18_21_43/24-25_cx_s_su796.htm.csv.
2024-11-17 19:08:56,774 - INFO - Visiting: http://www.drps.ed.ac.uk/24-25/dpt/cxcnst11093.htm
2024-11-17 19:09:00,273 - INFO - 1 instances updated to ./data_container/24_11_17_18_21_43/24-25_cx_s_su796.htm.csv.
2024-11-17 19:09:00,293 - INFO - Visiting: http://www.drps.ed.ac.uk/24-25/dpt/cxcnst11094.htm
2024-11-17 19:09:03,654 - INFO - 1 instances updated to ./data_container/24_11_17_18_21_43/24-25_cx_s_su796.htm.csv.
2024-11-17 19:09:03,670 - INFO - Visiting: http://www.drps.ed.ac.uk/24-25/dpt/cxcnst11085.htm
2024-11-17 19:09:06,528 - INFO - 1 instances updated to ./data_container/24_11_17_18_21_43/24-25_cx_s_su796.htm.csv.
2024-11-17 19:09:06,559 - INFO - Visiting: http://www.drps.ed.ac.uk/24-25/dpt/cxcnst11051.htm
2024-11-17 19:09:10,314 - INFO - 1 instances updated to ./data_container/24_11_17_18_21_43/24-25_cx_s_su796.htm.csv.
2024-11-17 19:09:10,345 - INFO - Visiting: http://www.drps.ed.ac.uk/24-25/dpt/cxcnst11082.htm
2024-11-17 19:09:13,409 - INFO - 1 instances updated to ./data_container/24_11_17_18_21_43/24-25_cx_s_su796.htm.csv.
2024-11-17 19:09:13,439 - INFO - Visiting: http://www.drps.ed.ac.uk/24-25/dpt/cxcnst11040.htm
2024-11-17 19:09:16,423 - INFO - 1 instances updated to ./data_container/24_11_17_18_21_43/24-25_cx_s_su796.htm.csv.
2024-11-17 19:09:16,453 - INFO - Visiting: http://www.drps.ed.ac.uk/24-25/dpt/cxcnst11042.htm
2024-11-17 19:09:19,935 - INFO - 1 instances updated to ./data_container/24_11_17_18_21_43/24-25_cx_s_su796.htm.csv.
2024-11-17 19:09:19,953 - INFO - Visiting: http://www.drps.ed.ac.uk/24-25/dpt/cxcnst12007.htm
2024-11-17 19:09:22,799 - INFO - 1 instances updated to ./data_container/24_11_17_18_21_43/24-25_cx_s_su796.htm.csv.
2024-11-17 19:09:22,829 - INFO - Visiting: http://www.drps.ed.ac.uk/24-25/dpt/cxcnst12013.htm
2024-11-17 19:09:26,046 - INFO - 1 instances updated to ./data_container/24_11_17_18_21_43/24-25_cx_s_su796.htm.csv.
2024-11-17 19:09:26,098 - INFO - Visiting: http://www.drps.ed.ac.uk/24-25/dpt/cxcnst12018.htm
2024-11-17 19:09:30,349 - INFO - 1 instances updated to ./data_container/24_11_17_18_21_43/24-25_cx_s_su796.htm.csv.
2024-11-17 19:09:30,379 - INFO - Visiting: http://www.drps.ed.ac.uk/24-25/dpt/cxcnst12021.htm
2024-11-17 19:09:33,916 - INFO - 1 instances updated to ./data_container/24_11_17_18_21_43/24-25_cx_s_su796.htm.csv.
2024-11-17 19:09:33,945 - INFO - Visiting: http://www.drps.ed.ac.uk/24-25/dpt/cxcnst12023.htm
2024-11-17 19:09:37,675 - INFO - 1 instances updated to ./data_container/24_11_17_18_21_43/24-25_cx_s_su796.htm.csv.
2024-11-17 19:09:37,706 - INFO - Visiting: http://www.drps.ed.ac.uk/24-25/dpt/cxcnst12017.htm
2024-11-17 19:09:40,596 - INFO - 1 instances updated to ./data_container/24_11_17_18_21_43/24-25_cx_s_su796.htm.csv.
2024-11-17 19:09:40,629 - INFO - Visiting: http://www.drps.ed.ac.uk/24-25/dpt/cxcnst12016.htm
2024-11-17 19:09:45,005 - INFO - 1 instances updated to ./data_container/24_11_17_18_21_43/24-25_cx_s_su796.htm.csv.
2024-11-17 19:09:45,035 - INFO - Visiting: http://www.drps.ed.ac.uk/24-25/dpt/cxcnst12020.htm
2024-11-17 19:09:48,047 - INFO - 1 instances updated to ./data_container/24_11_17_18_21_43/24-25_cx_s_su796.htm.csv.
2024-11-17 19:09:48,078 - INFO - Visiting: http://www.drps.ed.ac.uk/24-25/dpt/cxcnst12022.htm
2024-11-17 19:09:51,452 - INFO - 1 instances updated to ./data_container/24_11_17_18_21_43/24-25_cx_s_su796.htm.csv.
2024-11-17 19:09:51,494 - INFO - Visiting: http://www.drps.ed.ac.uk/24-25/dpt/cxcnst12024.htm
2024-11-17 19:09:54,785 - INFO - 1 instances updated to ./data_container/24_11_17_18_21_43/24-25_cx_s_su796.htm.csv.
2024-11-17 19:09:54,824 - INFO - Visiting: http://www.drps.ed.ac.uk/24-25/dpt/cxcnst12019.htm
2024-11-17 19:09:58,540 - INFO - 1 instances updated to ./data_container/24_11_17_18_21_43/24-25_cx_s_su796.htm.csv.
2024-11-17 19:09:58,570 - INFO - Visiting: http://www.drps.ed.ac.uk/24-25/dpt/cxcnst12010.htm
2024-11-17 19:10:01,465 - INFO - 1 instances updated to ./data_container/24_11_17_18_21_43/24-25_cx_s_su796.htm.csv.
2024-11-17 19:10:01,498 - INFO - Visiting: http://www.drps.ed.ac.uk/24-25/dpt/cxcnst12015.htm
2024-11-17 19:10:05,168 - INFO - 1 instances updated to ./data_container/24_11_17_18_21_43/24-25_cx_s_su796.htm.csv.
2024-11-17 19:10:05,648 - INFO - Visiting: http://www.drps.ed.ac.uk/24-25/dpt/cxcnst12014.htm
2024-11-17 19:10:08,595 - INFO - 1 instances updated to ./data_container/24_11_17_18_21_43/24-25_cx_s_su796.htm.csv.
2024-11-17 19:10:09,867 - INFO - Visiting: http://www.drps.ed.ac.uk/24-25/dpt/cxcnst12012.htm
2024-11-17 19:10:13,239 - INFO - 1 instances updated to ./data_container/24_11_17_18_21_43/24-25_cx_s_su796.htm.csv.
2024-11-17 19:10:13,240 - INFO - Mining for keywords Accessibility,Inclusive design,Disability rights,Adaptive tools is success.
2024-11-17 19:10:13,288 - INFO - Visiting: http://www.drps.ed.ac.uk/24-25/dpt/cx_sb_issh.htm
2024-11-17 19:10:13,341 - INFO - Visiting: http://www.drps.ed.ac.uk/24-25/dpt/cxissh11026.htm
2024-11-17 19:10:16,892 - INFO - 1 instances updated to ./data_container/24_11_17_18_21_43/24-25_cx_s_su796.htm.csv.
2024-11-17 19:10:16,923 - INFO - Visiting: http://www.drps.ed.ac.uk/24-25/dpt/cxissh11021.htm
2024-11-17 19:10:20,385 - INFO - 1 instances updated to ./data_container/24_11_17_18_21_43/24-25_cx_s_su796.htm.csv.
2024-11-17 19:10:20,417 - INFO - Visiting: http://www.drps.ed.ac.uk/24-25/dpt/cxissh11011.htm
2024-11-17 19:10:24,195 - INFO - 1 instances updated to ./data_container/24_11_17_18_21_43/24-25_cx_s_su796.htm.csv.
2024-11-17 19:10:24,210 - INFO - Visiting: http://www.drps.ed.ac.uk/24-25/dpt/cxissh11018.htm
2024-11-17 19:10:27,191 - INFO - 1 instances updated to ./data_container/24_11_17_18_21_43/24-25_cx_s_su796.htm.csv.
2024-11-17 19:10:27,224 - INFO - Visiting: http://www.drps.ed.ac.uk/24-25/dpt/cxissh11017.htm
2024-11-17 19:10:30,849 - INFO - 1 instances updated to ./data_container/24_11_17_18_21_43/24-25_cx_s_su796.htm.csv.
2024-11-17 19:10:30,866 - INFO - Visiting: http://www.drps.ed.ac.uk/24-25/dpt/cxissh11016.htm
2024-11-17 19:10:34,175 - INFO - 1 instances updated to ./data_container/24_11_17_18_21_43/24-25_cx_s_su796.htm.csv.
2024-11-17 19:10:34,210 - INFO - Visiting: http://www.drps.ed.ac.uk/24-25/dpt/cxissh11007.htm
2024-11-17 19:10:37,432 - INFO - 1 instances updated to ./data_container/24_11_17_18_21_43/24-25_cx_s_su796.htm.csv.
2024-11-17 19:10:37,476 - INFO - Visiting: http://www.drps.ed.ac.uk/24-25/dpt/cxissh11010.htm
2024-11-17 19:10:40,361 - INFO - 1 instances updated to ./data_container/24_11_17_18_21_43/24-25_cx_s_su796.htm.csv.
2024-11-17 19:10:40,392 - INFO - Visiting: http://www.drps.ed.ac.uk/24-25/dpt/cxissh11023.htm
2024-11-17 19:10:43,335 - INFO - 1 instances updated to ./data_container/24_11_17_18_21_43/24-25_cx_s_su796.htm.csv.
2024-11-17 19:10:43,336 - INFO - Mining for keywords Accessibility,Inclusive design,Disability rights,Adaptive tools is success.
2024-11-17 19:10:43,356 - INFO - Visiting: http://www.drps.ed.ac.uk/24-25/dpt/cx_sb_nust.htm
2024-11-17 19:10:43,537 - INFO - Visiting: http://www.drps.ed.ac.uk/24-25/dpt/cxnust08026.htm
2024-11-17 19:10:46,701 - INFO - 1 instances updated to ./data_container/24_11_17_18_21_43/24-25_cx_s_su796.htm.csv.
2024-11-17 19:10:46,742 - INFO - Visiting: http://www.drps.ed.ac.uk/24-25/dpt/cxnust08024.htm
2024-11-17 19:10:50,195 - INFO - 1 instances updated to ./data_container/24_11_17_18_21_43/24-25_cx_s_su796.htm.csv.
2024-11-17 19:10:50,227 - INFO - Visiting: http://www.drps.ed.ac.uk/24-25/dpt/cxnust08025.htm
2024-11-17 19:10:53,694 - INFO - 1 instances updated to ./data_container/24_11_17_18_21_43/24-25_cx_s_su796.htm.csv.
2024-11-17 19:10:53,711 - INFO - Visiting: http://www.drps.ed.ac.uk/24-25/dpt/cxnust08022.htm
2024-11-17 19:10:57,559 - INFO - 1 instances updated to ./data_container/24_11_17_18_21_43/24-25_cx_s_su796.htm.csv.
2024-11-17 19:10:57,597 - INFO - Visiting: http://www.drps.ed.ac.uk/24-25/dpt/cxnust08023.htm
2024-11-17 19:11:00,684 - INFO - 1 instances updated to ./data_container/24_11_17_18_21_43/24-25_cx_s_su796.htm.csv.
2024-11-17 19:11:00,739 - INFO - Visiting: http://www.drps.ed.ac.uk/24-25/dpt/cxnust08027.htm
2024-11-17 19:11:04,124 - INFO - 1 instances updated to ./data_container/24_11_17_18_21_43/24-25_cx_s_su796.htm.csv.
2024-11-17 19:11:04,159 - INFO - Visiting: http://www.drps.ed.ac.uk/24-25/dpt/cxnust08019.htm
2024-11-17 19:11:07,771 - INFO - 1 instances updated to ./data_container/24_11_17_18_21_43/24-25_cx_s_su796.htm.csv.
2024-11-17 19:11:07,802 - INFO - Visiting: http://www.drps.ed.ac.uk/24-25/dpt/cxnust08020.htm
2024-11-17 19:11:11,629 - INFO - 1 instances updated to ./data_container/24_11_17_18_21_43/24-25_cx_s_su796.htm.csv.
2024-11-17 19:11:11,654 - INFO - Visiting: http://www.drps.ed.ac.uk/24-25/dpt/cxnust08021.htm
2024-11-17 19:11:14,821 - INFO - 1 instances updated to ./data_container/24_11_17_18_21_43/24-25_cx_s_su796.htm.csv.
2024-11-17 19:11:14,867 - INFO - Visiting: http://www.drps.ed.ac.uk/24-25/dpt/cxnust10035.htm
2024-11-17 19:11:17,592 - INFO - 1 instances updated to ./data_container/24_11_17_18_21_43/24-25_cx_s_su796.htm.csv.
2024-11-17 19:11:17,643 - INFO - Visiting: http://www.drps.ed.ac.uk/24-25/dpt/cxnust10062.htm
2024-11-17 19:11:21,686 - INFO - 1 instances updated to ./data_container/24_11_17_18_21_43/24-25_cx_s_su796.htm.csv.
2024-11-17 19:11:21,725 - INFO - Visiting: http://www.drps.ed.ac.uk/24-25/dpt/cxnust10022.htm
2024-11-17 19:11:24,969 - INFO - 1 instances updated to ./data_container/24_11_17_18_21_43/24-25_cx_s_su796.htm.csv.
2024-11-17 19:11:25,000 - INFO - Visiting: http://www.drps.ed.ac.uk/24-25/dpt/cxnust10033.htm
2024-11-17 19:11:27,976 - INFO - 1 instances updated to ./data_container/24_11_17_18_21_43/24-25_cx_s_su796.htm.csv.
2024-11-17 19:11:28,013 - INFO - Visiting: http://www.drps.ed.ac.uk/24-25/dpt/cxnust10005.htm
2024-11-17 19:11:31,738 - INFO - 1 instances updated to ./data_container/24_11_17_18_21_43/24-25_cx_s_su796.htm.csv.
2024-11-17 19:11:31,758 - INFO - Visiting: http://www.drps.ed.ac.uk/24-25/dpt/cxnust10057.htm
2024-11-17 19:11:35,090 - INFO - 1 instances updated to ./data_container/24_11_17_18_21_43/24-25_cx_s_su796.htm.csv.
2024-11-17 19:11:35,122 - INFO - Visiting: http://www.drps.ed.ac.uk/24-25/dpt/cxnust10002.htm
2024-11-17 19:11:40,385 - INFO - 1 instances updated to ./data_container/24_11_17_18_21_43/24-25_cx_s_su796.htm.csv.
2024-11-17 19:11:40,420 - INFO - Visiting: http://www.drps.ed.ac.uk/24-25/dpt/cxnust10050.htm
2024-11-17 19:11:43,656 - INFO - 1 instances updated to ./data_container/24_11_17_18_21_43/24-25_cx_s_su796.htm.csv.
2024-11-17 19:11:43,686 - INFO - Visiting: http://www.drps.ed.ac.uk/24-25/dpt/cxnust10044.htm
2024-11-17 19:11:47,200 - INFO - 1 instances updated to ./data_container/24_11_17_18_21_43/24-25_cx_s_su796.htm.csv.
2024-11-17 19:11:47,217 - INFO - Visiting: http://www.drps.ed.ac.uk/24-25/dpt/cxnust10036.htm
2024-11-17 19:11:50,655 - INFO - 1 instances updated to ./data_container/24_11_17_18_21_43/24-25_cx_s_su796.htm.csv.
2024-11-17 19:11:50,690 - INFO - Visiting: http://www.drps.ed.ac.uk/24-25/dpt/cxnust10055.htm
2024-11-17 19:11:53,786 - INFO - 1 instances updated to ./data_container/24_11_17_18_21_43/24-25_cx_s_su796.htm.csv.
2024-11-17 19:11:53,830 - INFO - Visiting: http://www.drps.ed.ac.uk/24-25/dpt/cxnust10059.htm
2024-11-17 19:11:57,193 - INFO - 1 instances updated to ./data_container/24_11_17_18_21_43/24-25_cx_s_su796.htm.csv.
2024-11-17 19:11:57,224 - INFO - Visiting: http://www.drps.ed.ac.uk/24-25/dpt/cxnust10045.htm
2024-11-17 19:12:00,479 - INFO - 1 instances updated to ./data_container/24_11_17_18_21_43/24-25_cx_s_su796.htm.csv.
2024-11-17 19:12:00,516 - INFO - Visiting: http://www.drps.ed.ac.uk/24-25/dpt/cxnust10051.htm
2024-11-17 19:12:05,066 - INFO - 1 instances updated to ./data_container/24_11_17_18_21_43/24-25_cx_s_su796.htm.csv.
2024-11-17 19:12:05,425 - INFO - Visiting: http://www.drps.ed.ac.uk/24-25/dpt/cxnust10008.htm
2024-11-17 19:12:08,944 - INFO - 1 instances updated to ./data_container/24_11_17_18_21_43/24-25_cx_s_su796.htm.csv.
2024-11-17 19:12:09,366 - INFO - Visiting: http://www.drps.ed.ac.uk/24-25/dpt/cxnust10061.htm
2024-11-17 19:12:13,322 - INFO - 1 instances updated to ./data_container/24_11_17_18_21_43/24-25_cx_s_su796.htm.csv.
2024-11-17 19:12:13,363 - INFO - Visiting: http://www.drps.ed.ac.uk/24-25/dpt/cxnust10046.htm
2024-11-17 19:12:16,445 - INFO - 1 instances updated to ./data_container/24_11_17_18_21_43/24-25_cx_s_su796.htm.csv.
2024-11-17 19:12:16,479 - INFO - Visiting: http://www.drps.ed.ac.uk/24-25/dpt/cxnust10053.htm
2024-11-17 19:12:20,109 - INFO - 1 instances updated to ./data_container/24_11_17_18_21_43/24-25_cx_s_su796.htm.csv.
2024-11-17 19:12:20,146 - INFO - Visiting: http://www.drps.ed.ac.uk/24-25/dpt/cxnust10054.htm
2024-11-17 19:12:23,455 - INFO - 1 instances updated to ./data_container/24_11_17_18_21_43/24-25_cx_s_su796.htm.csv.
2024-11-17 19:12:23,489 - INFO - Visiting: http://www.drps.ed.ac.uk/24-25/dpt/cxnust10043.htm
2024-11-17 19:12:26,789 - INFO - 1 instances updated to ./data_container/24_11_17_18_21_43/24-25_cx_s_su796.htm.csv.
2024-11-17 19:12:26,821 - INFO - Visiting: http://www.drps.ed.ac.uk/24-25/dpt/cxnust10060.htm
2024-11-17 19:12:31,204 - INFO - 1 instances updated to ./data_container/24_11_17_18_21_43/24-25_cx_s_su796.htm.csv.
2024-11-17 19:12:31,233 - INFO - Visiting: http://www.drps.ed.ac.uk/24-25/dpt/cxnust10052.htm
2024-11-17 19:12:34,539 - INFO - 1 instances updated to ./data_container/24_11_17_18_21_43/24-25_cx_s_su796.htm.csv.
2024-11-17 19:12:34,579 - INFO - Visiting: http://www.drps.ed.ac.uk/24-25/dpt/cxnust10058.htm
2024-11-17 19:12:38,386 - INFO - 1 instances updated to ./data_container/24_11_17_18_21_43/24-25_cx_s_su796.htm.csv.
2024-11-17 19:12:38,415 - INFO - Visiting: http://www.drps.ed.ac.uk/24-25/dpt/cxnust10030.htm
2024-11-17 19:12:41,173 - INFO - 1 instances updated to ./data_container/24_11_17_18_21_43/24-25_cx_s_su796.htm.csv.
2024-11-17 19:12:41,210 - INFO - Visiting: http://www.drps.ed.ac.uk/24-25/dpt/cxnust10056.htm
2024-11-17 19:12:45,205 - INFO - 1 instances updated to ./data_container/24_11_17_18_21_43/24-25_cx_s_su796.htm.csv.
2024-11-17 19:12:45,238 - INFO - Visiting: http://www.drps.ed.ac.uk/24-25/dpt/cxnust11099.htm
2024-11-17 19:12:49,032 - INFO - 1 instances updated to ./data_container/24_11_17_18_21_43/24-25_cx_s_su796.htm.csv.
2024-11-17 19:12:49,071 - INFO - Visiting: http://www.drps.ed.ac.uk/24-25/dpt/cxnust11121.htm
2024-11-17 19:12:52,726 - INFO - 1 instances updated to ./data_container/24_11_17_18_21_43/24-25_cx_s_su796.htm.csv.
2024-11-17 19:12:52,742 - INFO - Visiting: http://www.drps.ed.ac.uk/24-25/dpt/cxnust11116.htm
2024-11-17 19:12:56,532 - INFO - 1 instances updated to ./data_container/24_11_17_18_21_43/24-25_cx_s_su796.htm.csv.
2024-11-17 19:12:56,561 - INFO - Visiting: http://www.drps.ed.ac.uk/24-25/dpt/cxnust11131.htm
2024-11-17 19:13:00,669 - INFO - 1 instances updated to ./data_container/24_11_17_18_21_43/24-25_cx_s_su796.htm.csv.
2024-11-17 19:13:00,702 - INFO - Visiting: http://www.drps.ed.ac.uk/24-25/dpt/cxnust11110.htm
2024-11-17 19:13:04,519 - INFO - 1 instances updated to ./data_container/24_11_17_18_21_43/24-25_cx_s_su796.htm.csv.
2024-11-17 19:13:04,549 - INFO - Visiting: http://www.drps.ed.ac.uk/24-25/dpt/cxnust11111.htm
2024-11-17 19:13:08,735 - INFO - 1 instances updated to ./data_container/24_11_17_18_21_43/24-25_cx_s_su796.htm.csv.
2024-11-17 19:13:08,767 - INFO - Visiting: http://www.drps.ed.ac.uk/24-25/dpt/cxnust11113.htm
2024-11-17 19:13:12,057 - INFO - 1 instances updated to ./data_container/24_11_17_18_21_43/24-25_cx_s_su796.htm.csv.
2024-11-17 19:13:12,074 - INFO - Visiting: http://www.drps.ed.ac.uk/24-25/dpt/cxnust11048.htm
2024-11-17 19:13:16,483 - INFO - 1 instances updated to ./data_container/24_11_17_18_21_43/24-25_cx_s_su796.htm.csv.
2024-11-17 19:13:16,513 - INFO - Visiting: http://www.drps.ed.ac.uk/24-25/dpt/cxnust11085.htm
2024-11-17 19:13:19,486 - INFO - 1 instances updated to ./data_container/24_11_17_18_21_43/24-25_cx_s_su796.htm.csv.
2024-11-17 19:13:19,501 - INFO - Visiting: http://www.drps.ed.ac.uk/24-25/dpt/cxnust11080.htm
2024-11-17 19:13:23,091 - INFO - 1 instances updated to ./data_container/24_11_17_18_21_43/24-25_cx_s_su796.htm.csv.
2024-11-17 19:13:23,120 - INFO - Visiting: http://www.drps.ed.ac.uk/24-25/dpt/cxnust11127.htm
2024-11-17 19:13:26,792 - INFO - 1 instances updated to ./data_container/24_11_17_18_21_43/24-25_cx_s_su796.htm.csv.
2024-11-17 19:13:26,832 - INFO - Visiting: http://www.drps.ed.ac.uk/24-25/dpt/cxnust11091.htm
2024-11-17 19:13:31,123 - INFO - 1 instances updated to ./data_container/24_11_17_18_21_43/24-25_cx_s_su796.htm.csv.
2024-11-17 19:13:31,155 - INFO - Visiting: http://www.drps.ed.ac.uk/24-25/dpt/cxnust11129.htm
2024-11-17 19:13:34,304 - INFO - 1 instances updated to ./data_container/24_11_17_18_21_43/24-25_cx_s_su796.htm.csv.
2024-11-17 19:13:34,335 - INFO - Visiting: http://www.drps.ed.ac.uk/24-25/dpt/cxnust11092.htm
2024-11-17 19:13:38,251 - INFO - 1 instances updated to ./data_container/24_11_17_18_21_43/24-25_cx_s_su796.htm.csv.
2024-11-17 19:13:38,283 - INFO - Visiting: http://www.drps.ed.ac.uk/24-25/dpt/cxnust11088.htm
2024-11-17 19:13:41,370 - INFO - 1 instances updated to ./data_container/24_11_17_18_21_43/24-25_cx_s_su796.htm.csv.
2024-11-17 19:13:41,399 - INFO - Visiting: http://www.drps.ed.ac.uk/24-25/dpt/cxnust11082.htm
2024-11-17 19:13:45,262 - INFO - 1 instances updated to ./data_container/24_11_17_18_21_43/24-25_cx_s_su796.htm.csv.
2024-11-17 19:13:45,292 - INFO - Visiting: http://www.drps.ed.ac.uk/24-25/dpt/cxnust11102.htm
2024-11-17 19:13:48,745 - INFO - 1 instances updated to ./data_container/24_11_17_18_21_43/24-25_cx_s_su796.htm.csv.
2024-11-17 19:13:48,781 - INFO - Visiting: http://www.drps.ed.ac.uk/24-25/dpt/cxnust11058.htm
2024-11-17 19:13:52,013 - INFO - 1 instances updated to ./data_container/24_11_17_18_21_43/24-25_cx_s_su796.htm.csv.
2024-11-17 19:13:52,043 - INFO - Visiting: http://www.drps.ed.ac.uk/24-25/dpt/cxnust11033.htm
2024-11-17 19:13:55,804 - INFO - 1 instances updated to ./data_container/24_11_17_18_21_43/24-25_cx_s_su796.htm.csv.
2024-11-17 19:13:55,836 - INFO - Visiting: http://www.drps.ed.ac.uk/24-25/dpt/cxnust11125.htm
2024-11-17 19:13:59,355 - INFO - 1 instances updated to ./data_container/24_11_17_18_21_43/24-25_cx_s_su796.htm.csv.
2024-11-17 19:13:59,403 - INFO - Visiting: http://www.drps.ed.ac.uk/24-25/dpt/cxnust11089.htm
2024-11-17 19:14:03,216 - INFO - 1 instances updated to ./data_container/24_11_17_18_21_43/24-25_cx_s_su796.htm.csv.
2024-11-17 19:14:03,252 - INFO - Visiting: http://www.drps.ed.ac.uk/24-25/dpt/cxnust11107.htm
2024-11-17 19:14:07,407 - INFO - 1 instances updated to ./data_container/24_11_17_18_21_43/24-25_cx_s_su796.htm.csv.
2024-11-17 19:14:11,568 - INFO - Visiting: http://www.drps.ed.ac.uk/24-25/dpt/cxnust11095.htm
2024-11-17 19:14:15,265 - INFO - 1 instances updated to ./data_container/24_11_17_18_21_43/24-25_cx_s_su796.htm.csv.
2024-11-17 19:14:15,296 - INFO - Visiting: http://www.drps.ed.ac.uk/24-25/dpt/cxnust11124.htm
2024-11-17 19:14:18,404 - INFO - 1 instances updated to ./data_container/24_11_17_18_21_43/24-25_cx_s_su796.htm.csv.
2024-11-17 19:14:18,434 - INFO - Visiting: http://www.drps.ed.ac.uk/24-25/dpt/cxnust11112.htm
2024-11-17 19:14:22,318 - INFO - 1 instances updated to ./data_container/24_11_17_18_21_43/24-25_cx_s_su796.htm.csv.
2024-11-17 19:14:22,369 - INFO - Visiting: http://www.drps.ed.ac.uk/24-25/dpt/cxnust11096.htm
2024-11-17 19:14:25,763 - INFO - 1 instances updated to ./data_container/24_11_17_18_21_43/24-25_cx_s_su796.htm.csv.
2024-11-17 19:14:25,829 - INFO - Visiting: http://www.drps.ed.ac.uk/24-25/dpt/cxnust11106.htm
2024-11-17 19:14:29,499 - INFO - 1 instances updated to ./data_container/24_11_17_18_21_43/24-25_cx_s_su796.htm.csv.
2024-11-17 19:14:29,560 - INFO - Visiting: http://www.drps.ed.ac.uk/24-25/dpt/cxnust11087.htm
2024-11-17 19:14:33,316 - INFO - 1 instances updated to ./data_container/24_11_17_18_21_43/24-25_cx_s_su796.htm.csv.
2024-11-17 19:14:33,374 - INFO - Visiting: http://www.drps.ed.ac.uk/24-25/dpt/cxnust11105.htm
2024-11-17 19:14:37,281 - INFO - 1 instances updated to ./data_container/24_11_17_18_21_43/24-25_cx_s_su796.htm.csv.
2024-11-17 19:14:37,325 - INFO - Visiting: http://www.drps.ed.ac.uk/24-25/dpt/cxnust11090.htm
2024-11-17 19:14:40,714 - INFO - 1 instances updated to ./data_container/24_11_17_18_21_43/24-25_cx_s_su796.htm.csv.
2024-11-17 19:14:40,762 - INFO - Visiting: http://www.drps.ed.ac.uk/24-25/dpt/cxnust11093.htm
2024-11-17 19:14:44,211 - INFO - 1 instances updated to ./data_container/24_11_17_18_21_43/24-25_cx_s_su796.htm.csv.
2024-11-17 19:14:44,240 - INFO - Visiting: http://www.drps.ed.ac.uk/24-25/dpt/cxnust11109.htm
2024-11-17 19:14:47,594 - INFO - 1 instances updated to ./data_container/24_11_17_18_21_43/24-25_cx_s_su796.htm.csv.
2024-11-17 19:14:47,639 - INFO - Visiting: http://www.drps.ed.ac.uk/24-25/dpt/cxnust11123.htm
2024-11-17 19:14:50,933 - INFO - 1 instances updated to ./data_container/24_11_17_18_21_43/24-25_cx_s_su796.htm.csv.
2024-11-17 19:14:50,961 - INFO - Visiting: http://www.drps.ed.ac.uk/24-25/dpt/cxnust11115.htm
2024-11-17 19:14:53,781 - INFO - 1 instances updated to ./data_container/24_11_17_18_21_43/24-25_cx_s_su796.htm.csv.
2024-11-17 19:14:53,826 - INFO - Visiting: http://www.drps.ed.ac.uk/24-25/dpt/cxnust11046.htm
2024-11-17 19:14:57,471 - INFO - 1 instances updated to ./data_container/24_11_17_18_21_43/24-25_cx_s_su796.htm.csv.
2024-11-17 19:14:57,501 - INFO - Visiting: http://www.drps.ed.ac.uk/24-25/dpt/cxnust11101.htm
2024-11-17 19:15:01,477 - INFO - 1 instances updated to ./data_container/24_11_17_18_21_43/24-25_cx_s_su796.htm.csv.
2024-11-17 19:15:01,507 - INFO - Visiting: http://www.drps.ed.ac.uk/24-25/dpt/cxnust11126.htm
2024-11-17 19:15:05,410 - INFO - 1 instances updated to ./data_container/24_11_17_18_21_43/24-25_cx_s_su796.htm.csv.
2024-11-17 19:15:05,447 - INFO - Visiting: http://www.drps.ed.ac.uk/24-25/dpt/cxnust11103.htm
2024-11-17 19:15:09,171 - INFO - 1 instances updated to ./data_container/24_11_17_18_21_43/24-25_cx_s_su796.htm.csv.
2024-11-17 19:15:09,229 - INFO - Visiting: http://www.drps.ed.ac.uk/24-25/dpt/cxnust11100.htm
2024-11-17 19:15:12,680 - INFO - 1 instances updated to ./data_container/24_11_17_18_21_43/24-25_cx_s_su796.htm.csv.
2024-11-17 19:15:12,695 - INFO - Visiting: http://www.drps.ed.ac.uk/24-25/dpt/cxnust11119.htm
2024-11-17 19:15:16,404 - INFO - 1 instances updated to ./data_container/24_11_17_18_21_43/24-25_cx_s_su796.htm.csv.
2024-11-17 19:15:16,434 - INFO - Visiting: http://www.drps.ed.ac.uk/24-25/dpt/cxnust11081.htm
2024-11-17 19:15:19,573 - INFO - 1 instances updated to ./data_container/24_11_17_18_21_43/24-25_cx_s_su796.htm.csv.
2024-11-17 19:15:19,603 - INFO - Visiting: http://www.drps.ed.ac.uk/24-25/dpt/cxnust11097.htm
2024-11-17 19:15:23,260 - INFO - 1 instances updated to ./data_container/24_11_17_18_21_43/24-25_cx_s_su796.htm.csv.
2024-11-17 19:15:23,290 - INFO - Visiting: http://www.drps.ed.ac.uk/24-25/dpt/cxnust11104.htm
2024-11-17 19:15:26,974 - INFO - 1 instances updated to ./data_container/24_11_17_18_21_43/24-25_cx_s_su796.htm.csv.
2024-11-17 19:15:26,988 - INFO - Visiting: http://www.drps.ed.ac.uk/24-25/dpt/cxnust11130.htm
2024-11-17 19:15:30,202 - INFO - 1 instances updated to ./data_container/24_11_17_18_21_43/24-25_cx_s_su796.htm.csv.
2024-11-17 19:15:30,240 - INFO - Visiting: http://www.drps.ed.ac.uk/24-25/dpt/cxnust11114.htm
2024-11-17 19:15:33,824 - INFO - 1 instances updated to ./data_container/24_11_17_18_21_43/24-25_cx_s_su796.htm.csv.
2024-11-17 19:15:33,838 - INFO - Visiting: http://www.drps.ed.ac.uk/24-25/dpt/cxnust11083.htm
2024-11-17 19:15:36,872 - INFO - 1 instances updated to ./data_container/24_11_17_18_21_43/24-25_cx_s_su796.htm.csv.
2024-11-17 19:15:36,903 - INFO - Visiting: http://www.drps.ed.ac.uk/24-25/dpt/cxnust11120.htm
2024-11-17 19:15:46,156 - INFO - 1 instances updated to ./data_container/24_11_17_18_21_43/24-25_cx_s_su796.htm.csv.
2024-11-17 19:15:46,191 - INFO - Visiting: http://www.drps.ed.ac.uk/24-25/dpt/cxnust11117.htm
2024-11-17 19:15:49,610 - INFO - 1 instances updated to ./data_container/24_11_17_18_21_43/24-25_cx_s_su796.htm.csv.
2024-11-17 19:15:49,642 - INFO - Visiting: http://www.drps.ed.ac.uk/24-25/dpt/cxnust11059.htm
2024-11-17 19:15:52,964 - INFO - 1 instances updated to ./data_container/24_11_17_18_21_43/24-25_cx_s_su796.htm.csv.
2024-11-17 19:15:52,994 - INFO - Visiting: http://www.drps.ed.ac.uk/24-25/dpt/cxnust11060.htm
2024-11-17 19:15:56,729 - INFO - 1 instances updated to ./data_container/24_11_17_18_21_43/24-25_cx_s_su796.htm.csv.
2024-11-17 19:15:56,760 - INFO - Visiting: http://www.drps.ed.ac.uk/24-25/dpt/cxnust11118.htm
2024-11-17 19:16:00,273 - INFO - 1 instances updated to ./data_container/24_11_17_18_21_43/24-25_cx_s_su796.htm.csv.
2024-11-17 19:16:00,306 - INFO - Visiting: http://www.drps.ed.ac.uk/24-25/dpt/cxnust11078.htm
2024-11-17 19:16:03,673 - INFO - 1 instances updated to ./data_container/24_11_17_18_21_43/24-25_cx_s_su796.htm.csv.
2024-11-17 19:16:03,704 - INFO - Visiting: http://www.drps.ed.ac.uk/24-25/dpt/cxnust11077.htm
2024-11-17 19:16:07,206 - INFO - 1 instances updated to ./data_container/24_11_17_18_21_43/24-25_cx_s_su796.htm.csv.
2024-11-17 19:16:09,917 - INFO - Visiting: http://www.drps.ed.ac.uk/24-25/dpt/cxnust11052.htm
2024-11-17 19:16:13,146 - INFO - 1 instances updated to ./data_container/24_11_17_18_21_43/24-25_cx_s_su796.htm.csv.
2024-11-17 19:16:13,176 - INFO - Visiting: http://www.drps.ed.ac.uk/24-25/dpt/cxnust11098.htm
2024-11-17 19:16:17,226 - INFO - 1 instances updated to ./data_container/24_11_17_18_21_43/24-25_cx_s_su796.htm.csv.
2024-11-17 19:16:17,242 - INFO - Visiting: http://www.drps.ed.ac.uk/24-25/dpt/cxnust11075.htm
2024-11-17 19:16:20,801 - INFO - 1 instances updated to ./data_container/24_11_17_18_21_43/24-25_cx_s_su796.htm.csv.
2024-11-17 19:16:20,831 - INFO - Visiting: http://www.drps.ed.ac.uk/24-25/dpt/cxnust11108.htm
2024-11-17 19:16:25,473 - INFO - 1 instances updated to ./data_container/24_11_17_18_21_43/24-25_cx_s_su796.htm.csv.
2024-11-17 19:16:25,502 - INFO - Visiting: http://www.drps.ed.ac.uk/24-25/dpt/cxnust11108.htm
2024-11-17 19:16:29,604 - INFO - 1 instances updated to ./data_container/24_11_17_18_21_43/24-25_cx_s_su796.htm.csv.
2024-11-17 19:16:29,634 - INFO - Visiting: http://www.drps.ed.ac.uk/24-25/dpt/cxnust11013.htm
2024-11-17 19:16:32,897 - INFO - 1 instances updated to ./data_container/24_11_17_18_21_43/24-25_cx_s_su796.htm.csv.
2024-11-17 19:16:32,928 - INFO - Visiting: http://www.drps.ed.ac.uk/24-25/dpt/cxnust11094.htm
2024-11-17 19:16:37,194 - INFO - 1 instances updated to ./data_container/24_11_17_18_21_43/24-25_cx_s_su796.htm.csv.
2024-11-17 19:16:37,227 - INFO - Visiting: http://www.drps.ed.ac.uk/24-25/dpt/cxnust11084.htm
2024-11-17 19:16:41,455 - INFO - 1 instances updated to ./data_container/24_11_17_18_21_43/24-25_cx_s_su796.htm.csv.
2024-11-17 19:16:41,455 - INFO - Mining for keywords Accessibility,Inclusive design,Disability rights,Adaptive tools is success.
2024-11-17 19:16:41,555 - INFO - Visiting: http://www.drps.ed.ac.uk/24-25/dpt/cx_sb_shss.htm
2024-11-17 19:16:41,626 - INFO - Visiting: http://www.drps.ed.ac.uk/24-25/dpt/cxshss08004.htm
2024-11-17 19:16:44,800 - INFO - 1 instances updated to ./data_container/24_11_17_18_21_43/24-25_cx_s_su796.htm.csv.
2024-11-17 19:16:44,829 - INFO - Visiting: http://www.drps.ed.ac.uk/24-25/dpt/cxshss08008.htm
2024-11-17 19:16:47,786 - INFO - 1 instances updated to ./data_container/24_11_17_18_21_43/24-25_cx_s_su796.htm.csv.
2024-11-17 19:16:47,819 - INFO - Visiting: http://www.drps.ed.ac.uk/24-25/dpt/cxshss08002.htm
2024-11-17 19:16:51,223 - INFO - 1 instances updated to ./data_container/24_11_17_18_21_43/24-25_cx_s_su796.htm.csv.
2024-11-17 19:16:51,258 - INFO - Visiting: http://www.drps.ed.ac.uk/24-25/dpt/cxshss08006.htm
2024-11-17 19:16:54,936 - INFO - 1 instances updated to ./data_container/24_11_17_18_21_43/24-25_cx_s_su796.htm.csv.
2024-11-17 19:16:54,970 - INFO - Visiting: http://www.drps.ed.ac.uk/24-25/dpt/cxshss08005.htm
2024-11-17 19:16:58,036 - INFO - 1 instances updated to ./data_container/24_11_17_18_21_43/24-25_cx_s_su796.htm.csv.
2024-11-17 19:16:58,051 - INFO - Visiting: http://www.drps.ed.ac.uk/24-25/dpt/cxshss08003.htm
2024-11-17 19:17:02,866 - INFO - 1 instances updated to ./data_container/24_11_17_18_21_43/24-25_cx_s_su796.htm.csv.
2024-11-17 19:17:03,245 - INFO - Visiting: http://www.drps.ed.ac.uk/24-25/dpt/cxshss08001.htm
2024-11-17 19:17:06,520 - INFO - 1 instances updated to ./data_container/24_11_17_18_21_43/24-25_cx_s_su796.htm.csv.
2024-11-17 19:17:06,564 - INFO - Visiting: http://www.drps.ed.ac.uk/24-25/dpt/cxshss08007.htm
2024-11-17 19:17:11,983 - INFO - 1 instances updated to ./data_container/24_11_17_18_21_43/24-25_cx_s_su796.htm.csv.
2024-11-17 19:17:11,998 - INFO - Visiting: http://www.drps.ed.ac.uk/24-25/dpt/cxshss10008.htm
2024-11-17 19:17:16,055 - INFO - 1 instances updated to ./data_container/24_11_17_18_21_43/24-25_cx_s_su796.htm.csv.
2024-11-17 19:17:16,087 - INFO - Visiting: http://www.drps.ed.ac.uk/24-25/dpt/cxshss10011.htm
2024-11-17 19:17:19,787 - INFO - 1 instances updated to ./data_container/24_11_17_18_21_43/24-25_cx_s_su796.htm.csv.
2024-11-17 19:17:19,819 - INFO - Visiting: http://www.drps.ed.ac.uk/24-25/dpt/cxshss10003.htm
2024-11-17 19:17:23,095 - INFO - 1 instances updated to ./data_container/24_11_17_18_21_43/24-25_cx_s_su796.htm.csv.
2024-11-17 19:17:23,112 - INFO - Visiting: http://www.drps.ed.ac.uk/24-25/dpt/cxshss10007.htm
2024-11-17 19:17:26,719 - INFO - 1 instances updated to ./data_container/24_11_17_18_21_43/24-25_cx_s_su796.htm.csv.
2024-11-17 19:17:26,733 - INFO - Visiting: http://www.drps.ed.ac.uk/24-25/dpt/cxshss10009.htm
2024-11-17 19:17:30,605 - INFO - 1 instances updated to ./data_container/24_11_17_18_21_43/24-25_cx_s_su796.htm.csv.
2024-11-17 19:17:30,680 - INFO - Visiting: http://www.drps.ed.ac.uk/24-25/dpt/cxshss10012.htm
2024-11-17 19:17:34,218 - INFO - 1 instances updated to ./data_container/24_11_17_18_21_43/24-25_cx_s_su796.htm.csv.
2024-11-17 19:17:34,233 - INFO - Visiting: http://www.drps.ed.ac.uk/24-25/dpt/cxshss10010.htm
2024-11-17 19:17:37,796 - INFO - 1 instances updated to ./data_container/24_11_17_18_21_43/24-25_cx_s_su796.htm.csv.
2024-11-17 19:17:37,814 - INFO - Visiting: http://www.drps.ed.ac.uk/24-25/dpt/cxshss10006.htm
2024-11-17 19:17:41,240 - INFO - 1 instances updated to ./data_container/24_11_17_18_21_43/24-25_cx_s_su796.htm.csv.
2024-11-17 19:17:41,270 - INFO - Visiting: http://www.drps.ed.ac.uk/24-25/dpt/cxshss10005.htm
2024-11-17 19:17:44,941 - INFO - 1 instances updated to ./data_container/24_11_17_18_21_43/24-25_cx_s_su796.htm.csv.
2024-11-17 19:17:44,998 - INFO - Visiting: http://www.drps.ed.ac.uk/24-25/dpt/cxshss10004.htm
2024-11-17 19:17:48,802 - INFO - 1 instances updated to ./data_container/24_11_17_18_21_43/24-25_cx_s_su796.htm.csv.
2024-11-17 19:17:48,833 - INFO - Visiting: http://www.drps.ed.ac.uk/24-25/dpt/cxshss10001.htm
2024-11-17 19:17:51,614 - INFO - 1 instances updated to ./data_container/24_11_17_18_21_43/24-25_cx_s_su796.htm.csv.
2024-11-17 19:17:51,656 - INFO - Visiting: http://www.drps.ed.ac.uk/24-25/dpt/cxshss10002.htm
2024-11-17 19:17:55,257 - INFO - 1 instances updated to ./data_container/24_11_17_18_21_43/24-25_cx_s_su796.htm.csv.
2024-11-17 19:17:55,272 - INFO - Visiting: http://www.drps.ed.ac.uk/24-25/dpt/cxshss11006.htm
2024-11-17 19:17:58,289 - INFO - 1 instances updated to ./data_container/24_11_17_18_21_43/24-25_cx_s_su796.htm.csv.
2024-11-17 19:17:58,317 - INFO - Visiting: http://www.drps.ed.ac.uk/24-25/dpt/cxshss11008.htm
2024-11-17 19:18:02,598 - INFO - 1 instances updated to ./data_container/24_11_17_18_21_43/24-25_cx_s_su796.htm.csv.
2024-11-17 19:18:02,628 - INFO - Visiting: http://www.drps.ed.ac.uk/24-25/dpt/cxshss11009.htm
2024-11-17 19:18:06,410 - INFO - 1 instances updated to ./data_container/24_11_17_18_21_43/24-25_cx_s_su796.htm.csv.
2024-11-17 19:18:10,705 - INFO - Visiting: http://www.drps.ed.ac.uk/24-25/dpt/cxshss11010.htm
2024-11-17 19:18:13,995 - INFO - 1 instances updated to ./data_container/24_11_17_18_21_43/24-25_cx_s_su796.htm.csv.
2024-11-17 19:18:14,025 - INFO - Visiting: http://www.drps.ed.ac.uk/24-25/dpt/cxshss11011.htm
2024-11-17 19:18:17,681 - INFO - 1 instances updated to ./data_container/24_11_17_18_21_43/24-25_cx_s_su796.htm.csv.
2024-11-17 19:18:17,699 - INFO - Visiting: http://www.drps.ed.ac.uk/24-25/dpt/cxshss11005.htm
2024-11-17 19:18:20,655 - INFO - 1 instances updated to ./data_container/24_11_17_18_21_43/24-25_cx_s_su796.htm.csv.
2024-11-17 19:18:20,687 - INFO - Visiting: http://www.drps.ed.ac.uk/24-25/dpt/cxshss11004.htm
2024-11-17 19:18:24,467 - INFO - 1 instances updated to ./data_container/24_11_17_18_21_43/24-25_cx_s_su796.htm.csv.
2024-11-17 19:18:24,498 - INFO - Visiting: http://www.drps.ed.ac.uk/24-25/dpt/cxshss11003.htm
2024-11-17 19:18:27,827 - INFO - 1 instances updated to ./data_container/24_11_17_18_21_43/24-25_cx_s_su796.htm.csv.
2024-11-17 19:18:27,867 - INFO - Visiting: http://www.drps.ed.ac.uk/24-25/dpt/cxshss11001.htm
2024-11-17 19:18:31,077 - INFO - 1 instances updated to ./data_container/24_11_17_18_21_43/24-25_cx_s_su796.htm.csv.
2024-11-17 19:18:31,107 - INFO - Visiting: http://www.drps.ed.ac.uk/24-25/dpt/cxshss11002.htm
2024-11-17 19:18:34,429 - INFO - 1 instances updated to ./data_container/24_11_17_18_21_43/24-25_cx_s_su796.htm.csv.
2024-11-17 19:18:34,430 - INFO - Mining for keywords Accessibility,Inclusive design,Disability rights,Adaptive tools is success.
                                                                                                                                                                                                                                                                                                                                                                                                                                                                                                                                                                                                                                                                                                                                                                                                                                                                                                                                                                                                                                                                                                                                                                                                                                                                                                                                                                                                                                                                                                                                                                                                                                                                                                                                                                                                                                                                                                                                                                                                                                                                                                                                                                                                                                                                                                                                                                                                                                                                                                                                                                                                                                                                                                                                                                                                                                                                                                                                                                                                                                                                                                                                                                                                                                                                                                                                                                                                                                                                                                                                                                                                                                                                                                                                                                                                                                                                                                                                                                                                                                                                                                                                                                                                                                                                                                                                                                                                                                                                                                                                                                                                                                                                                                                                                                                                                                                                                                                                                                                                                                                                                                                                                                                                                                                                                                                                                                                                                                                                                                                                                                                                                                                                                                                                                                                                                                                                                                                                                                                                                                                                                                                                                                                                                                                                                                                                                                                                                                                                                                                                                                                                                                                                                                                                                                                                                                                                                                                                                                                                                                                                                                                                                                                                                                                                                                                                                                                                                                                                                                                                                                                                                                                                                                                                                                                                                                                                                                                                                                                                                                                                                                                                                                                                                                                                                                                                                                                                                                                                                                                                                                                                                                                                                                                                                                                                                                                                                                                                                                                                                                                                                                                                                                                                                                                                                                                                                                                                                                                                                                                                                                                                                                                                                                                                                                                                                                                                                                                                                                                                                                                                                                                                                                                                                                                                                                                                                                                                                                                                                                                                                                                                                                                                                                                                                                                                                                                                                                                                                                                                                                                                                                                                                                                                                                                                                                                                                                                                                                                                                                                                                                                                                                                                                                                                                                                                                                                                                                                                                                                                                                                                                                                                                                                                                                                                                                                                                                                                                                                                                                                                                                                                                                                                                                                                                                                                                                                                                                                                                                                                                                                                                                                                                                                                                                                                                                                                                                                                                                                                                                                                                                                                                                                                                                                                                                                                                                                                                                                                                                                                                                                                                                                                                                                                                                                                                                                                                                                                                                                                                                                                                                                                                                                                                                                                                                                                                                                                                                                                                                                                                                                                                                                                                                                                                                                                                                                                                                                                                                                                                                                                                                                                                                                                                                                                                                                                                                                                                                                                                                                                                                                                                                                                                                                                                                                                                                                                                                                                                                                                                                                                                                                                                                                                                                                                                                                                                                                                                                                                                                                                                                                                                                                                                                                                                                                                                                                                                                                                                                                                                                                                                                                                                                                                                                                                                                                                                                                                                                                                                                                                                                                                                                                                                                                                                                                                                                                                                                                                                                                                                                                                                                                                                                                                                                                                                                                                                                                                                                                                                                                                                                                                                                                                                                                                                                                                                                                                                                                                                                                                                                                                                                                                                                                                                                                                                                                                                                                                                                                                                                                                                                                                                                                                                                                                                                                                                                                                                                                                                                                                                                                                                                                                                                                                                                                                                                                                                                                                                                                                                                                                                                                                                                                                                                                                                                                                                                                                                                                                                                                                                                                                                                                                                                                                                                                                                                                                                                                                                                                                                                                                                                                                                                                                                                                                                                                                                                                                                                                                                                                                                                                                                                                                                                                                                                                                                                                                                                                                                                                                                                                                                                                                                                                                                                                                                                                                                                                                                                                                                                                                                                                                                                                                                                                                                                                                                                                                                                                                                                                                                                                                                                                                                                                                                                                                                                                                                                                                                                                                                                                                                                                                                                                                                                                                                                                                                                                                                                                                                                                                                                                                                                                                                                                                                                                                                                                                                                                                                                                                                                                                                                                                                                                                                                                                                                                                                                                                                                                                                                                                                                                                                                                                                                                                                                                                                                                                                                                                                                                                                                                                                                                                                                                                                                                                                                                                                                                                                                                                                                                                                                                                                                                                                                                                                                                                                                                                                                                                                                                                                                                                                                                                                                                                                                                                                                                                                                                                                                                                                                                                                                                                                                                                                                                                                                                                                                                                                                                                                                                                                                                                                                                                                                                                                                                                                                                                                                                                                                                                                                                                                                                                                                                                                                                                                                                                                                                                                                                                                                                                                                                                                                                                                                                                                                                                                                                                                                                                                                                                                                                                                                                                                                                                                                                                                                                                                                                                                                                                                                                                                                                                                                                                                                                                                                                                                                                                                                                                                                                                                                                                                                                                                                                                                                                                                                                                                                                                                                                                                                                                                                                                                                                                                                                                                                                                                                                                                                                                                                                                                                                                                                                                                                                                                                                                                                                                                                                                                                                                                                                                                                                                                                                                                                                                                                                                                                                                                                                                                                                                                                                                                                                                                                                                                                                                                                                                                                                                                                                                                                                  2024-11-17 19:02:19,814 - INFO - Logger configured. Record to mine sites relevant to keywords semantic space.
2024-11-17 19:02:19,815 - INFO - ./data_container/24_11_17_18_21_43/24-25_cx_s_su796.htm.csv created.
2024-11-17 19:02:19,844 - INFO - Visiting: http://www.drps.ed.ac.uk/24-25/dpt/cx_sb_clps.htm
2024-11-17 19:02:19,926 - INFO - Visiting: http://www.drps.ed.ac.uk/24-25/dpt/cxclps10001.htm
2024-11-17 19:02:23,644 - INFO - 1 instances updated to ./data_container/24_11_17_18_21_43/24-25_cx_s_su796.htm.csv.
2024-11-17 19:02:23,675 - INFO - Visiting: http://www.drps.ed.ac.uk/24-25/dpt/cxclps11061.htm
2024-11-17 19:02:26,731 - INFO - 1 instances updated to ./data_container/24_11_17_18_21_43/24-25_cx_s_su796.htm.csv.
2024-11-17 19:02:26,762 - INFO - Visiting: http://www.drps.ed.ac.uk/24-25/dpt/cxclps11097.htm
2024-11-17 19:02:30,816 - INFO - 1 instances updated to ./data_container/24_11_17_18_21_43/24-25_cx_s_su796.htm.csv.
2024-11-17 19:02:30,837 - INFO - Visiting: http://www.drps.ed.ac.uk/24-25/dpt/cxclps11105.htm
2024-11-17 19:02:34,861 - INFO - 1 instances updated to ./data_container/24_11_17_18_21_43/24-25_cx_s_su796.htm.csv.
2024-11-17 19:02:34,906 - INFO - Visiting: http://www.drps.ed.ac.uk/24-25/dpt/cxclps11037.htm
2024-11-17 19:02:38,604 - INFO - 1 instances updated to ./data_container/24_11_17_18_21_43/24-25_cx_s_su796.htm.csv.
2024-11-17 19:02:38,635 - INFO - Visiting: http://www.drps.ed.ac.uk/24-25/dpt/cxclps11068.htm
2024-11-17 19:02:42,581 - INFO - 1 instances updated to ./data_container/24_11_17_18_21_43/24-25_cx_s_su796.htm.csv.
2024-11-17 19:02:42,612 - INFO - Visiting: http://www.drps.ed.ac.uk/24-25/dpt/cxclps11041.htm
2024-11-17 19:02:46,150 - INFO - 1 instances updated to ./data_container/24_11_17_18_21_43/24-25_cx_s_su796.htm.csv.
2024-11-17 19:02:46,180 - INFO - Visiting: http://www.drps.ed.ac.uk/24-25/dpt/cxclps11086.htm
2024-11-17 19:02:49,952 - INFO - 1 instances updated to ./data_container/24_11_17_18_21_43/24-25_cx_s_su796.htm.csv.
2024-11-17 19:02:49,988 - INFO - Visiting: http://www.drps.ed.ac.uk/24-25/dpt/cxclps11012.htm
2024-11-17 19:02:52,727 - INFO - 1 instances updated to ./data_container/24_11_17_18_21_43/24-25_cx_s_su796.htm.csv.
2024-11-17 19:02:52,758 - INFO - Visiting: http://www.drps.ed.ac.uk/24-25/dpt/cxclps11079.htm
2024-11-17 19:02:56,189 - INFO - 1 instances updated to ./data_container/24_11_17_18_21_43/24-25_cx_s_su796.htm.csv.
2024-11-17 19:02:56,244 - INFO - Visiting: http://www.drps.ed.ac.uk/24-25/dpt/cxclps11065.htm
2024-11-17 19:02:59,198 - INFO - 1 instances updated to ./data_container/24_11_17_18_21_43/24-25_cx_s_su796.htm.csv.
2024-11-17 19:02:59,232 - INFO - Visiting: http://www.drps.ed.ac.uk/24-25/dpt/cxclps11083.htm
2024-11-17 19:03:02,387 - INFO - 1 instances updated to ./data_container/24_11_17_18_21_43/24-25_cx_s_su796.htm.csv.
2024-11-17 19:03:02,418 - INFO - Visiting: http://www.drps.ed.ac.uk/24-25/dpt/cxclps11082.htm
2024-11-17 19:03:05,886 - INFO - 1 instances updated to ./data_container/24_11_17_18_21_43/24-25_cx_s_su796.htm.csv.
2024-11-17 19:03:05,919 - INFO - Visiting: http://www.drps.ed.ac.uk/24-25/dpt/cxclps11089.htm
2024-11-17 19:03:09,223 - INFO - 1 instances updated to ./data_container/24_11_17_18_21_43/24-25_cx_s_su796.htm.csv.
2024-11-17 19:03:09,250 - INFO - Visiting: http://www.drps.ed.ac.uk/24-25/dpt/cxclps11070.htm
2024-11-17 19:03:12,827 - INFO - 1 instances updated to ./data_container/24_11_17_18_21_43/24-25_cx_s_su796.htm.csv.
2024-11-17 19:03:12,857 - INFO - Visiting: http://www.drps.ed.ac.uk/24-25/dpt/cxclps11081.htm
2024-11-17 19:03:16,019 - INFO - 1 instances updated to ./data_container/24_11_17_18_21_43/24-25_cx_s_su796.htm.csv.
2024-11-17 19:03:16,058 - INFO - Visiting: http://www.drps.ed.ac.uk/24-25/dpt/cxclps11088.htm
2024-11-17 19:03:20,049 - INFO - 1 instances updated to ./data_container/24_11_17_18_21_43/24-25_cx_s_su796.htm.csv.
2024-11-17 19:03:20,080 - INFO - Visiting: http://www.drps.ed.ac.uk/24-25/dpt/cxclps11002.htm
2024-11-17 19:03:22,935 - INFO - 1 instances updated to ./data_container/24_11_17_18_21_43/24-25_cx_s_su796.htm.csv.
2024-11-17 19:03:22,975 - INFO - Visiting: http://www.drps.ed.ac.uk/24-25/dpt/cxclps11029.htm
2024-11-17 19:03:27,083 - INFO - 1 instances updated to ./data_container/24_11_17_18_21_43/24-25_cx_s_su796.htm.csv.
2024-11-17 19:03:27,182 - INFO - Visiting: http://www.drps.ed.ac.uk/24-25/dpt/cxclps11092.htm
2024-11-17 19:03:30,602 - INFO - 1 instances updated to ./data_container/24_11_17_18_21_43/24-25_cx_s_su796.htm.csv.
2024-11-17 19:03:30,680 - INFO - Visiting: http://www.drps.ed.ac.uk/24-25/dpt/cxclps11071.htm
2024-11-17 19:03:33,933 - INFO - 1 instances updated to ./data_container/24_11_17_18_21_43/24-25_cx_s_su796.htm.csv.
2024-11-17 19:03:33,948 - INFO - Visiting: http://www.drps.ed.ac.uk/24-25/dpt/cxclps11060.htm
2024-11-17 19:03:37,549 - INFO - 1 instances updated to ./data_container/24_11_17_18_21_43/24-25_cx_s_su796.htm.csv.
2024-11-17 19:03:37,578 - INFO - Visiting: http://www.drps.ed.ac.uk/24-25/dpt/cxclps11052.htm
2024-11-17 19:03:41,022 - INFO - 1 instances updated to ./data_container/24_11_17_18_21_43/24-25_cx_s_su796.htm.csv.
2024-11-17 19:03:41,058 - INFO - Visiting: http://www.drps.ed.ac.uk/24-25/dpt/cxclps11087.htm
2024-11-17 19:03:44,548 - INFO - 1 instances updated to ./data_container/24_11_17_18_21_43/24-25_cx_s_su796.htm.csv.
2024-11-17 19:03:44,587 - INFO - Visiting: http://www.drps.ed.ac.uk/24-25/dpt/cxclps11053.htm
2024-11-17 19:03:47,752 - INFO - 1 instances updated to ./data_container/24_11_17_18_21_43/24-25_cx_s_su796.htm.csv.
2024-11-17 19:03:47,783 - INFO - Visiting: http://www.drps.ed.ac.uk/24-25/dpt/cxclps11044.htm
2024-11-17 19:03:51,215 - INFO - 1 instances updated to ./data_container/24_11_17_18_21_43/24-25_cx_s_su796.htm.csv.
2024-11-17 19:03:51,245 - INFO - Visiting: http://www.drps.ed.ac.uk/24-25/dpt/cxclps11054.htm
2024-11-17 19:03:54,282 - INFO - 1 instances updated to ./data_container/24_11_17_18_21_43/24-25_cx_s_su796.htm.csv.
2024-11-17 19:03:54,313 - INFO - Visiting: http://www.drps.ed.ac.uk/24-25/dpt/cxclps11048.htm
2024-11-17 19:03:57,922 - INFO - 1 instances updated to ./data_container/24_11_17_18_21_43/24-25_cx_s_su796.htm.csv.
2024-11-17 19:03:57,967 - INFO - Visiting: http://www.drps.ed.ac.uk/24-25/dpt/cxclps11103.htm
2024-11-17 19:04:01,431 - INFO - 1 instances updated to ./data_container/24_11_17_18_21_43/24-25_cx_s_su796.htm.csv.
2024-11-17 19:04:01,446 - INFO - Visiting: http://www.drps.ed.ac.uk/24-25/dpt/cxclps11049.htm
2024-11-17 19:04:04,904 - INFO - 1 instances updated to ./data_container/24_11_17_18_21_43/24-25_cx_s_su796.htm.csv.
2024-11-17 19:04:05,213 - INFO - Visiting: http://www.drps.ed.ac.uk/24-25/dpt/cxclps11077.htm
2024-11-17 19:04:08,676 - INFO - 1 instances updated to ./data_container/24_11_17_18_21_43/24-25_cx_s_su796.htm.csv.
2024-11-17 19:04:09,730 - INFO - Visiting: http://www.drps.ed.ac.uk/24-25/dpt/cxclps11078.htm
2024-11-17 19:04:12,861 - INFO - 1 instances updated to ./data_container/24_11_17_18_21_43/24-25_cx_s_su796.htm.csv.
2024-11-17 19:04:12,876 - INFO - Visiting: http://www.drps.ed.ac.uk/24-25/dpt/cxclps11076.htm
2024-11-17 19:04:16,748 - INFO - 1 instances updated to ./data_container/24_11_17_18_21_43/24-25_cx_s_su796.htm.csv.
2024-11-17 19:04:16,764 - INFO - Visiting: http://www.drps.ed.ac.uk/24-25/dpt/cxclps11030.htm
2024-11-17 19:04:20,160 - INFO - 1 instances updated to ./data_container/24_11_17_18_21_43/24-25_cx_s_su796.htm.csv.
2024-11-17 19:04:20,237 - INFO - Visiting: http://www.drps.ed.ac.uk/24-25/dpt/cxclps11072.htm
2024-11-17 19:04:23,834 - INFO - 1 instances updated to ./data_container/24_11_17_18_21_43/24-25_cx_s_su796.htm.csv.
2024-11-17 19:04:23,869 - INFO - Visiting: http://www.drps.ed.ac.uk/24-25/dpt/cxclps11104.htm
2024-11-17 19:04:27,083 - INFO - 1 instances updated to ./data_container/24_11_17_18_21_43/24-25_cx_s_su796.htm.csv.
2024-11-17 19:04:27,181 - INFO - Visiting: http://www.drps.ed.ac.uk/24-25/dpt/cxclps11009.htm
2024-11-17 19:04:30,788 - INFO - 1 instances updated to ./data_container/24_11_17_18_21_43/24-25_cx_s_su796.htm.csv.
2024-11-17 19:04:30,822 - INFO - Visiting: http://www.drps.ed.ac.uk/24-25/dpt/cxclps11039.htm
2024-11-17 19:04:34,103 - INFO - 1 instances updated to ./data_container/24_11_17_18_21_43/24-25_cx_s_su796.htm.csv.
2024-11-17 19:04:34,137 - INFO - Visiting: http://www.drps.ed.ac.uk/24-25/dpt/cxclps11050.htm
2024-11-17 19:04:37,467 - INFO - 1 instances updated to ./data_container/24_11_17_18_21_43/24-25_cx_s_su796.htm.csv.
2024-11-17 19:04:37,500 - INFO - Visiting: http://www.drps.ed.ac.uk/24-25/dpt/cxclps11091.htm
2024-11-17 19:04:40,899 - INFO - 1 instances updated to ./data_container/24_11_17_18_21_43/24-25_cx_s_su796.htm.csv.
2024-11-17 19:04:40,915 - INFO - Visiting: http://www.drps.ed.ac.uk/24-25/dpt/cxclps11010.htm
2024-11-17 19:04:44,080 - INFO - 1 instances updated to ./data_container/24_11_17_18_21_43/24-25_cx_s_su796.htm.csv.
2024-11-17 19:04:44,115 - INFO - Visiting: http://www.drps.ed.ac.uk/24-25/dpt/cxclps11033.htm
2024-11-17 19:04:46,978 - INFO - 1 instances updated to ./data_container/24_11_17_18_21_43/24-25_cx_s_su796.htm.csv.
2024-11-17 19:04:47,009 - INFO - Visiting: http://www.drps.ed.ac.uk/24-25/dpt/cxclps11099.htm
2024-11-17 19:04:50,243 - INFO - 1 instances updated to ./data_container/24_11_17_18_21_43/24-25_cx_s_su796.htm.csv.
2024-11-17 19:04:50,294 - INFO - Visiting: http://www.drps.ed.ac.uk/24-25/dpt/cxclps11063.htm
2024-11-17 19:04:54,013 - INFO - 1 instances updated to ./data_container/24_11_17_18_21_43/24-25_cx_s_su796.htm.csv.
2024-11-17 19:04:54,044 - INFO - Visiting: http://www.drps.ed.ac.uk/24-25/dpt/cxclps11055.htm
2024-11-17 19:04:57,347 - INFO - 1 instances updated to ./data_container/24_11_17_18_21_43/24-25_cx_s_su796.htm.csv.
2024-11-17 19:04:57,377 - INFO - Visiting: http://www.drps.ed.ac.uk/24-25/dpt/cxclps11073.htm
2024-11-17 19:05:00,675 - INFO - 1 instances updated to ./data_container/24_11_17_18_21_43/24-25_cx_s_su796.htm.csv.
2024-11-17 19:05:00,705 - INFO - Visiting: http://www.drps.ed.ac.uk/24-25/dpt/cxclps11084.htm
2024-11-17 19:05:04,119 - INFO - 1 instances updated to ./data_container/24_11_17_18_21_43/24-25_cx_s_su796.htm.csv.
2024-11-17 19:05:04,150 - INFO - Visiting: http://www.drps.ed.ac.uk/24-25/dpt/cxclps11064.htm
2024-11-17 19:05:06,952 - INFO - 1 instances updated to ./data_container/24_11_17_18_21_43/24-25_cx_s_su796.htm.csv.
2024-11-17 19:05:06,983 - INFO - Visiting: http://www.drps.ed.ac.uk/24-25/dpt/cxclps11094.htm
2024-11-17 19:05:10,028 - INFO - 1 instances updated to ./data_container/24_11_17_18_21_43/24-25_cx_s_su796.htm.csv.
2024-11-17 19:05:10,094 - INFO - Visiting: http://www.drps.ed.ac.uk/24-25/dpt/cxclps11058.htm
2024-11-17 19:05:13,233 - INFO - 1 instances updated to ./data_container/24_11_17_18_21_43/24-25_cx_s_su796.htm.csv.
2024-11-17 19:05:13,274 - INFO - Visiting: http://www.drps.ed.ac.uk/24-25/dpt/cxclps11047.htm
2024-11-17 19:05:16,529 - INFO - 1 instances updated to ./data_container/24_11_17_18_21_43/24-25_cx_s_su796.htm.csv.
2024-11-17 19:05:16,569 - INFO - Visiting: http://www.drps.ed.ac.uk/24-25/dpt/cxclps11085.htm
2024-11-17 19:05:19,879 - INFO - 1 instances updated to ./data_container/24_11_17_18_21_43/24-25_cx_s_su796.htm.csv.
2024-11-17 19:05:19,914 - INFO - Visiting: http://www.drps.ed.ac.uk/24-25/dpt/cxclps11100.htm
2024-11-17 19:05:23,296 - INFO - 1 instances updated to ./data_container/24_11_17_18_21_43/24-25_cx_s_su796.htm.csv.
2024-11-17 19:05:23,343 - INFO - Visiting: http://www.drps.ed.ac.uk/24-25/dpt/cxclps11042.htm
2024-11-17 19:05:26,249 - INFO - 1 instances updated to ./data_container/24_11_17_18_21_43/24-25_cx_s_su796.htm.csv.
2024-11-17 19:05:26,318 - INFO - Visiting: http://www.drps.ed.ac.uk/24-25/dpt/cxclps11013.htm
2024-11-17 19:05:30,694 - INFO - 1 instances updated to ./data_container/24_11_17_18_21_43/24-25_cx_s_su796.htm.csv.
2024-11-17 19:05:30,817 - INFO - Visiting: http://www.drps.ed.ac.uk/24-25/dpt/cxclps11006.htm
2024-11-17 19:05:34,408 - INFO - 1 instances updated to ./data_container/24_11_17_18_21_43/24-25_cx_s_su796.htm.csv.
2024-11-17 19:05:34,440 - INFO - Visiting: http://www.drps.ed.ac.uk/24-25/dpt/cxclps11062.htm
2024-11-17 19:05:37,956 - INFO - 1 instances updated to ./data_container/24_11_17_18_21_43/24-25_cx_s_su796.htm.csv.
2024-11-17 19:05:37,972 - INFO - Visiting: http://www.drps.ed.ac.uk/24-25/dpt/cxclps11014.htm
2024-11-17 19:05:41,159 - INFO - 1 instances updated to ./data_container/24_11_17_18_21_43/24-25_cx_s_su796.htm.csv.
2024-11-17 19:05:41,190 - INFO - Visiting: http://www.drps.ed.ac.uk/24-25/dpt/cxclps11090.htm
2024-11-17 19:05:44,589 - INFO - 1 instances updated to ./data_container/24_11_17_18_21_43/24-25_cx_s_su796.htm.csv.
2024-11-17 19:05:44,624 - INFO - Visiting: http://www.drps.ed.ac.uk/24-25/dpt/cxclps11056.htm
2024-11-17 19:05:48,667 - INFO - 1 instances updated to ./data_container/24_11_17_18_21_43/24-25_cx_s_su796.htm.csv.
2024-11-17 19:05:48,697 - INFO - Visiting: http://www.drps.ed.ac.uk/24-25/dpt/cxclps11095.htm
2024-11-17 19:05:55,421 - INFO - 1 instances updated to ./data_container/24_11_17_18_21_43/24-25_cx_s_su796.htm.csv.
2024-11-17 19:05:55,454 - INFO - Visiting: http://www.drps.ed.ac.uk/24-25/dpt/cxclps11066.htm
2024-11-17 19:05:58,708 - INFO - 1 instances updated to ./data_container/24_11_17_18_21_43/24-25_cx_s_su796.htm.csv.
2024-11-17 19:05:58,736 - INFO - Visiting: http://www.drps.ed.ac.uk/24-25/dpt/cxclps11067.htm
2024-11-17 19:06:01,877 - INFO - 1 instances updated to ./data_container/24_11_17_18_21_43/24-25_cx_s_su796.htm.csv.
2024-11-17 19:06:01,921 - INFO - Visiting: http://www.drps.ed.ac.uk/24-25/dpt/cxclps11046.htm
2024-11-17 19:06:05,527 - INFO - 1 instances updated to ./data_container/24_11_17_18_21_43/24-25_cx_s_su796.htm.csv.
2024-11-17 19:06:08,997 - INFO - Visiting: http://www.drps.ed.ac.uk/24-25/dpt/cxclps11101.htm
2024-11-17 19:06:12,932 - INFO - 1 instances updated to ./data_container/24_11_17_18_21_43/24-25_cx_s_su796.htm.csv.
2024-11-17 19:06:12,960 - INFO - Visiting: http://www.drps.ed.ac.uk/24-25/dpt/cxclps11057.htm
2024-11-17 19:06:16,506 - INFO - 1 instances updated to ./data_container/24_11_17_18_21_43/24-25_cx_s_su796.htm.csv.
2024-11-17 19:06:16,535 - INFO - Visiting: http://www.drps.ed.ac.uk/24-25/dpt/cxclps11096.htm
2024-11-17 19:06:20,081 - INFO - 1 instances updated to ./data_container/24_11_17_18_21_43/24-25_cx_s_su796.htm.csv.
2024-11-17 19:06:20,111 - INFO - Visiting: http://www.drps.ed.ac.uk/24-25/dpt/cxclps11045.htm
2024-11-17 19:06:23,023 - INFO - 1 instances updated to ./data_container/24_11_17_18_21_43/24-25_cx_s_su796.htm.csv.
2024-11-17 19:06:23,053 - INFO - Visiting: http://www.drps.ed.ac.uk/24-25/dpt/cxclps11102.htm
2024-11-17 19:06:26,142 - INFO - 1 instances updated to ./data_container/24_11_17_18_21_43/24-25_cx_s_su796.htm.csv.
2024-11-17 19:06:26,172 - INFO - Visiting: http://www.drps.ed.ac.uk/24-25/dpt/cxclps11080.htm
2024-11-17 19:06:29,358 - INFO - 1 instances updated to ./data_container/24_11_17_18_21_43/24-25_cx_s_su796.htm.csv.
2024-11-17 19:06:29,390 - INFO - Visiting: http://www.drps.ed.ac.uk/24-25/dpt/cxclps11093.htm
2024-11-17 19:06:33,418 - INFO - 1 instances updated to ./data_container/24_11_17_18_21_43/24-25_cx_s_su796.htm.csv.
2024-11-17 19:06:33,450 - INFO - Visiting: http://www.drps.ed.ac.uk/24-25/dpt/cxclps11098.htm
2024-11-17 19:06:36,605 - INFO - 1 instances updated to ./data_container/24_11_17_18_21_43/24-25_cx_s_su796.htm.csv.
2024-11-17 19:06:36,621 - INFO - Visiting: http://www.drps.ed.ac.uk/24-25/dpt/cxclps12002.htm
2024-11-17 19:06:40,583 - INFO - 1 instances updated to ./data_container/24_11_17_18_21_43/24-25_cx_s_su796.htm.csv.
2024-11-17 19:06:40,616 - INFO - Visiting: http://www.drps.ed.ac.uk/24-25/dpt/cxclps12009.htm
2024-11-17 19:06:44,095 - INFO - 1 instances updated to ./data_container/24_11_17_18_21_43/24-25_cx_s_su796.htm.csv.
2024-11-17 19:06:44,127 - INFO - Visiting: http://www.drps.ed.ac.uk/24-25/dpt/cxclps12034.htm
2024-11-17 19:06:47,602 - INFO - 1 instances updated to ./data_container/24_11_17_18_21_43/24-25_cx_s_su796.htm.csv.
2024-11-17 19:06:47,637 - INFO - Visiting: http://www.drps.ed.ac.uk/24-25/dpt/cxclps12035.htm
2024-11-17 19:06:51,223 - INFO - 1 instances updated to ./data_container/24_11_17_18_21_43/24-25_cx_s_su796.htm.csv.
2024-11-17 19:06:51,257 - INFO - Visiting: http://www.drps.ed.ac.uk/24-25/dpt/cxclps12038.htm
2024-11-17 19:06:55,034 - INFO - 1 instances updated to ./data_container/24_11_17_18_21_43/24-25_cx_s_su796.htm.csv.
2024-11-17 19:06:55,052 - INFO - Visiting: http://www.drps.ed.ac.uk/24-25/dpt/cxclps12039.htm
2024-11-17 19:06:58,297 - INFO - 1 instances updated to ./data_container/24_11_17_18_21_43/24-25_cx_s_su796.htm.csv.
2024-11-17 19:06:58,331 - INFO - Visiting: http://www.drps.ed.ac.uk/24-25/dpt/cxclps12016.htm
2024-11-17 19:07:01,738 - INFO - 1 instances updated to ./data_container/24_11_17_18_21_43/24-25_cx_s_su796.htm.csv.
2024-11-17 19:07:01,769 - INFO - Visiting: http://www.drps.ed.ac.uk/24-25/dpt/cxclps12036.htm
2024-11-17 19:07:04,913 - INFO - 1 instances updated to ./data_container/24_11_17_18_21_43/24-25_cx_s_su796.htm.csv.
2024-11-17 19:07:04,943 - INFO - Visiting: http://www.drps.ed.ac.uk/24-25/dpt/cxclps12037.htm
2024-11-17 19:07:08,702 - INFO - 1 instances updated to ./data_container/24_11_17_18_21_43/24-25_cx_s_su796.htm.csv.
2024-11-17 19:07:08,727 - INFO - Visiting: http://www.drps.ed.ac.uk/24-25/dpt/cxclps12013.htm
2024-11-17 19:07:12,024 - INFO - 1 instances updated to ./data_container/24_11_17_18_21_43/24-25_cx_s_su796.htm.csv.
2024-11-17 19:07:12,056 - INFO - Visiting: http://www.drps.ed.ac.uk/24-25/dpt/cxclps12014.htm
2024-11-17 19:07:15,714 - INFO - 1 instances updated to ./data_container/24_11_17_18_21_43/24-25_cx_s_su796.htm.csv.
2024-11-17 19:07:15,715 - INFO - Mining for keywords Accessibility,Inclusive design,Disability rights,Adaptive tools is success.
2024-11-17 19:07:15,760 - INFO - Visiting: http://www.drps.ed.ac.uk/24-25/dpt/cx_sb_cnst.htm
2024-11-17 19:07:15,921 - INFO - Visiting: http://www.drps.ed.ac.uk/24-25/dpt/cxcnst08001.htm
2024-11-17 19:07:19,245 - INFO - 1 instances updated to ./data_container/24_11_17_18_21_43/24-25_cx_s_su796.htm.csv.
2024-11-17 19:07:19,282 - INFO - Visiting: http://www.drps.ed.ac.uk/24-25/dpt/cxcnst08002.htm
2024-11-17 19:07:22,299 - INFO - 1 instances updated to ./data_container/24_11_17_18_21_43/24-25_cx_s_su796.htm.csv.
2024-11-17 19:07:22,337 - INFO - Visiting: http://www.drps.ed.ac.uk/24-25/dpt/cxcnst11079.htm
2024-11-17 19:07:25,467 - INFO - 1 instances updated to ./data_container/24_11_17_18_21_43/24-25_cx_s_su796.htm.csv.
2024-11-17 19:07:25,500 - INFO - Visiting: http://www.drps.ed.ac.uk/24-25/dpt/cxcnst11061.htm
2024-11-17 19:07:28,480 - INFO - 1 instances updated to ./data_container/24_11_17_18_21_43/24-25_cx_s_su796.htm.csv.
2024-11-17 19:07:28,732 - INFO - Visiting: http://www.drps.ed.ac.uk/24-25/dpt/cxcnst11053.htm
2024-11-17 19:07:31,561 - INFO - 1 instances updated to ./data_container/24_11_17_18_21_43/24-25_cx_s_su796.htm.csv.
2024-11-17 19:07:31,595 - INFO - Visiting: http://www.drps.ed.ac.uk/24-25/dpt/cxcnst11095.htm
2024-11-17 19:07:35,569 - INFO - 1 instances updated to ./data_container/24_11_17_18_21_43/24-25_cx_s_su796.htm.csv.
2024-11-17 19:07:35,600 - INFO - Visiting: http://www.drps.ed.ac.uk/24-25/dpt/cxcnst11034.htm
2024-11-17 19:07:38,724 - INFO - 1 instances updated to ./data_container/24_11_17_18_21_43/24-25_cx_s_su796.htm.csv.
2024-11-17 19:07:38,756 - INFO - Visiting: http://www.drps.ed.ac.uk/24-25/dpt/cxcnst11090.htm
2024-11-17 19:07:41,866 - INFO - 1 instances updated to ./data_container/24_11_17_18_21_43/24-25_cx_s_su796.htm.csv.
2024-11-17 19:07:41,897 - INFO - Visiting: http://www.drps.ed.ac.uk/24-25/dpt/cxcnst11047.htm
2024-11-17 19:07:44,803 - INFO - 1 instances updated to ./data_container/24_11_17_18_21_43/24-25_cx_s_su796.htm.csv.
2024-11-17 19:07:44,834 - INFO - Visiting: http://www.drps.ed.ac.uk/24-25/dpt/cxcnst11076.htm
2024-11-17 19:07:48,177 - INFO - 1 instances updated to ./data_container/24_11_17_18_21_43/24-25_cx_s_su796.htm.csv.
2024-11-17 19:07:48,211 - INFO - Visiting: http://www.drps.ed.ac.uk/24-25/dpt/cxcnst11075.htm
2024-11-17 19:07:51,971 - INFO - 1 instances updated to ./data_container/24_11_17_18_21_43/24-25_cx_s_su796.htm.csv.
2024-11-17 19:07:51,989 - INFO - Visiting: http://www.drps.ed.ac.uk/24-25/dpt/cxcnst11097.htm
2024-11-17 19:07:55,288 - INFO - 1 instances updated to ./data_container/24_11_17_18_21_43/24-25_cx_s_su796.htm.csv.
2024-11-17 19:07:55,347 - INFO - Visiting: http://www.drps.ed.ac.uk/24-25/dpt/cxcnst11041.htm
2024-11-17 19:07:59,537 - INFO - 1 instances updated to ./data_container/24_11_17_18_21_43/24-25_cx_s_su796.htm.csv.
2024-11-17 19:07:59,588 - INFO - Visiting: http://www.drps.ed.ac.uk/24-25/dpt/cxcnst11068.htm
2024-11-17 19:08:02,890 - INFO - 1 instances updated to ./data_container/24_11_17_18_21_43/24-25_cx_s_su796.htm.csv.
2024-11-17 19:08:02,938 - INFO - Visiting: http://www.drps.ed.ac.uk/24-25/dpt/cxcnst11088.htm
2024-11-17 19:08:06,953 - INFO - 1 instances updated to ./data_container/24_11_17_18_21_43/24-25_cx_s_su796.htm.csv.
2024-11-17 19:08:06,968 - INFO - Visiting: http://www.drps.ed.ac.uk/24-25/dpt/cxcnst11089.htm
2024-11-17 19:08:10,010 - INFO - 1 instances updated to ./data_container/24_11_17_18_21_43/24-25_cx_s_su796.htm.csv.
2024-11-17 19:08:10,159 - INFO - Visiting: http://www.drps.ed.ac.uk/24-25/dpt/cxcnst11080.htm
2024-11-17 19:08:13,257 - INFO - 1 instances updated to ./data_container/24_11_17_18_21_43/24-25_cx_s_su796.htm.csv.
2024-11-17 19:08:13,271 - INFO - Visiting: http://www.drps.ed.ac.uk/24-25/dpt/cxcnst11086.htm
2024-11-17 19:08:16,769 - INFO - 1 instances updated to ./data_container/24_11_17_18_21_43/24-25_cx_s_su796.htm.csv.
2024-11-17 19:08:16,800 - INFO - Visiting: http://www.drps.ed.ac.uk/24-25/dpt/cxcnst11081.htm
2024-11-17 19:08:20,384 - INFO - 1 instances updated to ./data_container/24_11_17_18_21_43/24-25_cx_s_su796.htm.csv.
2024-11-17 19:08:20,412 - INFO - Visiting: http://www.drps.ed.ac.uk/24-25/dpt/cxcnst11012.htm
2024-11-17 19:08:24,252 - INFO - 1 instances updated to ./data_container/24_11_17_18_21_43/24-25_cx_s_su796.htm.csv.
2024-11-17 19:08:24,299 - INFO - Visiting: http://www.drps.ed.ac.uk/24-25/dpt/cxcnst11043.htm
2024-11-17 19:08:28,092 - INFO - 1 instances updated to ./data_container/24_11_17_18_21_43/24-25_cx_s_su796.htm.csv.
2024-11-17 19:08:28,125 - INFO - Visiting: http://www.drps.ed.ac.uk/24-25/dpt/cxcnst11077.htm
2024-11-17 19:08:31,210 - INFO - 1 instances updated to ./data_container/24_11_17_18_21_43/24-25_cx_s_su796.htm.csv.
2024-11-17 19:08:31,241 - INFO - Visiting: http://www.drps.ed.ac.uk/24-25/dpt/cxcnst11087.htm
2024-11-17 19:08:34,664 - INFO - 1 instances updated to ./data_container/24_11_17_18_21_43/24-25_cx_s_su796.htm.csv.
2024-11-17 19:08:34,696 - INFO - Visiting: http://www.drps.ed.ac.uk/24-25/dpt/cxcnst11084.htm
2024-11-17 19:08:40,687 - INFO - 1 instances updated to ./data_container/24_11_17_18_21_43/24-25_cx_s_su796.htm.csv.
2024-11-17 19:08:40,718 - INFO - Visiting: http://www.drps.ed.ac.uk/24-25/dpt/cxcnst11046.htm
2024-11-17 19:08:44,148 - INFO - 1 instances updated to ./data_container/24_11_17_18_21_43/24-25_cx_s_su796.htm.csv.
2024-11-17 19:08:44,179 - INFO - Visiting: http://www.drps.ed.ac.uk/24-25/dpt/cxcnst11014.htm
2024-11-17 19:08:47,398 - INFO - 1 instances updated to ./data_container/24_11_17_18_21_43/24-25_cx_s_su796.htm.csv.
2024-11-17 19:08:47,427 - INFO - Visiting: http://www.drps.ed.ac.uk/24-25/dpt/cxcnst11091.htm
2024-11-17 19:08:50,660 - INFO - 1 instances updated to ./data_container/24_11_17_18_21_43/24-25_cx_s_su796.htm.csv.
2024-11-17 19:08:50,738 - INFO - Visiting: http://www.drps.ed.ac.uk/24-25/dpt/cxcnst11062.htm
2024-11-17 19:08:53,666 - INFO - 1 instances updated to ./data_container/24_11_17_18_21_43/24-25_cx_s_su796.htm.csv.
2024-11-17 19:08:53,683 - INFO - Visiting: http://www.drps.ed.ac.uk/24-25/dpt/cxcnst11096.htm
2024-11-17 19:08:56,745 - INFO - 1 instances updated to ./data_container/24_11_17_18_21_43/24-25_cx_s_su796.htm.csv.
2024-11-17 19:08:56,774 - INFO - Visiting: http://www.drps.ed.ac.uk/24-25/dpt/cxcnst11093.htm
2024-11-17 19:09:00,273 - INFO - 1 instances updated to ./data_container/24_11_17_18_21_43/24-25_cx_s_su796.htm.csv.
2024-11-17 19:09:00,293 - INFO - Visiting: http://www.drps.ed.ac.uk/24-25/dpt/cxcnst11094.htm
2024-11-17 19:09:03,654 - INFO - 1 instances updated to ./data_container/24_11_17_18_21_43/24-25_cx_s_su796.htm.csv.
2024-11-17 19:09:03,670 - INFO - Visiting: http://www.drps.ed.ac.uk/24-25/dpt/cxcnst11085.htm
2024-11-17 19:09:06,528 - INFO - 1 instances updated to ./data_container/24_11_17_18_21_43/24-25_cx_s_su796.htm.csv.
2024-11-17 19:09:06,559 - INFO - Visiting: http://www.drps.ed.ac.uk/24-25/dpt/cxcnst11051.htm
2024-11-17 19:09:10,314 - INFO - 1 instances updated to ./data_container/24_11_17_18_21_43/24-25_cx_s_su796.htm.csv.
2024-11-17 19:09:10,345 - INFO - Visiting: http://www.drps.ed.ac.uk/24-25/dpt/cxcnst11082.htm
2024-11-17 19:09:13,409 - INFO - 1 instances updated to ./data_container/24_11_17_18_21_43/24-25_cx_s_su796.htm.csv.
2024-11-17 19:09:13,439 - INFO - Visiting: http://www.drps.ed.ac.uk/24-25/dpt/cxcnst11040.htm
2024-11-17 19:09:16,423 - INFO - 1 instances updated to ./data_container/24_11_17_18_21_43/24-25_cx_s_su796.htm.csv.
2024-11-17 19:09:16,453 - INFO - Visiting: http://www.drps.ed.ac.uk/24-25/dpt/cxcnst11042.htm
2024-11-17 19:09:19,935 - INFO - 1 instances updated to ./data_container/24_11_17_18_21_43/24-25_cx_s_su796.htm.csv.
2024-11-17 19:09:19,953 - INFO - Visiting: http://www.drps.ed.ac.uk/24-25/dpt/cxcnst12007.htm
2024-11-17 19:09:22,799 - INFO - 1 instances updated to ./data_container/24_11_17_18_21_43/24-25_cx_s_su796.htm.csv.
2024-11-17 19:09:22,829 - INFO - Visiting: http://www.drps.ed.ac.uk/24-25/dpt/cxcnst12013.htm
2024-11-17 19:09:26,046 - INFO - 1 instances updated to ./data_container/24_11_17_18_21_43/24-25_cx_s_su796.htm.csv.
2024-11-17 19:09:26,098 - INFO - Visiting: http://www.drps.ed.ac.uk/24-25/dpt/cxcnst12018.htm
2024-11-17 19:09:30,349 - INFO - 1 instances updated to ./data_container/24_11_17_18_21_43/24-25_cx_s_su796.htm.csv.
2024-11-17 19:09:30,379 - INFO - Visiting: http://www.drps.ed.ac.uk/24-25/dpt/cxcnst12021.htm
2024-11-17 19:09:33,916 - INFO - 1 instances updated to ./data_container/24_11_17_18_21_43/24-25_cx_s_su796.htm.csv.
2024-11-17 19:09:33,945 - INFO - Visiting: http://www.drps.ed.ac.uk/24-25/dpt/cxcnst12023.htm
2024-11-17 19:09:37,675 - INFO - 1 instances updated to ./data_container/24_11_17_18_21_43/24-25_cx_s_su796.htm.csv.
2024-11-17 19:09:37,706 - INFO - Visiting: http://www.drps.ed.ac.uk/24-25/dpt/cxcnst12017.htm
2024-11-17 19:09:40,596 - INFO - 1 instances updated to ./data_container/24_11_17_18_21_43/24-25_cx_s_su796.htm.csv.
2024-11-17 19:09:40,629 - INFO - Visiting: http://www.drps.ed.ac.uk/24-25/dpt/cxcnst12016.htm
2024-11-17 19:09:45,005 - INFO - 1 instances updated to ./data_container/24_11_17_18_21_43/24-25_cx_s_su796.htm.csv.
2024-11-17 19:09:45,035 - INFO - Visiting: http://www.drps.ed.ac.uk/24-25/dpt/cxcnst12020.htm
2024-11-17 19:09:48,047 - INFO - 1 instances updated to ./data_container/24_11_17_18_21_43/24-25_cx_s_su796.htm.csv.
2024-11-17 19:09:48,078 - INFO - Visiting: http://www.drps.ed.ac.uk/24-25/dpt/cxcnst12022.htm
2024-11-17 19:09:51,452 - INFO - 1 instances updated to ./data_container/24_11_17_18_21_43/24-25_cx_s_su796.htm.csv.
2024-11-17 19:09:51,494 - INFO - Visiting: http://www.drps.ed.ac.uk/24-25/dpt/cxcnst12024.htm
2024-11-17 19:09:54,785 - INFO - 1 instances updated to ./data_container/24_11_17_18_21_43/24-25_cx_s_su796.htm.csv.
2024-11-17 19:09:54,824 - INFO - Visiting: http://www.drps.ed.ac.uk/24-25/dpt/cxcnst12019.htm
2024-11-17 19:09:58,540 - INFO - 1 instances updated to ./data_container/24_11_17_18_21_43/24-25_cx_s_su796.htm.csv.
2024-11-17 19:09:58,570 - INFO - Visiting: http://www.drps.ed.ac.uk/24-25/dpt/cxcnst12010.htm
2024-11-17 19:10:01,465 - INFO - 1 instances updated to ./data_container/24_11_17_18_21_43/24-25_cx_s_su796.htm.csv.
2024-11-17 19:10:01,498 - INFO - Visiting: http://www.drps.ed.ac.uk/24-25/dpt/cxcnst12015.htm
2024-11-17 19:10:05,168 - INFO - 1 instances updated to ./data_container/24_11_17_18_21_43/24-25_cx_s_su796.htm.csv.
2024-11-17 19:10:05,648 - INFO - Visiting: http://www.drps.ed.ac.uk/24-25/dpt/cxcnst12014.htm
2024-11-17 19:10:08,595 - INFO - 1 instances updated to ./data_container/24_11_17_18_21_43/24-25_cx_s_su796.htm.csv.
2024-11-17 19:10:09,867 - INFO - Visiting: http://www.drps.ed.ac.uk/24-25/dpt/cxcnst12012.htm
2024-11-17 19:10:13,239 - INFO - 1 instances updated to ./data_container/24_11_17_18_21_43/24-25_cx_s_su796.htm.csv.
2024-11-17 19:10:13,240 - INFO - Mining for keywords Accessibility,Inclusive design,Disability rights,Adaptive tools is success.
2024-11-17 19:10:13,288 - INFO - Visiting: http://www.drps.ed.ac.uk/24-25/dpt/cx_sb_issh.htm
2024-11-17 19:10:13,341 - INFO - Visiting: http://www.drps.ed.ac.uk/24-25/dpt/cxissh11026.htm
2024-11-17 19:10:16,892 - INFO - 1 instances updated to ./data_container/24_11_17_18_21_43/24-25_cx_s_su796.htm.csv.
2024-11-17 19:10:16,923 - INFO - Visiting: http://www.drps.ed.ac.uk/24-25/dpt/cxissh11021.htm
2024-11-17 19:10:20,385 - INFO - 1 instances updated to ./data_container/24_11_17_18_21_43/24-25_cx_s_su796.htm.csv.
2024-11-17 19:10:20,417 - INFO - Visiting: http://www.drps.ed.ac.uk/24-25/dpt/cxissh11011.htm
2024-11-17 19:10:24,195 - INFO - 1 instances updated to ./data_container/24_11_17_18_21_43/24-25_cx_s_su796.htm.csv.
2024-11-17 19:10:24,210 - INFO - Visiting: http://www.drps.ed.ac.uk/24-25/dpt/cxissh11018.htm
2024-11-17 19:10:27,191 - INFO - 1 instances updated to ./data_container/24_11_17_18_21_43/24-25_cx_s_su796.htm.csv.
2024-11-17 19:10:27,224 - INFO - Visiting: http://www.drps.ed.ac.uk/24-25/dpt/cxissh11017.htm
2024-11-17 19:10:30,849 - INFO - 1 instances updated to ./data_container/24_11_17_18_21_43/24-25_cx_s_su796.htm.csv.
2024-11-17 19:10:30,866 - INFO - Visiting: http://www.drps.ed.ac.uk/24-25/dpt/cxissh11016.htm
2024-11-17 19:10:34,175 - INFO - 1 instances updated to ./data_container/24_11_17_18_21_43/24-25_cx_s_su796.htm.csv.
2024-11-17 19:10:34,210 - INFO - Visiting: http://www.drps.ed.ac.uk/24-25/dpt/cxissh11007.htm
2024-11-17 19:10:37,432 - INFO - 1 instances updated to ./data_container/24_11_17_18_21_43/24-25_cx_s_su796.htm.csv.
2024-11-17 19:10:37,476 - INFO - Visiting: http://www.drps.ed.ac.uk/24-25/dpt/cxissh11010.htm
2024-11-17 19:10:40,361 - INFO - 1 instances updated to ./data_container/24_11_17_18_21_43/24-25_cx_s_su796.htm.csv.
2024-11-17 19:10:40,392 - INFO - Visiting: http://www.drps.ed.ac.uk/24-25/dpt/cxissh11023.htm
2024-11-17 19:10:43,335 - INFO - 1 instances updated to ./data_container/24_11_17_18_21_43/24-25_cx_s_su796.htm.csv.
2024-11-17 19:10:43,336 - INFO - Mining for keywords Accessibility,Inclusive design,Disability rights,Adaptive tools is success.
2024-11-17 19:10:43,356 - INFO - Visiting: http://www.drps.ed.ac.uk/24-25/dpt/cx_sb_nust.htm
2024-11-17 19:10:43,537 - INFO - Visiting: http://www.drps.ed.ac.uk/24-25/dpt/cxnust08026.htm
2024-11-17 19:10:46,701 - INFO - 1 instances updated to ./data_container/24_11_17_18_21_43/24-25_cx_s_su796.htm.csv.
2024-11-17 19:10:46,742 - INFO - Visiting: http://www.drps.ed.ac.uk/24-25/dpt/cxnust08024.htm
2024-11-17 19:10:50,195 - INFO - 1 instances updated to ./data_container/24_11_17_18_21_43/24-25_cx_s_su796.htm.csv.
2024-11-17 19:10:50,227 - INFO - Visiting: http://www.drps.ed.ac.uk/24-25/dpt/cxnust08025.htm
2024-11-17 19:10:53,694 - INFO - 1 instances updated to ./data_container/24_11_17_18_21_43/24-25_cx_s_su796.htm.csv.
2024-11-17 19:10:53,711 - INFO - Visiting: http://www.drps.ed.ac.uk/24-25/dpt/cxnust08022.htm
2024-11-17 19:10:57,559 - INFO - 1 instances updated to ./data_container/24_11_17_18_21_43/24-25_cx_s_su796.htm.csv.
2024-11-17 19:10:57,597 - INFO - Visiting: http://www.drps.ed.ac.uk/24-25/dpt/cxnust08023.htm
2024-11-17 19:11:00,684 - INFO - 1 instances updated to ./data_container/24_11_17_18_21_43/24-25_cx_s_su796.htm.csv.
2024-11-17 19:11:00,739 - INFO - Visiting: http://www.drps.ed.ac.uk/24-25/dpt/cxnust08027.htm
2024-11-17 19:11:04,124 - INFO - 1 instances updated to ./data_container/24_11_17_18_21_43/24-25_cx_s_su796.htm.csv.
2024-11-17 19:11:04,159 - INFO - Visiting: http://www.drps.ed.ac.uk/24-25/dpt/cxnust08019.htm
2024-11-17 19:11:07,771 - INFO - 1 instances updated to ./data_container/24_11_17_18_21_43/24-25_cx_s_su796.htm.csv.
2024-11-17 19:11:07,802 - INFO - Visiting: http://www.drps.ed.ac.uk/24-25/dpt/cxnust08020.htm
2024-11-17 19:11:11,629 - INFO - 1 instances updated to ./data_container/24_11_17_18_21_43/24-25_cx_s_su796.htm.csv.
2024-11-17 19:11:11,654 - INFO - Visiting: http://www.drps.ed.ac.uk/24-25/dpt/cxnust08021.htm
2024-11-17 19:11:14,821 - INFO - 1 instances updated to ./data_container/24_11_17_18_21_43/24-25_cx_s_su796.htm.csv.
2024-11-17 19:11:14,867 - INFO - Visiting: http://www.drps.ed.ac.uk/24-25/dpt/cxnust10035.htm
2024-11-17 19:11:17,592 - INFO - 1 instances updated to ./data_container/24_11_17_18_21_43/24-25_cx_s_su796.htm.csv.
2024-11-17 19:11:17,643 - INFO - Visiting: http://www.drps.ed.ac.uk/24-25/dpt/cxnust10062.htm
2024-11-17 19:11:21,686 - INFO - 1 instances updated to ./data_container/24_11_17_18_21_43/24-25_cx_s_su796.htm.csv.
2024-11-17 19:11:21,725 - INFO - Visiting: http://www.drps.ed.ac.uk/24-25/dpt/cxnust10022.htm
2024-11-17 19:11:24,969 - INFO - 1 instances updated to ./data_container/24_11_17_18_21_43/24-25_cx_s_su796.htm.csv.
2024-11-17 19:11:25,000 - INFO - Visiting: http://www.drps.ed.ac.uk/24-25/dpt/cxnust10033.htm
2024-11-17 19:11:27,976 - INFO - 1 instances updated to ./data_container/24_11_17_18_21_43/24-25_cx_s_su796.htm.csv.
2024-11-17 19:11:28,013 - INFO - Visiting: http://www.drps.ed.ac.uk/24-25/dpt/cxnust10005.htm
2024-11-17 19:11:31,738 - INFO - 1 instances updated to ./data_container/24_11_17_18_21_43/24-25_cx_s_su796.htm.csv.
2024-11-17 19:11:31,758 - INFO - Visiting: http://www.drps.ed.ac.uk/24-25/dpt/cxnust10057.htm
2024-11-17 19:11:35,090 - INFO - 1 instances updated to ./data_container/24_11_17_18_21_43/24-25_cx_s_su796.htm.csv.
2024-11-17 19:11:35,122 - INFO - Visiting: http://www.drps.ed.ac.uk/24-25/dpt/cxnust10002.htm
2024-11-17 19:11:40,385 - INFO - 1 instances updated to ./data_container/24_11_17_18_21_43/24-25_cx_s_su796.htm.csv.
2024-11-17 19:11:40,420 - INFO - Visiting: http://www.drps.ed.ac.uk/24-25/dpt/cxnust10050.htm
2024-11-17 19:11:43,656 - INFO - 1 instances updated to ./data_container/24_11_17_18_21_43/24-25_cx_s_su796.htm.csv.
2024-11-17 19:11:43,686 - INFO - Visiting: http://www.drps.ed.ac.uk/24-25/dpt/cxnust10044.htm
2024-11-17 19:11:47,200 - INFO - 1 instances updated to ./data_container/24_11_17_18_21_43/24-25_cx_s_su796.htm.csv.
2024-11-17 19:11:47,217 - INFO - Visiting: http://www.drps.ed.ac.uk/24-25/dpt/cxnust10036.htm
2024-11-17 19:11:50,655 - INFO - 1 instances updated to ./data_container/24_11_17_18_21_43/24-25_cx_s_su796.htm.csv.
2024-11-17 19:11:50,690 - INFO - Visiting: http://www.drps.ed.ac.uk/24-25/dpt/cxnust10055.htm
2024-11-17 19:11:53,786 - INFO - 1 instances updated to ./data_container/24_11_17_18_21_43/24-25_cx_s_su796.htm.csv.
2024-11-17 19:11:53,830 - INFO - Visiting: http://www.drps.ed.ac.uk/24-25/dpt/cxnust10059.htm
2024-11-17 19:11:57,193 - INFO - 1 instances updated to ./data_container/24_11_17_18_21_43/24-25_cx_s_su796.htm.csv.
2024-11-17 19:11:57,224 - INFO - Visiting: http://www.drps.ed.ac.uk/24-25/dpt/cxnust10045.htm
2024-11-17 19:12:00,479 - INFO - 1 instances updated to ./data_container/24_11_17_18_21_43/24-25_cx_s_su796.htm.csv.
2024-11-17 19:12:00,516 - INFO - Visiting: http://www.drps.ed.ac.uk/24-25/dpt/cxnust10051.htm
2024-11-17 19:12:05,066 - INFO - 1 instances updated to ./data_container/24_11_17_18_21_43/24-25_cx_s_su796.htm.csv.
2024-11-17 19:12:05,425 - INFO - Visiting: http://www.drps.ed.ac.uk/24-25/dpt/cxnust10008.htm
2024-11-17 19:12:08,944 - INFO - 1 instances updated to ./data_container/24_11_17_18_21_43/24-25_cx_s_su796.htm.csv.
2024-11-17 19:12:09,366 - INFO - Visiting: http://www.drps.ed.ac.uk/24-25/dpt/cxnust10061.htm
2024-11-17 19:12:13,322 - INFO - 1 instances updated to ./data_container/24_11_17_18_21_43/24-25_cx_s_su796.htm.csv.
2024-11-17 19:12:13,363 - INFO - Visiting: http://www.drps.ed.ac.uk/24-25/dpt/cxnust10046.htm
2024-11-17 19:12:16,445 - INFO - 1 instances updated to ./data_container/24_11_17_18_21_43/24-25_cx_s_su796.htm.csv.
2024-11-17 19:12:16,479 - INFO - Visiting: http://www.drps.ed.ac.uk/24-25/dpt/cxnust10053.htm
2024-11-17 19:12:20,109 - INFO - 1 instances updated to ./data_container/24_11_17_18_21_43/24-25_cx_s_su796.htm.csv.
2024-11-17 19:12:20,146 - INFO - Visiting: http://www.drps.ed.ac.uk/24-25/dpt/cxnust10054.htm
2024-11-17 19:12:23,455 - INFO - 1 instances updated to ./data_container/24_11_17_18_21_43/24-25_cx_s_su796.htm.csv.
2024-11-17 19:12:23,489 - INFO - Visiting: http://www.drps.ed.ac.uk/24-25/dpt/cxnust10043.htm
2024-11-17 19:12:26,789 - INFO - 1 instances updated to ./data_container/24_11_17_18_21_43/24-25_cx_s_su796.htm.csv.
2024-11-17 19:12:26,821 - INFO - Visiting: http://www.drps.ed.ac.uk/24-25/dpt/cxnust10060.htm
2024-11-17 19:12:31,204 - INFO - 1 instances updated to ./data_container/24_11_17_18_21_43/24-25_cx_s_su796.htm.csv.
2024-11-17 19:12:31,233 - INFO - Visiting: http://www.drps.ed.ac.uk/24-25/dpt/cxnust10052.htm
2024-11-17 19:12:34,539 - INFO - 1 instances updated to ./data_container/24_11_17_18_21_43/24-25_cx_s_su796.htm.csv.
2024-11-17 19:12:34,579 - INFO - Visiting: http://www.drps.ed.ac.uk/24-25/dpt/cxnust10058.htm
2024-11-17 19:12:38,386 - INFO - 1 instances updated to ./data_container/24_11_17_18_21_43/24-25_cx_s_su796.htm.csv.
2024-11-17 19:12:38,415 - INFO - Visiting: http://www.drps.ed.ac.uk/24-25/dpt/cxnust10030.htm
2024-11-17 19:12:41,173 - INFO - 1 instances updated to ./data_container/24_11_17_18_21_43/24-25_cx_s_su796.htm.csv.
2024-11-17 19:12:41,210 - INFO - Visiting: http://www.drps.ed.ac.uk/24-25/dpt/cxnust10056.htm
2024-11-17 19:12:45,205 - INFO - 1 instances updated to ./data_container/24_11_17_18_21_43/24-25_cx_s_su796.htm.csv.
2024-11-17 19:12:45,238 - INFO - Visiting: http://www.drps.ed.ac.uk/24-25/dpt/cxnust11099.htm
2024-11-17 19:12:49,032 - INFO - 1 instances updated to ./data_container/24_11_17_18_21_43/24-25_cx_s_su796.htm.csv.
2024-11-17 19:12:49,071 - INFO - Visiting: http://www.drps.ed.ac.uk/24-25/dpt/cxnust11121.htm
2024-11-17 19:12:52,726 - INFO - 1 instances updated to ./data_container/24_11_17_18_21_43/24-25_cx_s_su796.htm.csv.
2024-11-17 19:12:52,742 - INFO - Visiting: http://www.drps.ed.ac.uk/24-25/dpt/cxnust11116.htm
2024-11-17 19:12:56,532 - INFO - 1 instances updated to ./data_container/24_11_17_18_21_43/24-25_cx_s_su796.htm.csv.
2024-11-17 19:12:56,561 - INFO - Visiting: http://www.drps.ed.ac.uk/24-25/dpt/cxnust11131.htm
2024-11-17 19:13:00,669 - INFO - 1 instances updated to ./data_container/24_11_17_18_21_43/24-25_cx_s_su796.htm.csv.
2024-11-17 19:13:00,702 - INFO - Visiting: http://www.drps.ed.ac.uk/24-25/dpt/cxnust11110.htm
2024-11-17 19:13:04,519 - INFO - 1 instances updated to ./data_container/24_11_17_18_21_43/24-25_cx_s_su796.htm.csv.
2024-11-17 19:13:04,549 - INFO - Visiting: http://www.drps.ed.ac.uk/24-25/dpt/cxnust11111.htm
2024-11-17 19:13:08,735 - INFO - 1 instances updated to ./data_container/24_11_17_18_21_43/24-25_cx_s_su796.htm.csv.
2024-11-17 19:13:08,767 - INFO - Visiting: http://www.drps.ed.ac.uk/24-25/dpt/cxnust11113.htm
2024-11-17 19:13:12,057 - INFO - 1 instances updated to ./data_container/24_11_17_18_21_43/24-25_cx_s_su796.htm.csv.
2024-11-17 19:13:12,074 - INFO - Visiting: http://www.drps.ed.ac.uk/24-25/dpt/cxnust11048.htm
2024-11-17 19:13:16,483 - INFO - 1 instances updated to ./data_container/24_11_17_18_21_43/24-25_cx_s_su796.htm.csv.
2024-11-17 19:13:16,513 - INFO - Visiting: http://www.drps.ed.ac.uk/24-25/dpt/cxnust11085.htm
2024-11-17 19:13:19,486 - INFO - 1 instances updated to ./data_container/24_11_17_18_21_43/24-25_cx_s_su796.htm.csv.
2024-11-17 19:13:19,501 - INFO - Visiting: http://www.drps.ed.ac.uk/24-25/dpt/cxnust11080.htm
2024-11-17 19:13:23,091 - INFO - 1 instances updated to ./data_container/24_11_17_18_21_43/24-25_cx_s_su796.htm.csv.
2024-11-17 19:13:23,120 - INFO - Visiting: http://www.drps.ed.ac.uk/24-25/dpt/cxnust11127.htm
2024-11-17 19:13:26,792 - INFO - 1 instances updated to ./data_container/24_11_17_18_21_43/24-25_cx_s_su796.htm.csv.
2024-11-17 19:13:26,832 - INFO - Visiting: http://www.drps.ed.ac.uk/24-25/dpt/cxnust11091.htm
2024-11-17 19:13:31,123 - INFO - 1 instances updated to ./data_container/24_11_17_18_21_43/24-25_cx_s_su796.htm.csv.
2024-11-17 19:13:31,155 - INFO - Visiting: http://www.drps.ed.ac.uk/24-25/dpt/cxnust11129.htm
2024-11-17 19:13:34,304 - INFO - 1 instances updated to ./data_container/24_11_17_18_21_43/24-25_cx_s_su796.htm.csv.
2024-11-17 19:13:34,335 - INFO - Visiting: http://www.drps.ed.ac.uk/24-25/dpt/cxnust11092.htm
2024-11-17 19:13:38,251 - INFO - 1 instances updated to ./data_container/24_11_17_18_21_43/24-25_cx_s_su796.htm.csv.
2024-11-17 19:13:38,283 - INFO - Visiting: http://www.drps.ed.ac.uk/24-25/dpt/cxnust11088.htm
2024-11-17 19:13:41,370 - INFO - 1 instances updated to ./data_container/24_11_17_18_21_43/24-25_cx_s_su796.htm.csv.
2024-11-17 19:13:41,399 - INFO - Visiting: http://www.drps.ed.ac.uk/24-25/dpt/cxnust11082.htm
2024-11-17 19:13:45,262 - INFO - 1 instances updated to ./data_container/24_11_17_18_21_43/24-25_cx_s_su796.htm.csv.
2024-11-17 19:13:45,292 - INFO - Visiting: http://www.drps.ed.ac.uk/24-25/dpt/cxnust11102.htm
2024-11-17 19:13:48,745 - INFO - 1 instances updated to ./data_container/24_11_17_18_21_43/24-25_cx_s_su796.htm.csv.
2024-11-17 19:13:48,781 - INFO - Visiting: http://www.drps.ed.ac.uk/24-25/dpt/cxnust11058.htm
2024-11-17 19:13:52,013 - INFO - 1 instances updated to ./data_container/24_11_17_18_21_43/24-25_cx_s_su796.htm.csv.
2024-11-17 19:13:52,043 - INFO - Visiting: http://www.drps.ed.ac.uk/24-25/dpt/cxnust11033.htm
2024-11-17 19:13:55,804 - INFO - 1 instances updated to ./data_container/24_11_17_18_21_43/24-25_cx_s_su796.htm.csv.
2024-11-17 19:13:55,836 - INFO - Visiting: http://www.drps.ed.ac.uk/24-25/dpt/cxnust11125.htm
2024-11-17 19:13:59,355 - INFO - 1 instances updated to ./data_container/24_11_17_18_21_43/24-25_cx_s_su796.htm.csv.
2024-11-17 19:13:59,403 - INFO - Visiting: http://www.drps.ed.ac.uk/24-25/dpt/cxnust11089.htm
2024-11-17 19:14:03,216 - INFO - 1 instances updated to ./data_container/24_11_17_18_21_43/24-25_cx_s_su796.htm.csv.
2024-11-17 19:14:03,252 - INFO - Visiting: http://www.drps.ed.ac.uk/24-25/dpt/cxnust11107.htm
2024-11-17 19:14:07,407 - INFO - 1 instances updated to ./data_container/24_11_17_18_21_43/24-25_cx_s_su796.htm.csv.
2024-11-17 19:14:11,568 - INFO - Visiting: http://www.drps.ed.ac.uk/24-25/dpt/cxnust11095.htm
2024-11-17 19:14:15,265 - INFO - 1 instances updated to ./data_container/24_11_17_18_21_43/24-25_cx_s_su796.htm.csv.
2024-11-17 19:14:15,296 - INFO - Visiting: http://www.drps.ed.ac.uk/24-25/dpt/cxnust11124.htm
2024-11-17 19:14:18,404 - INFO - 1 instances updated to ./data_container/24_11_17_18_21_43/24-25_cx_s_su796.htm.csv.
2024-11-17 19:14:18,434 - INFO - Visiting: http://www.drps.ed.ac.uk/24-25/dpt/cxnust11112.htm
2024-11-17 19:14:22,318 - INFO - 1 instances updated to ./data_container/24_11_17_18_21_43/24-25_cx_s_su796.htm.csv.
2024-11-17 19:14:22,369 - INFO - Visiting: http://www.drps.ed.ac.uk/24-25/dpt/cxnust11096.htm
2024-11-17 19:14:25,763 - INFO - 1 instances updated to ./data_container/24_11_17_18_21_43/24-25_cx_s_su796.htm.csv.
2024-11-17 19:14:25,829 - INFO - Visiting: http://www.drps.ed.ac.uk/24-25/dpt/cxnust11106.htm
2024-11-17 19:14:29,499 - INFO - 1 instances updated to ./data_container/24_11_17_18_21_43/24-25_cx_s_su796.htm.csv.
2024-11-17 19:14:29,560 - INFO - Visiting: http://www.drps.ed.ac.uk/24-25/dpt/cxnust11087.htm
2024-11-17 19:14:33,316 - INFO - 1 instances updated to ./data_container/24_11_17_18_21_43/24-25_cx_s_su796.htm.csv.
2024-11-17 19:14:33,374 - INFO - Visiting: http://www.drps.ed.ac.uk/24-25/dpt/cxnust11105.htm
2024-11-17 19:14:37,281 - INFO - 1 instances updated to ./data_container/24_11_17_18_21_43/24-25_cx_s_su796.htm.csv.
2024-11-17 19:14:37,325 - INFO - Visiting: http://www.drps.ed.ac.uk/24-25/dpt/cxnust11090.htm
2024-11-17 19:14:40,714 - INFO - 1 instances updated to ./data_container/24_11_17_18_21_43/24-25_cx_s_su796.htm.csv.
2024-11-17 19:14:40,762 - INFO - Visiting: http://www.drps.ed.ac.uk/24-25/dpt/cxnust11093.htm
2024-11-17 19:14:44,211 - INFO - 1 instances updated to ./data_container/24_11_17_18_21_43/24-25_cx_s_su796.htm.csv.
2024-11-17 19:14:44,240 - INFO - Visiting: http://www.drps.ed.ac.uk/24-25/dpt/cxnust11109.htm
2024-11-17 19:14:47,594 - INFO - 1 instances updated to ./data_container/24_11_17_18_21_43/24-25_cx_s_su796.htm.csv.
2024-11-17 19:14:47,639 - INFO - Visiting: http://www.drps.ed.ac.uk/24-25/dpt/cxnust11123.htm
2024-11-17 19:14:50,933 - INFO - 1 instances updated to ./data_container/24_11_17_18_21_43/24-25_cx_s_su796.htm.csv.
2024-11-17 19:14:50,961 - INFO - Visiting: http://www.drps.ed.ac.uk/24-25/dpt/cxnust11115.htm
2024-11-17 19:14:53,781 - INFO - 1 instances updated to ./data_container/24_11_17_18_21_43/24-25_cx_s_su796.htm.csv.
2024-11-17 19:14:53,826 - INFO - Visiting: http://www.drps.ed.ac.uk/24-25/dpt/cxnust11046.htm
2024-11-17 19:14:57,471 - INFO - 1 instances updated to ./data_container/24_11_17_18_21_43/24-25_cx_s_su796.htm.csv.
2024-11-17 19:14:57,501 - INFO - Visiting: http://www.drps.ed.ac.uk/24-25/dpt/cxnust11101.htm
2024-11-17 19:15:01,477 - INFO - 1 instances updated to ./data_container/24_11_17_18_21_43/24-25_cx_s_su796.htm.csv.
2024-11-17 19:15:01,507 - INFO - Visiting: http://www.drps.ed.ac.uk/24-25/dpt/cxnust11126.htm
2024-11-17 19:15:05,410 - INFO - 1 instances updated to ./data_container/24_11_17_18_21_43/24-25_cx_s_su796.htm.csv.
2024-11-17 19:15:05,447 - INFO - Visiting: http://www.drps.ed.ac.uk/24-25/dpt/cxnust11103.htm
2024-11-17 19:15:09,171 - INFO - 1 instances updated to ./data_container/24_11_17_18_21_43/24-25_cx_s_su796.htm.csv.
2024-11-17 19:15:09,229 - INFO - Visiting: http://www.drps.ed.ac.uk/24-25/dpt/cxnust11100.htm
2024-11-17 19:15:12,680 - INFO - 1 instances updated to ./data_container/24_11_17_18_21_43/24-25_cx_s_su796.htm.csv.
2024-11-17 19:15:12,695 - INFO - Visiting: http://www.drps.ed.ac.uk/24-25/dpt/cxnust11119.htm
2024-11-17 19:15:16,404 - INFO - 1 instances updated to ./data_container/24_11_17_18_21_43/24-25_cx_s_su796.htm.csv.
2024-11-17 19:15:16,434 - INFO - Visiting: http://www.drps.ed.ac.uk/24-25/dpt/cxnust11081.htm
2024-11-17 19:15:19,573 - INFO - 1 instances updated to ./data_container/24_11_17_18_21_43/24-25_cx_s_su796.htm.csv.
2024-11-17 19:15:19,603 - INFO - Visiting: http://www.drps.ed.ac.uk/24-25/dpt/cxnust11097.htm
2024-11-17 19:15:23,260 - INFO - 1 instances updated to ./data_container/24_11_17_18_21_43/24-25_cx_s_su796.htm.csv.
2024-11-17 19:15:23,290 - INFO - Visiting: http://www.drps.ed.ac.uk/24-25/dpt/cxnust11104.htm
2024-11-17 19:15:26,974 - INFO - 1 instances updated to ./data_container/24_11_17_18_21_43/24-25_cx_s_su796.htm.csv.
2024-11-17 19:15:26,988 - INFO - Visiting: http://www.drps.ed.ac.uk/24-25/dpt/cxnust11130.htm
2024-11-17 19:15:30,202 - INFO - 1 instances updated to ./data_container/24_11_17_18_21_43/24-25_cx_s_su796.htm.csv.
2024-11-17 19:15:30,240 - INFO - Visiting: http://www.drps.ed.ac.uk/24-25/dpt/cxnust11114.htm
2024-11-17 19:15:33,824 - INFO - 1 instances updated to ./data_container/24_11_17_18_21_43/24-25_cx_s_su796.htm.csv.
2024-11-17 19:15:33,838 - INFO - Visiting: http://www.drps.ed.ac.uk/24-25/dpt/cxnust11083.htm
2024-11-17 19:15:36,872 - INFO - 1 instances updated to ./data_container/24_11_17_18_21_43/24-25_cx_s_su796.htm.csv.
2024-11-17 19:15:36,903 - INFO - Visiting: http://www.drps.ed.ac.uk/24-25/dpt/cxnust11120.htm
2024-11-17 19:15:46,156 - INFO - 1 instances updated to ./data_container/24_11_17_18_21_43/24-25_cx_s_su796.htm.csv.
2024-11-17 19:15:46,191 - INFO - Visiting: http://www.drps.ed.ac.uk/24-25/dpt/cxnust11117.htm
2024-11-17 19:15:49,610 - INFO - 1 instances updated to ./data_container/24_11_17_18_21_43/24-25_cx_s_su796.htm.csv.
2024-11-17 19:15:49,642 - INFO - Visiting: http://www.drps.ed.ac.uk/24-25/dpt/cxnust11059.htm
2024-11-17 19:15:52,964 - INFO - 1 instances updated to ./data_container/24_11_17_18_21_43/24-25_cx_s_su796.htm.csv.
2024-11-17 19:15:52,994 - INFO - Visiting: http://www.drps.ed.ac.uk/24-25/dpt/cxnust11060.htm
2024-11-17 19:15:56,729 - INFO - 1 instances updated to ./data_container/24_11_17_18_21_43/24-25_cx_s_su796.htm.csv.
2024-11-17 19:15:56,760 - INFO - Visiting: http://www.drps.ed.ac.uk/24-25/dpt/cxnust11118.htm
2024-11-17 19:16:00,273 - INFO - 1 instances updated to ./data_container/24_11_17_18_21_43/24-25_cx_s_su796.htm.csv.
2024-11-17 19:16:00,306 - INFO - Visiting: http://www.drps.ed.ac.uk/24-25/dpt/cxnust11078.htm
2024-11-17 19:16:03,673 - INFO - 1 instances updated to ./data_container/24_11_17_18_21_43/24-25_cx_s_su796.htm.csv.
2024-11-17 19:16:03,704 - INFO - Visiting: http://www.drps.ed.ac.uk/24-25/dpt/cxnust11077.htm
2024-11-17 19:16:07,206 - INFO - 1 instances updated to ./data_container/24_11_17_18_21_43/24-25_cx_s_su796.htm.csv.
2024-11-17 19:16:09,917 - INFO - Visiting: http://www.drps.ed.ac.uk/24-25/dpt/cxnust11052.htm
2024-11-17 19:16:13,146 - INFO - 1 instances updated to ./data_container/24_11_17_18_21_43/24-25_cx_s_su796.htm.csv.
2024-11-17 19:16:13,176 - INFO - Visiting: http://www.drps.ed.ac.uk/24-25/dpt/cxnust11098.htm
2024-11-17 19:16:17,226 - INFO - 1 instances updated to ./data_container/24_11_17_18_21_43/24-25_cx_s_su796.htm.csv.
2024-11-17 19:16:17,242 - INFO - Visiting: http://www.drps.ed.ac.uk/24-25/dpt/cxnust11075.htm
2024-11-17 19:16:20,801 - INFO - 1 instances updated to ./data_container/24_11_17_18_21_43/24-25_cx_s_su796.htm.csv.
2024-11-17 19:16:20,831 - INFO - Visiting: http://www.drps.ed.ac.uk/24-25/dpt/cxnust11108.htm
2024-11-17 19:16:25,473 - INFO - 1 instances updated to ./data_container/24_11_17_18_21_43/24-25_cx_s_su796.htm.csv.
2024-11-17 19:16:25,502 - INFO - Visiting: http://www.drps.ed.ac.uk/24-25/dpt/cxnust11108.htm
2024-11-17 19:16:29,604 - INFO - 1 instances updated to ./data_container/24_11_17_18_21_43/24-25_cx_s_su796.htm.csv.
2024-11-17 19:16:29,634 - INFO - Visiting: http://www.drps.ed.ac.uk/24-25/dpt/cxnust11013.htm
2024-11-17 19:16:32,897 - INFO - 1 instances updated to ./data_container/24_11_17_18_21_43/24-25_cx_s_su796.htm.csv.
2024-11-17 19:16:32,928 - INFO - Visiting: http://www.drps.ed.ac.uk/24-25/dpt/cxnust11094.htm
2024-11-17 19:16:37,194 - INFO - 1 instances updated to ./data_container/24_11_17_18_21_43/24-25_cx_s_su796.htm.csv.
2024-11-17 19:16:37,227 - INFO - Visiting: http://www.drps.ed.ac.uk/24-25/dpt/cxnust11084.htm
2024-11-17 19:16:41,455 - INFO - 1 instances updated to ./data_container/24_11_17_18_21_43/24-25_cx_s_su796.htm.csv.
2024-11-17 19:16:41,455 - INFO - Mining for keywords Accessibility,Inclusive design,Disability rights,Adaptive tools is success.
2024-11-17 19:16:41,555 - INFO - Visiting: http://www.drps.ed.ac.uk/24-25/dpt/cx_sb_shss.htm
2024-11-17 19:16:41,626 - INFO - Visiting: http://www.drps.ed.ac.uk/24-25/dpt/cxshss08004.htm
2024-11-17 19:16:44,800 - INFO - 1 instances updated to ./data_container/24_11_17_18_21_43/24-25_cx_s_su796.htm.csv.
2024-11-17 19:16:44,829 - INFO - Visiting: http://www.drps.ed.ac.uk/24-25/dpt/cxshss08008.htm
2024-11-17 19:16:47,786 - INFO - 1 instances updated to ./data_container/24_11_17_18_21_43/24-25_cx_s_su796.htm.csv.
2024-11-17 19:16:47,819 - INFO - Visiting: http://www.drps.ed.ac.uk/24-25/dpt/cxshss08002.htm
2024-11-17 19:16:51,223 - INFO - 1 instances updated to ./data_container/24_11_17_18_21_43/24-25_cx_s_su796.htm.csv.
2024-11-17 19:16:51,258 - INFO - Visiting: http://www.drps.ed.ac.uk/24-25/dpt/cxshss08006.htm
2024-11-17 19:16:54,936 - INFO - 1 instances updated to ./data_container/24_11_17_18_21_43/24-25_cx_s_su796.htm.csv.
2024-11-17 19:16:54,970 - INFO - Visiting: http://www.drps.ed.ac.uk/24-25/dpt/cxshss08005.htm
2024-11-17 19:16:58,036 - INFO - 1 instances updated to ./data_container/24_11_17_18_21_43/24-25_cx_s_su796.htm.csv.
2024-11-17 19:16:58,051 - INFO - Visiting: http://www.drps.ed.ac.uk/24-25/dpt/cxshss08003.htm
2024-11-17 19:17:02,866 - INFO - 1 instances updated to ./data_container/24_11_17_18_21_43/24-25_cx_s_su796.htm.csv.
2024-11-17 19:17:03,245 - INFO - Visiting: http://www.drps.ed.ac.uk/24-25/dpt/cxshss08001.htm
2024-11-17 19:17:06,520 - INFO - 1 instances updated to ./data_container/24_11_17_18_21_43/24-25_cx_s_su796.htm.csv.
2024-11-17 19:17:06,564 - INFO - Visiting: http://www.drps.ed.ac.uk/24-25/dpt/cxshss08007.htm
2024-11-17 19:17:11,983 - INFO - 1 instances updated to ./data_container/24_11_17_18_21_43/24-25_cx_s_su796.htm.csv.
2024-11-17 19:17:11,998 - INFO - Visiting: http://www.drps.ed.ac.uk/24-25/dpt/cxshss10008.htm
2024-11-17 19:17:16,055 - INFO - 1 instances updated to ./data_container/24_11_17_18_21_43/24-25_cx_s_su796.htm.csv.
2024-11-17 19:17:16,087 - INFO - Visiting: http://www.drps.ed.ac.uk/24-25/dpt/cxshss10011.htm
2024-11-17 19:17:19,787 - INFO - 1 instances updated to ./data_container/24_11_17_18_21_43/24-25_cx_s_su796.htm.csv.
2024-11-17 19:17:19,819 - INFO - Visiting: http://www.drps.ed.ac.uk/24-25/dpt/cxshss10003.htm
2024-11-17 19:17:23,095 - INFO - 1 instances updated to ./data_container/24_11_17_18_21_43/24-25_cx_s_su796.htm.csv.
2024-11-17 19:17:23,112 - INFO - Visiting: http://www.drps.ed.ac.uk/24-25/dpt/cxshss10007.htm
2024-11-17 19:17:26,719 - INFO - 1 instances updated to ./data_container/24_11_17_18_21_43/24-25_cx_s_su796.htm.csv.
2024-11-17 19:17:26,733 - INFO - Visiting: http://www.drps.ed.ac.uk/24-25/dpt/cxshss10009.htm
2024-11-17 19:17:30,605 - INFO - 1 instances updated to ./data_container/24_11_17_18_21_43/24-25_cx_s_su796.htm.csv.
2024-11-17 19:17:30,680 - INFO - Visiting: http://www.drps.ed.ac.uk/24-25/dpt/cxshss10012.htm
2024-11-17 19:17:34,218 - INFO - 1 instances updated to ./data_container/24_11_17_18_21_43/24-25_cx_s_su796.htm.csv.
2024-11-17 19:17:34,233 - INFO - Visiting: http://www.drps.ed.ac.uk/24-25/dpt/cxshss10010.htm
2024-11-17 19:17:37,796 - INFO - 1 instances updated to ./data_container/24_11_17_18_21_43/24-25_cx_s_su796.htm.csv.
2024-11-17 19:17:37,814 - INFO - Visiting: http://www.drps.ed.ac.uk/24-25/dpt/cxshss10006.htm
2024-11-17 19:17:41,240 - INFO - 1 instances updated to ./data_container/24_11_17_18_21_43/24-25_cx_s_su796.htm.csv.
2024-11-17 19:17:41,270 - INFO - Visiting: http://www.drps.ed.ac.uk/24-25/dpt/cxshss10005.htm
2024-11-17 19:17:44,941 - INFO - 1 instances updated to ./data_container/24_11_17_18_21_43/24-25_cx_s_su796.htm.csv.
2024-11-17 19:17:44,998 - INFO - Visiting: http://www.drps.ed.ac.uk/24-25/dpt/cxshss10004.htm
2024-11-17 19:17:48,802 - INFO - 1 instances updated to ./data_container/24_11_17_18_21_43/24-25_cx_s_su796.htm.csv.
2024-11-17 19:17:48,833 - INFO - Visiting: http://www.drps.ed.ac.uk/24-25/dpt/cxshss10001.htm
2024-11-17 19:17:51,614 - INFO - 1 instances updated to ./data_container/24_11_17_18_21_43/24-25_cx_s_su796.htm.csv.
2024-11-17 19:17:51,656 - INFO - Visiting: http://www.drps.ed.ac.uk/24-25/dpt/cxshss10002.htm
2024-11-17 19:17:55,257 - INFO - 1 instances updated to ./data_container/24_11_17_18_21_43/24-25_cx_s_su796.htm.csv.
2024-11-17 19:17:55,272 - INFO - Visiting: http://www.drps.ed.ac.uk/24-25/dpt/cxshss11006.htm
2024-11-17 19:17:58,289 - INFO - 1 instances updated to ./data_container/24_11_17_18_21_43/24-25_cx_s_su796.htm.csv.
2024-11-17 19:17:58,317 - INFO - Visiting: http://www.drps.ed.ac.uk/24-25/dpt/cxshss11008.htm
2024-11-17 19:18:02,598 - INFO - 1 instances updated to ./data_container/24_11_17_18_21_43/24-25_cx_s_su796.htm.csv.
2024-11-17 19:18:02,628 - INFO - Visiting: http://www.drps.ed.ac.uk/24-25/dpt/cxshss11009.htm
2024-11-17 19:18:06,410 - INFO - 1 instances updated to ./data_container/24_11_17_18_21_43/24-25_cx_s_su796.htm.csv.
2024-11-17 19:18:10,705 - INFO - Visiting: http://www.drps.ed.ac.uk/24-25/dpt/cxshss11010.htm
2024-11-17 19:18:13,995 - INFO - 1 instances updated to ./data_container/24_11_17_18_21_43/24-25_cx_s_su796.htm.csv.
2024-11-17 19:18:14,025 - INFO - Visiting: http://www.drps.ed.ac.uk/24-25/dpt/cxshss11011.htm
2024-11-17 19:18:17,681 - INFO - 1 instances updated to ./data_container/24_11_17_18_21_43/24-25_cx_s_su796.htm.csv.
2024-11-17 19:18:17,699 - INFO - Visiting: http://www.drps.ed.ac.uk/24-25/dpt/cxshss11005.htm
2024-11-17 19:18:20,655 - INFO - 1 instances updated to ./data_container/24_11_17_18_21_43/24-25_cx_s_su796.htm.csv.
2024-11-17 19:18:20,687 - INFO - Visiting: http://www.drps.ed.ac.uk/24-25/dpt/cxshss11004.htm
2024-11-17 19:18:24,467 - INFO - 1 instances updated to ./data_container/24_11_17_18_21_43/24-25_cx_s_su796.htm.csv.
2024-11-17 19:18:24,498 - INFO - Visiting: http://www.drps.ed.ac.uk/24-25/dpt/cxshss11003.htm
2024-11-17 19:18:27,827 - INFO - 1 instances updated to ./data_container/24_11_17_18_21_43/24-25_cx_s_su796.htm.csv.
2024-11-17 19:18:27,867 - INFO - Visiting: http://www.drps.ed.ac.uk/24-25/dpt/cxshss11001.htm
2024-11-17 19:18:31,077 - INFO - 1 instances updated to ./data_container/24_11_17_18_21_43/24-25_cx_s_su796.htm.csv.
2024-11-17 19:18:31,107 - INFO - Visiting: http://www.drps.ed.ac.uk/24-25/dpt/cxshss11002.htm
2024-11-17 19:18:34,429 - INFO - 1 instances updated to ./data_container/24_11_17_18_21_43/24-25_cx_s_su796.htm.csv.
2024-11-17 19:18:34,430 - INFO - Mining for keywords Accessibility,Inclusive design,Disability rights,Adaptive tools is success.
 instances updated to ./data_container/24_11_17_18_21_43/24-25_cx_s_su796.htm.csv.
2024-11-17 19:03:51,245 - INFO - Visiting: http://www.drps.ed.ac.uk/24-25/dpt/cxclps11054.htm
2024-11-17 19:03:54,282 - INFO - 1 instances updated to ./data_container/24_11_17_18_21_43/24-25_cx_s_su796.htm.csv.
2024-11-17 19:03:54,313 - INFO - Visiting: http://www.drps.ed.ac.uk/24-25/dpt/cxclps11048.htm
2024-11-17 19:03:57,922 - INFO - 1 instances updated to ./data_container/24_11_17_18_21_43/24-25_cx_s_su796.htm.csv.
2024-11-17 19:03:57,967 - INFO - Visiting: http://www.drps.ed.ac.uk/24-25/dpt/cxclps11103.htm
2024-11-17 19:04:01,431 - INFO - 1 instances updated to ./data_container/24_11_17_18_21_43/24-25_cx_s_su796.htm.csv.
2024-11-17 19:04:01,446 - INFO - Visiting: http://www.drps.ed.ac.uk/24-25/dpt/cxclps11049.htm
2024-11-17 19:04:04,904 - INFO - 1 instances updated to ./data_container/24_11_17_18_21_43/24-25_cx_s_su796.htm.csv.
2024-11-17 19:04:05,213 - INFO - Visiting: http://www.drps.ed.ac.uk/24-25/dpt/cxclps11077.htm
2024-11-17 19:04:08,676 - INFO - 1 instances updated to ./data_container/24_11_17_18_21_43/24-25_cx_s_su796.htm.csv.
2024-11-17 19:04:09,730 - INFO - Visiting: http://www.drps.ed.ac.uk/24-25/dpt/cxclps11078.htm
2024-11-17 19:04:12,861 - INFO - 1 instances updated to ./data_container/24_11_17_18_21_43/24-25_cx_s_su796.htm.csv.
2024-11-17 19:04:12,876 - INFO - Visiting: http://www.drps.ed.ac.uk/24-25/dpt/cxclps11076.htm
2024-11-17 19:04:16,748 - INFO - 1 instances updated to ./data_container/24_11_17_18_21_43/24-25_cx_s_su796.htm.csv.
2024-11-17 19:04:16,764 - INFO - Visiting: http://www.drps.ed.ac.uk/24-25/dpt/cxclps11030.htm
2024-11-17 19:04:20,160 - INFO - 1 instances updated to ./data_container/24_11_17_18_21_43/24-25_cx_s_su796.htm.csv.
2024-11-17 19:04:20,237 - INFO - Visiting: http://www.drps.ed.ac.uk/24-25/dpt/cxclps11072.htm
2024-11-17 19:04:23,834 - INFO - 1 instances updated to ./data_container/24_11_17_18_21_43/24-25_cx_s_su796.htm.csv.
2024-11-17 19:04:23,869 - INFO - Visiting: http://www.drps.ed.ac.uk/24-25/dpt/cxclps11104.htm
2024-11-17 19:04:27,083 - INFO - 1 instances updated to ./data_container/24_11_17_18_21_43/24-25_cx_s_su796.htm.csv.
2024-11-17 19:04:27,181 - INFO - Visiting: http://www.drps.ed.ac.uk/24-25/dpt/cxclps11009.htm
2024-11-17 19:04:30,788 - INFO - 1 instances updated to ./data_container/24_11_17_18_21_43/24-25_cx_s_su796.htm.csv.
2024-11-17 19:04:30,822 - INFO - Visiting: http://www.drps.ed.ac.uk/24-25/dpt/cxclps11039.htm
2024-11-17 19:04:34,103 - INFO - 1 instances updated to ./data_container/24_11_17_18_21_43/24-25_cx_s_su796.htm.csv.
2024-11-17 19:04:34,137 - INFO - Visiting: http://www.drps.ed.ac.uk/24-25/dpt/cxclps11050.htm
2024-11-17 19:04:37,467 - INFO - 1 instances updated to ./data_container/24_11_17_18_21_43/24-25_cx_s_su796.htm.csv.
2024-11-17 19:04:37,500 - INFO - Visiting: http://www.drps.ed.ac.uk/24-25/dpt/cxclps11091.htm
2024-11-17 19:04:40,899 - INFO - 1 instances updated to ./data_container/24_11_17_18_21_43/24-25_cx_s_su796.htm.csv.
2024-11-17 19:04:40,915 - INFO - Visiting: http://www.drps.ed.ac.uk/24-25/dpt/cxclps11010.htm
2024-11-17 19:04:44,080 - INFO - 1 instances updated to ./data_container/24_11_17_18_21_43/24-25_cx_s_su796.htm.csv.
2024-11-17 19:04:44,115 - INFO - Visiting: http://www.drps.ed.ac.uk/24-25/dpt/cxclps11033.htm
2024-11-17 19:04:46,978 - INFO - 1 instances updated to ./data_container/24_11_17_18_21_43/24-25_cx_s_su796.htm.csv.
2024-11-17 19:04:47,009 - INFO - Visiting: http://www.drps.ed.ac.uk/24-25/dpt/cxclps11099.htm
2024-11-17 19:04:50,243 - INFO - 1 instances updated to ./data_container/24_11_17_18_21_43/24-25_cx_s_su796.htm.csv.
2024-11-17 19:04:50,294 - INFO - Visiting: http://www.drps.ed.ac.uk/24-25/dpt/cxclps11063.htm
2024-11-17 19:04:54,013 - INFO - 1 instances updated to ./data_container/24_11_17_18_21_43/24-25_cx_s_su796.htm.csv.
2024-11-17 19:04:54,044 - INFO - Visiting: http://www.drps.ed.ac.uk/24-25/dpt/cxclps11055.htm
2024-11-17 19:04:57,347 - INFO - 1 instances updated to ./data_container/24_11_17_18_21_43/24-25_cx_s_su796.htm.csv.
2024-11-17 19:04:57,377 - INFO - Visiting: http://www.drps.ed.ac.uk/24-25/dpt/cxclps11073.htm
2024-11-17 19:05:00,675 - INFO - 1 instances updated to ./data_container/24_11_17_18_21_43/24-25_cx_s_su796.htm.csv.
2024-11-17 19:05:00,705 - INFO - Visiting: http://www.drps.ed.ac.uk/24-25/dpt/cxclps11084.htm
2024-11-17 19:05:04,119 - INFO - 1 instances updated to ./data_container/24_11_17_18_21_43/24-25_cx_s_su796.htm.csv.
2024-11-17 19:05:04,150 - INFO - Visiting: http://www.drps.ed.ac.uk/24-25/dpt/cxclps11064.htm
2024-11-17 19:05:06,952 - INFO - 1 instances updated to ./data_container/24_11_17_18_21_43/24-25_cx_s_su796.htm.csv.
2024-11-17 19:05:06,983 - INFO - Visiting: http://www.drps.ed.ac.uk/24-25/dpt/cxclps11094.htm
2024-11-17 19:05:10,028 - INFO - 1 instances updated to ./data_container/24_11_17_18_21_43/24-25_cx_s_su796.htm.csv.
2024-11-17 19:05:10,094 - INFO - Visiting: http://www.drps.ed.ac.uk/24-25/dpt/cxclps11058.htm
2024-11-17 19:05:13,233 - INFO - 1 instances updated to ./data_container/24_11_17_18_21_43/24-25_cx_s_su796.htm.csv.
2024-11-17 19:05:13,274 - INFO - Visiting: http://www.drps.ed.ac.uk/24-25/dpt/cxclps11047.htm
2024-11-17 19:05:16,529 - INFO - 1 instances updated to ./data_container/24_11_17_18_21_43/24-25_cx_s_su796.htm.csv.
2024-11-17 19:05:16,569 - INFO - Visiting: http://www.drps.ed.ac.uk/24-25/dpt/cxclps11085.htm
2024-11-17 19:05:19,879 - INFO - 1 instances updated to ./data_container/24_11_17_18_21_43/24-25_cx_s_su796.htm.csv.
2024-11-17 19:05:19,914 - INFO - Visiting: http://www.drps.ed.ac.uk/24-25/dpt/cxclps11100.htm
2024-11-17 19:05:23,296 - INFO - 1 instances updated to ./data_container/24_11_17_18_21_43/24-25_cx_s_su796.htm.csv.
2024-11-17 19:05:23,343 - INFO - Visiting: http://www.drps.ed.ac.uk/24-25/dpt/cxclps11042.htm
2024-11-17 19:05:26,249 - INFO - 1 instances updated to ./data_container/24_11_17_18_21_43/24-25_cx_s_su796.htm.csv.
2024-11-17 19:05:26,318 - INFO - Visiting: http://www.drps.ed.ac.uk/24-25/dpt/cxclps11013.htm
2024-11-17 19:05:30,694 - INFO - 1 instances updated to ./data_container/24_11_17_18_21_43/24-25_cx_s_su796.htm.csv.
2024-11-17 19:05:30,817 - INFO - Visiting: http://www.drps.ed.ac.uk/24-25/dpt/cxclps11006.htm
2024-11-17 19:05:34,408 - INFO - 1 instances updated to ./data_container/24_11_17_18_21_43/24-25_cx_s_su796.htm.csv.
2024-11-17 19:05:34,440 - INFO - Visiting: http://www.drps.ed.ac.uk/24-25/dpt/cxclps11062.htm
2024-11-17 19:05:37,956 - INFO - 1 instances updated to ./data_container/24_11_17_18_21_43/24-25_cx_s_su796.htm.csv.
2024-11-17 19:05:37,972 - INFO - Visiting: http://www.drps.ed.ac.uk/24-25/dpt/cxclps11014.htm
2024-11-17 19:05:41,159 - INFO - 1 instances updated to ./data_container/24_11_17_18_21_43/24-25_cx_s_su796.htm.csv.
2024-11-17 19:05:41,190 - INFO - Visiting: http://www.drps.ed.ac.uk/24-25/dpt/cxclps11090.htm
2024-11-17 19:05:44,589 - INFO - 1 instances updated to ./data_container/24_11_17_18_21_43/24-25_cx_s_su796.htm.csv.
2024-11-17 19:05:44,624 - INFO - Visiting: http://www.drps.ed.ac.uk/24-25/dpt/cxclps11056.htm
2024-11-17 19:05:48,667 - INFO - 1 instances updated to ./data_container/24_11_17_18_21_43/24-25_cx_s_su796.htm.csv.
2024-11-17 19:05:48,697 - INFO - Visiting: http://www.drps.ed.ac.uk/24-25/dpt/cxclps11095.htm
2024-11-17 19:05:55,421 - INFO - 1 instances updated to ./data_container/24_11_17_18_21_43/24-25_cx_s_su796.htm.csv.
2024-11-17 19:05:55,454 - INFO - Visiting: http://www.drps.ed.ac.uk/24-25/dpt/cxclps11066.htm
2024-11-17 19:05:58,708 - INFO - 1 instances updated to ./data_container/24_11_17_18_21_43/24-25_cx_s_su796.htm.csv.
2024-11-17 19:05:58,736 - INFO - Visiting: http://www.drps.ed.ac.uk/24-25/dpt/cxclps11067.htm
2024-11-17 19:06:01,877 - INFO - 1 instances updated to ./data_container/24_11_17_18_21_43/24-25_cx_s_su796.htm.csv.
2024-11-17 19:06:01,921 - INFO - Visiting: http://www.drps.ed.ac.uk/24-25/dpt/cxclps11046.htm
2024-11-17 19:06:05,527 - INFO - 1 instances updated to ./data_container/24_11_17_18_21_43/24-25_cx_s_su796.htm.csv.
2024-11-17 19:06:08,997 - INFO - Visiting: http://www.drps.ed.ac.uk/24-25/dpt/cxclps11101.htm
2024-11-17 19:06:12,932 - INFO - 1 instances updated to ./data_container/24_11_17_18_21_43/24-25_cx_s_su796.htm.csv.
2024-11-17 19:06:12,960 - INFO - Visiting: http://www.drps.ed.ac.uk/24-25/dpt/cxclps11057.htm
2024-11-17 19:06:16,506 - INFO - 1 instances updated to ./data_container/24_11_17_18_21_43/24-25_cx_s_su796.htm.csv.
2024-11-17 19:06:16,535 - INFO - Visiting: http://www.drps.ed.ac.uk/24-25/dpt/cxclps11096.htm
2024-11-17 19:06:20,081 - INFO - 1 instances updated to ./data_container/24_11_17_18_21_43/24-25_cx_s_su796.htm.csv.
2024-11-17 19:06:20,111 - INFO - Visiting: http://www.drps.ed.ac.uk/24-25/dpt/cxclps11045.htm
2024-11-17 19:06:23,023 - INFO - 1 instances updated to ./data_container/24_11_17_18_21_43/24-25_cx_s_su796.htm.csv.
2024-11-17 19:06:23,053 - INFO - Visiting: http://www.drps.ed.ac.uk/24-25/dpt/cxclps11102.htm
2024-11-17 19:06:26,142 - INFO - 1 instances updated to ./data_container/24_11_17_18_21_43/24-25_cx_s_su796.htm.csv.
2024-11-17 19:06:26,172 - INFO - Visiting: http://www.drps.ed.ac.uk/24-25/dpt/cxclps11080.htm
2024-11-17 19:06:29,358 - INFO - 1 instances updated to ./data_container/24_11_17_18_21_43/24-25_cx_s_su796.htm.csv.
2024-11-17 19:06:29,390 - INFO - Visiting: http://www.drps.ed.ac.uk/24-25/dpt/cxclps11093.htm
2024-11-17 19:06:33,418 - INFO - 1 instances updated to ./data_container/24_11_17_18_21_43/24-25_cx_s_su796.htm.csv.
2024-11-17 19:06:33,450 - INFO - Visiting: http://www.drps.ed.ac.uk/24-25/dpt/cxclps11098.htm
2024-11-17 19:06:36,605 - INFO - 1 instances updated to ./data_container/24_11_17_18_21_43/24-25_cx_s_su796.htm.csv.
2024-11-17 19:06:36,621 - INFO - Visiting: http://www.drps.ed.ac.uk/24-25/dpt/cxclps12002.htm
2024-11-17 19:06:40,583 - INFO - 1 instances updated to ./data_container/24_11_17_18_21_43/24-25_cx_s_su796.htm.csv.
2024-11-17 19:06:40,616 - INFO - Visiting: http://www.drps.ed.ac.uk/24-25/dpt/cxclps12009.htm
2024-11-17 19:06:44,095 - INFO - 1 instances updated to ./data_container/24_11_17_18_21_43/24-25_cx_s_su796.htm.csv.
2024-11-17 19:06:44,127 - INFO - Visiting: http://www.drps.ed.ac.uk/24-25/dpt/cxclps12034.htm
2024-11-17 19:06:47,602 - INFO - 1 instances updated to ./data_container/24_11_17_18_21_43/24-25_cx_s_su796.htm.csv.
2024-11-17 19:06:47,637 - INFO - Visiting: http://www.drps.ed.ac.uk/24-25/dpt/cxclps12035.htm
2024-11-17 19:06:51,223 - INFO - 1 instances updated to ./data_container/24_11_17_18_21_43/24-25_cx_s_su796.htm.csv.
2024-11-17 19:06:51,257 - INFO - Visiting: http://www.drps.ed.ac.uk/24-25/dpt/cxclps12038.htm
2024-11-17 19:06:55,034 - INFO - 1 instances updated to ./data_container/24_11_17_18_21_43/24-25_cx_s_su796.htm.csv.
2024-11-17 19:06:55,052 - INFO - Visiting: http://www.drps.ed.ac.uk/24-25/dpt/cxclps12039.htm
2024-11-17 19:06:58,297 - INFO - 1 instances updated to ./data_container/24_11_17_18_21_43/24-25_cx_s_su796.htm.csv.
2024-11-17 19:06:58,331 - INFO - Visiting: http://www.drps.ed.ac.uk/24-25/dpt/cxclps12016.htm
2024-11-17 19:07:01,738 - INFO - 1 instances updated to ./data_container/24_11_17_18_21_43/24-25_cx_s_su796.htm.csv.
2024-11-17 19:07:01,769 - INFO - Visiting: http://www.drps.ed.ac.uk/24-25/dpt/cxclps12036.htm
2024-11-17 19:07:04,913 - INFO - 1 instances updated to ./data_container/24_11_17_18_21_43/24-25_cx_s_su796.htm.csv.
2024-11-17 19:07:04,943 - INFO - Visiting: http://www.drps.ed.ac.uk/24-25/dpt/cxclps12037.htm
2024-11-17 19:07:08,702 - INFO - 1 instances updated to ./data_container/24_11_17_18_21_43/24-25_cx_s_su796.htm.csv.
2024-11-17 19:07:08,727 - INFO - Visiting: http://www.drps.ed.ac.uk/24-25/dpt/cxclps12013.htm
2024-11-17 19:07:12,024 - INFO - 1 instances updated to ./data_container/24_11_17_18_21_43/24-25_cx_s_su796.htm.csv.
2024-11-17 19:07:12,056 - INFO - Visiting: http://www.drps.ed.ac.uk/24-25/dpt/cxclps12014.htm
2024-11-17 19:07:15,714 - INFO - 1 instances updated to ./data_container/24_11_17_18_21_43/24-25_cx_s_su796.htm.csv.
2024-11-17 19:07:15,715 - INFO - Mining for keywords Accessibility,Inclusive design,Disability rights,Adaptive tools is success.
2024-11-17 19:07:15,760 - INFO - Visiting: http://www.drps.ed.ac.uk/24-25/dpt/cx_sb_cnst.htm
2024-11-17 19:07:15,921 - INFO - Visiting: http://www.drps.ed.ac.uk/24-25/dpt/cxcnst08001.htm
2024-11-17 19:07:19,245 - INFO - 1 instances updated to ./data_container/24_11_17_18_21_43/24-25_cx_s_su796.htm.csv.
2024-11-17 19:07:19,282 - INFO - Visiting: http://www.drps.ed.ac.uk/24-25/dpt/cxcnst08002.htm
2024-11-17 19:07:22,299 - INFO - 1 instances updated to ./data_container/24_11_17_18_21_43/24-25_cx_s_su796.htm.csv.
2024-11-17 19:07:22,337 - INFO - Visiting: http://www.drps.ed.ac.uk/24-25/dpt/cxcnst11079.htm
2024-11-17 19:07:25,467 - INFO - 1 instances updated to ./data_container/24_11_17_18_21_43/24-25_cx_s_su796.htm.csv.
2024-11-17 19:07:25,500 - INFO - Visiting: http://www.drps.ed.ac.uk/24-25/dpt/cxcnst11061.htm
2024-11-17 19:07:28,480 - INFO - 1 instances updated to ./data_container/24_11_17_18_21_43/24-25_cx_s_su796.htm.csv.
2024-11-17 19:07:28,732 - INFO - Visiting: http://www.drps.ed.ac.uk/24-25/dpt/cxcnst11053.htm
2024-11-17 19:07:31,561 - INFO - 1 instances updated to ./data_container/24_11_17_18_21_43/24-25_cx_s_su796.htm.csv.
2024-11-17 19:07:31,595 - INFO - Visiting: http://www.drps.ed.ac.uk/24-25/dpt/cxcnst11095.htm
2024-11-17 19:07:35,569 - INFO - 1 instances updated to ./data_container/24_11_17_18_21_43/24-25_cx_s_su796.htm.csv.
2024-11-17 19:07:35,600 - INFO - Visiting: http://www.drps.ed.ac.uk/24-25/dpt/cxcnst11034.htm
2024-11-17 19:07:38,724 - INFO - 1 instances updated to ./data_container/24_11_17_18_21_43/24-25_cx_s_su796.htm.csv.
2024-11-17 19:07:38,756 - INFO - Visiting: http://www.drps.ed.ac.uk/24-25/dpt/cxcnst11090.htm
2024-11-17 19:07:41,866 - INFO - 1 instances updated to ./data_container/24_11_17_18_21_43/24-25_cx_s_su796.htm.csv.
2024-11-17 19:07:41,897 - INFO - Visiting: http://www.drps.ed.ac.uk/24-25/dpt/cxcnst11047.htm
2024-11-17 19:07:44,803 - INFO - 1 instances updated to ./data_container/24_11_17_18_21_43/24-25_cx_s_su796.htm.csv.
2024-11-17 19:07:44,834 - INFO - Visiting: http://www.drps.ed.ac.uk/24-25/dpt/cxcnst11076.htm
2024-11-17 19:07:48,177 - INFO - 1 instances updated to ./data_container/24_11_17_18_21_43/24-25_cx_s_su796.htm.csv.
2024-11-17 19:07:48,211 - INFO - Visiting: http://www.drps.ed.ac.uk/24-25/dpt/cxcnst11075.htm
2024-11-17 19:07:51,971 - INFO - 1 instances updated to ./data_container/24_11_17_18_21_43/24-25_cx_s_su796.htm.csv.
2024-11-17 19:07:51,989 - INFO - Visiting: http://www.drps.ed.ac.uk/24-25/dpt/cxcnst11097.htm
2024-11-17 19:07:55,288 - INFO - 1 instances updated to ./data_container/24_11_17_18_21_43/24-25_cx_s_su796.htm.csv.
2024-11-17 19:07:55,347 - INFO - Visiting: http://www.drps.ed.ac.uk/24-25/dpt/cxcnst11041.htm
2024-11-17 19:07:59,537 - INFO - 1 instances updated to ./data_container/24_11_17_18_21_43/24-25_cx_s_su796.htm.csv.
2024-11-17 19:07:59,588 - INFO - Visiting: http://www.drps.ed.ac.uk/24-25/dpt/cxcnst11068.htm
2024-11-17 19:08:02,890 - INFO - 1 instances updated to ./data_container/24_11_17_18_21_43/24-25_cx_s_su796.htm.csv.
2024-11-17 19:08:02,938 - INFO - Visiting: http://www.drps.ed.ac.uk/24-25/dpt/cxcnst11088.htm
2024-11-17 19:08:06,953 - INFO - 1 instances updated to ./data_container/24_11_17_18_21_43/24-25_cx_s_su796.htm.csv.
2024-11-17 19:08:06,968 - INFO - Visiting: http://www.drps.ed.ac.uk/24-25/dpt/cxcnst11089.htm
2024-11-17 19:08:10,010 - INFO - 1 instances updated to ./data_container/24_11_17_18_21_43/24-25_cx_s_su796.htm.csv.
2024-11-17 19:08:10,159 - INFO - Visiting: http://www.drps.ed.ac.uk/24-25/dpt/cxcnst11080.htm
2024-11-17 19:08:13,257 - INFO - 1 instances updated to ./data_container/24_11_17_18_21_43/24-25_cx_s_su796.htm.csv.
2024-11-17 19:08:13,271 - INFO - Visiting: http://www.drps.ed.ac.uk/24-25/dpt/cxcnst11086.htm
2024-11-17 19:08:16,769 - INFO - 1 instances updated to ./data_container/24_11_17_18_21_43/24-25_cx_s_su796.htm.csv.
2024-11-17 19:08:16,800 - INFO - Visiting: http://www.drps.ed.ac.uk/24-25/dpt/cxcnst11081.htm
2024-11-17 19:08:20,384 - INFO - 1 instances updated to ./data_container/24_11_17_18_21_43/24-25_cx_s_su796.htm.csv.
2024-11-17 19:08:20,412 - INFO - Visiting: http://www.drps.ed.ac.uk/24-25/dpt/cxcnst11012.htm
2024-11-17 19:08:24,252 - INFO - 1 instances updated to ./data_container/24_11_17_18_21_43/24-25_cx_s_su796.htm.csv.
2024-11-17 19:08:24,299 - INFO - Visiting: http://www.drps.ed.ac.uk/24-25/dpt/cxcnst11043.htm
2024-11-17 19:08:28,092 - INFO - 1 instances updated to ./data_container/24_11_17_18_21_43/24-25_cx_s_su796.htm.csv.
2024-11-17 19:08:28,125 - INFO - Visiting: http://www.drps.ed.ac.uk/24-25/dpt/cxcnst11077.htm
2024-11-17 19:08:31,210 - INFO - 1 instances updated to ./data_container/24_11_17_18_21_43/24-25_cx_s_su796.htm.csv.
2024-11-17 19:08:31,241 - INFO - Visiting: http://www.drps.ed.ac.uk/24-25/dpt/cxcnst11087.htm
2024-11-17 19:08:34,664 - INFO - 1 instances updated to ./data_container/24_11_17_18_21_43/24-25_cx_s_su796.htm.csv.
2024-11-17 19:08:34,696 - INFO - Visiting: http://www.drps.ed.ac.uk/24-25/dpt/cxcnst11084.htm
2024-11-17 19:08:40,687 - INFO - 1 instances updated to ./data_container/24_11_17_18_21_43/24-25_cx_s_su796.htm.csv.
2024-11-17 19:08:40,718 - INFO - Visiting: http://www.drps.ed.ac.uk/24-25/dpt/cxcnst11046.htm
2024-11-17 19:08:44,148 - INFO - 1 instances updated to ./data_container/24_11_17_18_21_43/24-25_cx_s_su796.htm.csv.
2024-11-17 19:08:44,179 - INFO - Visiting: http://www.drps.ed.ac.uk/24-25/dpt/cxcnst11014.htm
2024-11-17 19:08:47,398 - INFO - 1 instances updated to ./data_container/24_11_17_18_21_43/24-25_cx_s_su796.htm.csv.
2024-11-17 19:08:47,427 - INFO - Visiting: http://www.drps.ed.ac.uk/24-25/dpt/cxcnst11091.htm
2024-11-17 19:08:50,660 - INFO - 1 instances updated to ./data_container/24_11_17_18_21_43/24-25_cx_s_su796.htm.csv.
2024-11-17 19:08:50,738 - INFO - Visiting: http://www.drps.ed.ac.uk/24-25/dpt/cxcnst11062.htm
2024-11-17 19:08:53,666 - INFO - 1 instances updated to ./data_container/24_11_17_18_21_43/24-25_cx_s_su796.htm.csv.
2024-11-17 19:08:53,683 - INFO - Visiting: http://www.drps.ed.ac.uk/24-25/dpt/cxcnst11096.htm
2024-11-17 19:08:56,745 - INFO - 1 instances updated to ./data_container/24_11_17_18_21_43/24-25_cx_s_su796.htm.csv.
2024-11-17 19:08:56,774 - INFO - Visiting: http://www.drps.ed.ac.uk/24-25/dpt/cxcnst11093.htm
2024-11-17 19:09:00,273 - INFO - 1 instances updated to ./data_container/24_11_17_18_21_43/24-25_cx_s_su796.htm.csv.
2024-11-17 19:09:00,293 - INFO - Visiting: http://www.drps.ed.ac.uk/24-25/dpt/cxcnst11094.htm
2024-11-17 19:09:03,654 - INFO - 1 instances updated to ./data_container/24_11_17_18_21_43/24-25_cx_s_su796.htm.csv.
2024-11-17 19:09:03,670 - INFO - Visiting: http://www.drps.ed.ac.uk/24-25/dpt/cxcnst11085.htm
2024-11-17 19:09:06,528 - INFO - 1 instances updated to ./data_container/24_11_17_18_21_43/24-25_cx_s_su796.htm.csv.
2024-11-17 19:09:06,559 - INFO - Visiting: http://www.drps.ed.ac.uk/24-25/dpt/cxcnst11051.htm
2024-11-17 19:09:10,314 - INFO - 1 instances updated to ./data_container/24_11_17_18_21_43/24-25_cx_s_su796.htm.csv.
2024-11-17 19:09:10,345 - INFO - Visiting: http://www.drps.ed.ac.uk/24-25/dpt/cxcnst11082.htm
2024-11-17 19:09:13,409 - INFO - 1 instances updated to ./data_container/24_11_17_18_21_43/24-25_cx_s_su796.htm.csv.
2024-11-17 19:09:13,439 - INFO - Visiting: http://www.drps.ed.ac.uk/24-25/dpt/cxcnst11040.htm
2024-11-17 19:09:16,423 - INFO - 1 instances updated to ./data_container/24_11_17_18_21_43/24-25_cx_s_su796.htm.csv.
2024-11-17 19:09:16,453 - INFO - Visiting: http://www.drps.ed.ac.uk/24-25/dpt/cxcnst11042.htm
2024-11-17 19:09:19,935 - INFO - 1 instances updated to ./data_container/24_11_17_18_21_43/24-25_cx_s_su796.htm.csv.
2024-11-17 19:09:19,953 - INFO - Visiting: http://www.drps.ed.ac.uk/24-25/dpt/cxcnst12007.htm
2024-11-17 19:09:22,799 - INFO - 1 instances updated to ./data_container/24_11_17_18_21_43/24-25_cx_s_su796.htm.csv.
2024-11-17 19:09:22,829 - INFO - Visiting: http://www.drps.ed.ac.uk/24-25/dpt/cxcnst12013.htm
2024-11-17 19:09:26,046 - INFO - 1 instances updated to ./data_container/24_11_17_18_21_43/24-25_cx_s_su796.htm.csv.
2024-11-17 19:09:26,098 - INFO - Visiting: http://www.drps.ed.ac.uk/24-25/dpt/cxcnst12018.htm
2024-11-17 19:09:30,349 - INFO - 1 instances updated to ./data_container/24_11_17_18_21_43/24-25_cx_s_su796.htm.csv.
2024-11-17 19:09:30,379 - INFO - Visiting: http://www.drps.ed.ac.uk/24-25/dpt/cxcnst12021.htm
2024-11-17 19:09:33,916 - INFO - 1 instances updated to ./data_container/24_11_17_18_21_43/24-25_cx_s_su796.htm.csv.
2024-11-17 19:09:33,945 - INFO - Visiting: http://www.drps.ed.ac.uk/24-25/dpt/cxcnst12023.htm
2024-11-17 19:09:37,675 - INFO - 1 instances updated to ./data_container/24_11_17_18_21_43/24-25_cx_s_su796.htm.csv.
2024-11-17 19:09:37,706 - INFO - Visiting: http://www.drps.ed.ac.uk/24-25/dpt/cxcnst12017.htm
2024-11-17 19:09:40,596 - INFO - 1 instances updated to ./data_container/24_11_17_18_21_43/24-25_cx_s_su796.htm.csv.
2024-11-17 19:09:40,629 - INFO - Visiting: http://www.drps.ed.ac.uk/24-25/dpt/cxcnst12016.htm
2024-11-17 19:09:45,005 - INFO - 1 instances updated to ./data_container/24_11_17_18_21_43/24-25_cx_s_su796.htm.csv.
2024-11-17 19:09:45,035 - INFO - Visiting: http://www.drps.ed.ac.uk/24-25/dpt/cxcnst12020.htm
2024-11-17 19:09:48,047 - INFO - 1 instances updated to ./data_container/24_11_17_18_21_43/24-25_cx_s_su796.htm.csv.
2024-11-17 19:09:48,078 - INFO - Visiting: http://www.drps.ed.ac.uk/24-25/dpt/cxcnst12022.htm
2024-11-17 19:09:51,452 - INFO - 1 instances updated to ./data_container/24_11_17_18_21_43/24-25_cx_s_su796.htm.csv.
2024-11-17 19:09:51,494 - INFO - Visiting: http://www.drps.ed.ac.uk/24-25/dpt/cxcnst12024.htm
2024-11-17 19:09:54,785 - INFO - 1 instances updated to ./data_container/24_11_17_18_21_43/24-25_cx_s_su796.htm.csv.
2024-11-17 19:09:54,824 - INFO - Visiting: http://www.drps.ed.ac.uk/24-25/dpt/cxcnst12019.htm
2024-11-17 19:09:58,540 - INFO - 1 instances updated to ./data_container/24_11_17_18_21_43/24-25_cx_s_su796.htm.csv.
2024-11-17 19:09:58,570 - INFO - Visiting: http://www.drps.ed.ac.uk/24-25/dpt/cxcnst12010.htm
2024-11-17 19:10:01,465 - INFO - 1 instances updated to ./data_container/24_11_17_18_21_43/24-25_cx_s_su796.htm.csv.
2024-11-17 19:10:01,498 - INFO - Visiting: http://www.drps.ed.ac.uk/24-25/dpt/cxcnst12015.htm
2024-11-17 19:10:05,168 - INFO - 1 instances updated to ./data_container/24_11_17_18_21_43/24-25_cx_s_su796.htm.csv.
2024-11-17 19:10:05,648 - INFO - Visiting: http://www.drps.ed.ac.uk/24-25/dpt/cxcnst12014.htm
2024-11-17 19:10:08,595 - INFO - 1 instances updated to ./data_container/24_11_17_18_21_43/24-25_cx_s_su796.htm.csv.
2024-11-17 19:10:09,867 - INFO - Visiting: http://www.drps.ed.ac.uk/24-25/dpt/cxcnst12012.htm
2024-11-17 19:10:13,239 - INFO - 1 instances updated to ./data_container/24_11_17_18_21_43/24-25_cx_s_su796.htm.csv.
2024-11-17 19:10:13,240 - INFO - Mining for keywords Accessibility,Inclusive design,Disability rights,Adaptive tools is success.
2024-11-17 19:10:13,288 - INFO - Visiting: http://www.drps.ed.ac.uk/24-25/dpt/cx_sb_issh.htm
2024-11-17 19:10:13,341 - INFO - Visiting: http://www.drps.ed.ac.uk/24-25/dpt/cxissh11026.htm
2024-11-17 19:10:16,892 - INFO - 1 instances updated to ./data_container/24_11_17_18_21_43/24-25_cx_s_su796.htm.csv.
2024-11-17 19:10:16,923 - INFO - Visiting: http://www.drps.ed.ac.uk/24-25/dpt/cxissh11021.htm
2024-11-17 19:10:20,385 - INFO - 1 instances updated to ./data_container/24_11_17_18_21_43/24-25_cx_s_su796.htm.csv.
2024-11-17 19:10:20,417 - INFO - Visiting: http://www.drps.ed.ac.uk/24-25/dpt/cxissh11011.htm
2024-11-17 19:10:24,195 - INFO - 1 instances updated to ./data_container/24_11_17_18_21_43/24-25_cx_s_su796.htm.csv.
2024-11-17 19:10:24,210 - INFO - Visiting: http://www.drps.ed.ac.uk/24-25/dpt/cxissh11018.htm
2024-11-17 19:10:27,191 - INFO - 1 instances updated to ./data_container/24_11_17_18_21_43/24-25_cx_s_su796.htm.csv.
2024-11-17 19:10:27,224 - INFO - Visiting: http://www.drps.ed.ac.uk/24-25/dpt/cxissh11017.htm
2024-11-17 19:10:30,849 - INFO - 1 instances updated to ./data_container/24_11_17_18_21_43/24-25_cx_s_su796.htm.csv.
2024-11-17 19:10:30,866 - INFO - Visiting: http://www.drps.ed.ac.uk/24-25/dpt/cxissh11016.htm
2024-11-17 19:10:34,175 - INFO - 1 instances updated to ./data_container/24_11_17_18_21_43/24-25_cx_s_su796.htm.csv.
2024-11-17 19:10:34,210 - INFO - Visiting: http://www.drps.ed.ac.uk/24-25/dpt/cxissh11007.htm
2024-11-17 19:10:37,432 - INFO - 1 instances updated to ./data_container/24_11_17_18_21_43/24-25_cx_s_su796.htm.csv.
2024-11-17 19:10:37,476 - INFO - Visiting: http://www.drps.ed.ac.uk/24-25/dpt/cxissh11010.htm
2024-11-17 19:10:40,361 - INFO - 1 instances updated to ./data_container/24_11_17_18_21_43/24-25_cx_s_su796.htm.csv.
2024-11-17 19:10:40,392 - INFO - Visiting: http://www.drps.ed.ac.uk/24-25/dpt/cxissh11023.htm
2024-11-17 19:10:43,335 - INFO - 1 instances updated to ./data_container/24_11_17_18_21_43/24-25_cx_s_su796.htm.csv.
2024-11-17 19:10:43,336 - INFO - Mining for keywords Accessibility,Inclusive design,Disability rights,Adaptive tools is success.
2024-11-17 19:10:43,356 - INFO - Visiting: http://www.drps.ed.ac.uk/24-25/dpt/cx_sb_nust.htm
2024-11-17 19:10:43,537 - INFO - Visiting: http://www.drps.ed.ac.uk/24-25/dpt/cxnust08026.htm
2024-11-17 19:10:46,701 - INFO - 1 instances updated to ./data_container/24_11_17_18_21_43/24-25_cx_s_su796.htm.csv.
2024-11-17 19:10:46,742 - INFO - Visiting: http://www.drps.ed.ac.uk/24-25/dpt/cxnust08024.htm
2024-11-17 19:10:50,195 - INFO - 1 instances updated to ./data_container/24_11_17_18_21_43/24-25_cx_s_su796.htm.csv.
2024-11-17 19:10:50,227 - INFO - Visiting: http://www.drps.ed.ac.uk/24-25/dpt/cxnust08025.htm
2024-11-17 19:10:53,694 - INFO - 1 instances updated to ./data_container/24_11_17_18_21_43/24-25_cx_s_su796.htm.csv.
2024-11-17 19:10:53,711 - INFO - Visiting: http://www.drps.ed.ac.uk/24-25/dpt/cxnust08022.htm
2024-11-17 19:10:57,559 - INFO - 1 instances updated to ./data_container/24_11_17_18_21_43/24-25_cx_s_su796.htm.csv.
2024-11-17 19:10:57,597 - INFO - Visiting: http://www.drps.ed.ac.uk/24-25/dpt/cxnust08023.htm
2024-11-17 19:11:00,684 - INFO - 1 instances updated to ./data_container/24_11_17_18_21_43/24-25_cx_s_su796.htm.csv.
2024-11-17 19:11:00,739 - INFO - Visiting: http://www.drps.ed.ac.uk/24-25/dpt/cxnust08027.htm
2024-11-17 19:11:04,124 - INFO - 1 instances updated to ./data_container/24_11_17_18_21_43/24-25_cx_s_su796.htm.csv.
2024-11-17 19:11:04,159 - INFO - Visiting: http://www.drps.ed.ac.uk/24-25/dpt/cxnust08019.htm
2024-11-17 19:11:07,771 - INFO - 1 instances updated to ./data_container/24_11_17_18_21_43/24-25_cx_s_su796.htm.csv.
2024-11-17 19:11:07,802 - INFO - Visiting: http://www.drps.ed.ac.uk/24-25/dpt/cxnust08020.htm
2024-11-17 19:11:11,629 - INFO - 1 instances updated to ./data_container/24_11_17_18_21_43/24-25_cx_s_su796.htm.csv.
2024-11-17 19:11:11,654 - INFO - Visiting: http://www.drps.ed.ac.uk/24-25/dpt/cxnust08021.htm
2024-11-17 19:11:14,821 - INFO - 1 instances updated to ./data_container/24_11_17_18_21_43/24-25_cx_s_su796.htm.csv.
2024-11-17 19:11:14,867 - INFO - Visiting: http://www.drps.ed.ac.uk/24-25/dpt/cxnust10035.htm
2024-11-17 19:11:17,592 - INFO - 1 instances updated to ./data_container/24_11_17_18_21_43/24-25_cx_s_su796.htm.csv.
2024-11-17 19:11:17,643 - INFO - Visiting: http://www.drps.ed.ac.uk/24-25/dpt/cxnust10062.htm
2024-11-17 19:11:21,686 - INFO - 1 instances updated to ./data_container/24_11_17_18_21_43/24-25_cx_s_su796.htm.csv.
2024-11-17 19:11:21,725 - INFO - Visiting: http://www.drps.ed.ac.uk/24-25/dpt/cxnust10022.htm
2024-11-17 19:11:24,969 - INFO - 1 instances updated to ./data_container/24_11_17_18_21_43/24-25_cx_s_su796.htm.csv.
2024-11-17 19:11:25,000 - INFO - Visiting: http://www.drps.ed.ac.uk/24-25/dpt/cxnust10033.htm
2024-11-17 19:11:27,976 - INFO - 1 instances updated to ./data_container/24_11_17_18_21_43/24-25_cx_s_su796.htm.csv.
2024-11-17 19:11:28,013 - INFO - Visiting: http://www.drps.ed.ac.uk/24-25/dpt/cxnust10005.htm
2024-11-17 19:11:31,738 - INFO - 1 instances updated to ./data_container/24_11_17_18_21_43/24-25_cx_s_su796.htm.csv.
2024-11-17 19:11:31,758 - INFO - Visiting: http://www.drps.ed.ac.uk/24-25/dpt/cxnust10057.htm
2024-11-17 19:11:35,090 - INFO - 1 instances updated to ./data_container/24_11_17_18_21_43/24-25_cx_s_su796.htm.csv.
2024-11-17 19:11:35,122 - INFO - Visiting: http://www.drps.ed.ac.uk/24-25/dpt/cxnust10002.htm
2024-11-17 19:11:40,385 - INFO - 1 instances updated to ./data_container/24_11_17_18_21_43/24-25_cx_s_su796.htm.csv.
2024-11-17 19:11:40,420 - INFO - Visiting: http://www.drps.ed.ac.uk/24-25/dpt/cxnust10050.htm
2024-11-17 19:11:43,656 - INFO - 1 instances updated to ./data_container/24_11_17_18_21_43/24-25_cx_s_su796.htm.csv.
2024-11-17 19:11:43,686 - INFO - Visiting: http://www.drps.ed.ac.uk/24-25/dpt/cxnust10044.htm
2024-11-17 19:11:47,200 - INFO - 1 instances updated to ./data_container/24_11_17_18_21_43/24-25_cx_s_su796.htm.csv.
2024-11-17 19:11:47,217 - INFO - Visiting: http://www.drps.ed.ac.uk/24-25/dpt/cxnust10036.htm
2024-11-17 19:11:50,655 - INFO - 1 instances updated to ./data_container/24_11_17_18_21_43/24-25_cx_s_su796.htm.csv.
2024-11-17 19:11:50,690 - INFO - Visiting: http://www.drps.ed.ac.uk/24-25/dpt/cxnust10055.htm
2024-11-17 19:11:53,786 - INFO - 1 instances updated to ./data_container/24_11_17_18_21_43/24-25_cx_s_su796.htm.csv.
2024-11-17 19:11:53,830 - INFO - Visiting: http://www.drps.ed.ac.uk/24-25/dpt/cxnust10059.htm
2024-11-17 19:11:57,193 - INFO - 1 instances updated to ./data_container/24_11_17_18_21_43/24-25_cx_s_su796.htm.csv.
2024-11-17 19:11:57,224 - INFO - Visiting: http://www.drps.ed.ac.uk/24-25/dpt/cxnust10045.htm
2024-11-17 19:12:00,479 - INFO - 1 instances updated to ./data_container/24_11_17_18_21_43/24-25_cx_s_su796.htm.csv.
2024-11-17 19:12:00,516 - INFO - Visiting: http://www.drps.ed.ac.uk/24-25/dpt/cxnust10051.htm
2024-11-17 19:12:05,066 - INFO - 1 instances updated to ./data_container/24_11_17_18_21_43/24-25_cx_s_su796.htm.csv.
2024-11-17 19:12:05,425 - INFO - Visiting: http://www.drps.ed.ac.uk/24-25/dpt/cxnust10008.htm
2024-11-17 19:12:08,944 - INFO - 1 instances updated to ./data_container/24_11_17_18_21_43/24-25_cx_s_su796.htm.csv.
2024-11-17 19:12:09,366 - INFO - Visiting: http://www.drps.ed.ac.uk/24-25/dpt/cxnust10061.htm
2024-11-17 19:12:13,322 - INFO - 1 instances updated to ./data_container/24_11_17_18_21_43/24-25_cx_s_su796.htm.csv.
2024-11-17 19:12:13,363 - INFO - Visiting: http://www.drps.ed.ac.uk/24-25/dpt/cxnust10046.htm
2024-11-17 19:12:16,445 - INFO - 1 instances updated to ./data_container/24_11_17_18_21_43/24-25_cx_s_su796.htm.csv.
2024-11-17 19:12:16,479 - INFO - Visiting: http://www.drps.ed.ac.uk/24-25/dpt/cxnust10053.htm
2024-11-17 19:12:20,109 - INFO - 1 instances updated to ./data_container/24_11_17_18_21_43/24-25_cx_s_su796.htm.csv.
2024-11-17 19:12:20,146 - INFO - Visiting: http://www.drps.ed.ac.uk/24-25/dpt/cxnust10054.htm
2024-11-17 19:12:23,455 - INFO - 1 instances updated to ./data_container/24_11_17_18_21_43/24-25_cx_s_su796.htm.csv.
2024-11-17 19:12:23,489 - INFO - Visiting: http://www.drps.ed.ac.uk/24-25/dpt/cxnust10043.htm
2024-11-17 19:12:26,789 - INFO - 1 instances updated to ./data_container/24_11_17_18_21_43/24-25_cx_s_su796.htm.csv.
2024-11-17 19:12:26,821 - INFO - Visiting: http://www.drps.ed.ac.uk/24-25/dpt/cxnust10060.htm
2024-11-17 19:12:31,204 - INFO - 1 instances updated to ./data_container/24_11_17_18_21_43/24-25_cx_s_su796.htm.csv.
2024-11-17 19:12:31,233 - INFO - Visiting: http://www.drps.ed.ac.uk/24-25/dpt/cxnust10052.htm
2024-11-17 19:12:34,539 - INFO - 1 instances updated to ./data_container/24_11_17_18_21_43/24-25_cx_s_su796.htm.csv.
2024-11-17 19:12:34,579 - INFO - Visiting: http://www.drps.ed.ac.uk/24-25/dpt/cxnust10058.htm
2024-11-17 19:12:38,386 - INFO - 1 instances updated to ./data_container/24_11_17_18_21_43/24-25_cx_s_su796.htm.csv.
2024-11-17 19:12:38,415 - INFO - Visiting: http://www.drps.ed.ac.uk/24-25/dpt/cxnust10030.htm
2024-11-17 19:12:41,173 - INFO - 1 instances updated to ./data_container/24_11_17_18_21_43/24-25_cx_s_su796.htm.csv.
2024-11-17 19:12:41,210 - INFO - Visiting: http://www.drps.ed.ac.uk/24-25/dpt/cxnust10056.htm
2024-11-17 19:12:45,205 - INFO - 1 instances updated to ./data_container/24_11_17_18_21_43/24-25_cx_s_su796.htm.csv.
2024-11-17 19:12:45,238 - INFO - Visiting: http://www.drps.ed.ac.uk/24-25/dpt/cxnust11099.htm
2024-11-17 19:12:49,032 - INFO - 1 instances updated to ./data_container/24_11_17_18_21_43/24-25_cx_s_su796.htm.csv.
2024-11-17 19:12:49,071 - INFO - Visiting: http://www.drps.ed.ac.uk/24-25/dpt/cxnust11121.htm
2024-11-17 19:12:52,726 - INFO - 1 instances updated to ./data_container/24_11_17_18_21_43/24-25_cx_s_su796.htm.csv.
2024-11-17 19:12:52,742 - INFO - Visiting: http://www.drps.ed.ac.uk/24-25/dpt/cxnust11116.htm
2024-11-17 19:12:56,532 - INFO - 1 instances updated to ./data_container/24_11_17_18_21_43/24-25_cx_s_su796.htm.csv.
2024-11-17 19:12:56,561 - INFO - Visiting: http://www.drps.ed.ac.uk/24-25/dpt/cxnust11131.htm
2024-11-17 19:13:00,669 - INFO - 1 instances updated to ./data_container/24_11_17_18_21_43/24-25_cx_s_su796.htm.csv.
2024-11-17 19:13:00,702 - INFO - Visiting: http://www.drps.ed.ac.uk/24-25/dpt/cxnust11110.htm
2024-11-17 19:13:04,519 - INFO - 1 instances updated to ./data_container/24_11_17_18_21_43/24-25_cx_s_su796.htm.csv.
2024-11-17 19:13:04,549 - INFO - Visiting: http://www.drps.ed.ac.uk/24-25/dpt/cxnust11111.htm
2024-11-17 19:13:08,735 - INFO - 1 instances updated to ./data_container/24_11_17_18_21_43/24-25_cx_s_su796.htm.csv.
2024-11-17 19:13:08,767 - INFO - Visiting: http://www.drps.ed.ac.uk/24-25/dpt/cxnust11113.htm
2024-11-17 19:13:12,057 - INFO - 1 instances updated to ./data_container/24_11_17_18_21_43/24-25_cx_s_su796.htm.csv.
2024-11-17 19:13:12,074 - INFO - Visiting: http://www.drps.ed.ac.uk/24-25/dpt/cxnust11048.htm
2024-11-17 19:13:16,483 - INFO - 1 instances updated to ./data_container/24_11_17_18_21_43/24-25_cx_s_su796.htm.csv.
2024-11-17 19:13:16,513 - INFO - Visiting: http://www.drps.ed.ac.uk/24-25/dpt/cxnust11085.htm
2024-11-17 19:13:19,486 - INFO - 1 instances updated to ./data_container/24_11_17_18_21_43/24-25_cx_s_su796.htm.csv.
2024-11-17 19:13:19,501 - INFO - Visiting: http://www.drps.ed.ac.uk/24-25/dpt/cxnust11080.htm
2024-11-17 19:13:23,091 - INFO - 1 instances updated to ./data_container/24_11_17_18_21_43/24-25_cx_s_su796.htm.csv.
2024-11-17 19:13:23,120 - INFO - Visiting: http://www.drps.ed.ac.uk/24-25/dpt/cxnust11127.htm
2024-11-17 19:13:26,792 - INFO - 1 instances updated to ./data_container/24_11_17_18_21_43/24-25_cx_s_su796.htm.csv.
2024-11-17 19:13:26,832 - INFO - Visiting: http://www.drps.ed.ac.uk/24-25/dpt/cxnust11091.htm
2024-11-17 19:13:31,123 - INFO - 1 instances updated to ./data_container/24_11_17_18_21_43/24-25_cx_s_su796.htm.csv.
2024-11-17 19:13:31,155 - INFO - Visiting: http://www.drps.ed.ac.uk/24-25/dpt/cxnust11129.htm
2024-11-17 19:13:34,304 - INFO - 1 instances updated to ./data_container/24_11_17_18_21_43/24-25_cx_s_su796.htm.csv.
2024-11-17 19:13:34,335 - INFO - Visiting: http://www.drps.ed.ac.uk/24-25/dpt/cxnust11092.htm
2024-11-17 19:13:38,251 - INFO - 1 instances updated to ./data_container/24_11_17_18_21_43/24-25_cx_s_su796.htm.csv.
2024-11-17 19:13:38,283 - INFO - Visiting: http://www.drps.ed.ac.uk/24-25/dpt/cxnust11088.htm
2024-11-17 19:13:41,370 - INFO - 1 instances updated to ./data_container/24_11_17_18_21_43/24-25_cx_s_su796.htm.csv.
2024-11-17 19:13:41,399 - INFO - Visiting: http://www.drps.ed.ac.uk/24-25/dpt/cxnust11082.htm
2024-11-17 19:13:45,262 - INFO - 1 instances updated to ./data_container/24_11_17_18_21_43/24-25_cx_s_su796.htm.csv.
2024-11-17 19:13:45,292 - INFO - Visiting: http://www.drps.ed.ac.uk/24-25/dpt/cxnust11102.htm
2024-11-17 19:13:48,745 - INFO - 1 instances updated to ./data_container/24_11_17_18_21_43/24-25_cx_s_su796.htm.csv.
2024-11-17 19:13:48,781 - INFO - Visiting: http://www.drps.ed.ac.uk/24-25/dpt/cxnust11058.htm
2024-11-17 19:13:52,013 - INFO - 1 instances updated to ./data_container/24_11_17_18_21_43/24-25_cx_s_su796.htm.csv.
2024-11-17 19:13:52,043 - INFO - Visiting: http://www.drps.ed.ac.uk/24-25/dpt/cxnust11033.htm
2024-11-17 19:13:55,804 - INFO - 1 instances updated to ./data_container/24_11_17_18_21_43/24-25_cx_s_su796.htm.csv.
2024-11-17 19:13:55,836 - INFO - Visiting: http://www.drps.ed.ac.uk/24-25/dpt/cxnust11125.htm
2024-11-17 19:13:59,355 - INFO - 1 instances updated to ./data_container/24_11_17_18_21_43/24-25_cx_s_su796.htm.csv.
2024-11-17 19:13:59,403 - INFO - Visiting: http://www.drps.ed.ac.uk/24-25/dpt/cxnust11089.htm
2024-11-17 19:14:03,216 - INFO - 1 instances updated to ./data_container/24_11_17_18_21_43/24-25_cx_s_su796.htm.csv.
2024-11-17 19:14:03,252 - INFO - Visiting: http://www.drps.ed.ac.uk/24-25/dpt/cxnust11107.htm
2024-11-17 19:14:07,407 - INFO - 1 instances updated to ./data_container/24_11_17_18_21_43/24-25_cx_s_su796.htm.csv.
2024-11-17 19:14:11,568 - INFO - Visiting: http://www.drps.ed.ac.uk/24-25/dpt/cxnust11095.htm
2024-11-17 19:14:15,265 - INFO - 1 instances updated to ./data_container/24_11_17_18_21_43/24-25_cx_s_su796.htm.csv.
2024-11-17 19:14:15,296 - INFO - Visiting: http://www.drps.ed.ac.uk/24-25/dpt/cxnust11124.htm
2024-11-17 19:14:18,404 - INFO - 1 instances updated to ./data_container/24_11_17_18_21_43/24-25_cx_s_su796.htm.csv.
2024-11-17 19:14:18,434 - INFO - Visiting: http://www.drps.ed.ac.uk/24-25/dpt/cxnust11112.htm
2024-11-17 19:14:22,318 - INFO - 1 instances updated to ./data_container/24_11_17_18_21_43/24-25_cx_s_su796.htm.csv.
2024-11-17 19:14:22,369 - INFO - Visiting: http://www.drps.ed.ac.uk/24-25/dpt/cxnust11096.htm
2024-11-17 19:14:25,763 - INFO - 1 instances updated to ./data_container/24_11_17_18_21_43/24-25_cx_s_su796.htm.csv.
2024-11-17 19:14:25,829 - INFO - Visiting: http://www.drps.ed.ac.uk/24-25/dpt/cxnust11106.htm
2024-11-17 19:14:29,499 - INFO - 1 instances updated to ./data_container/24_11_17_18_21_43/24-25_cx_s_su796.htm.csv.
2024-11-17 19:14:29,560 - INFO - Visiting: http://www.drps.ed.ac.uk/24-25/dpt/cxnust11087.htm
2024-11-17 19:14:33,316 - INFO - 1 instances updated to ./data_container/24_11_17_18_21_43/24-25_cx_s_su796.htm.csv.
2024-11-17 19:14:33,374 - INFO - Visiting: http://www.drps.ed.ac.uk/24-25/dpt/cxnust11105.htm
2024-11-17 19:14:37,281 - INFO - 1 instances updated to ./data_container/24_11_17_18_21_43/24-25_cx_s_su796.htm.csv.
2024-11-17 19:14:37,325 - INFO - Visiting: http://www.drps.ed.ac.uk/24-25/dpt/cxnust11090.htm
2024-11-17 19:14:40,714 - INFO - 1 instances updated to ./data_container/24_11_17_18_21_43/24-25_cx_s_su796.htm.csv.
2024-11-17 19:14:40,762 - INFO - Visiting: http://www.drps.ed.ac.uk/24-25/dpt/cxnust11093.htm
2024-11-17 19:14:44,211 - INFO - 1 instances updated to ./data_container/24_11_17_18_21_43/24-25_cx_s_su796.htm.csv.
2024-11-17 19:14:44,240 - INFO - Visiting: http://www.drps.ed.ac.uk/24-25/dpt/cxnust11109.htm
2024-11-17 19:14:47,594 - INFO - 1 instances updated to ./data_container/24_11_17_18_21_43/24-25_cx_s_su796.htm.csv.
2024-11-17 19:14:47,639 - INFO - Visiting: http://www.drps.ed.ac.uk/24-25/dpt/cxnust11123.htm
2024-11-17 19:14:50,933 - INFO - 1 instances updated to ./data_container/24_11_17_18_21_43/24-25_cx_s_su796.htm.csv.
2024-11-17 19:14:50,961 - INFO - Visiting: http://www.drps.ed.ac.uk/24-25/dpt/cxnust11115.htm
2024-11-17 19:14:53,781 - INFO - 1 instances updated to ./data_container/24_11_17_18_21_43/24-25_cx_s_su796.htm.csv.
2024-11-17 19:14:53,826 - INFO - Visiting: http://www.drps.ed.ac.uk/24-25/dpt/cxnust11046.htm
2024-11-17 19:14:57,471 - INFO - 1 instances updated to ./data_container/24_11_17_18_21_43/24-25_cx_s_su796.htm.csv.
2024-11-17 19:14:57,501 - INFO - Visiting: http://www.drps.ed.ac.uk/24-25/dpt/cxnust11101.htm
2024-11-17 19:15:01,477 - INFO - 1 instances updated to ./data_container/24_11_17_18_21_43/24-25_cx_s_su796.htm.csv.
2024-11-17 19:15:01,507 - INFO - Visiting: http://www.drps.ed.ac.uk/24-25/dpt/cxnust11126.htm
2024-11-17 19:15:05,410 - INFO - 1 instances updated to ./data_container/24_11_17_18_21_43/24-25_cx_s_su796.htm.csv.
2024-11-17 19:15:05,447 - INFO - Visiting: http://www.drps.ed.ac.uk/24-25/dpt/cxnust11103.htm
2024-11-17 19:15:09,171 - INFO - 1 instances updated to ./data_container/24_11_17_18_21_43/24-25_cx_s_su796.htm.csv.
2024-11-17 19:15:09,229 - INFO - Visiting: http://www.drps.ed.ac.uk/24-25/dpt/cxnust11100.htm
2024-11-17 19:15:12,680 - INFO - 1 instances updated to ./data_container/24_11_17_18_21_43/24-25_cx_s_su796.htm.csv.
2024-11-17 19:15:12,695 - INFO - Visiting: http://www.drps.ed.ac.uk/24-25/dpt/cxnust11119.htm
2024-11-17 19:15:16,404 - INFO - 1 instances updated to ./data_container/24_11_17_18_21_43/24-25_cx_s_su796.htm.csv.
2024-11-17 19:15:16,434 - INFO - Visiting: http://www.drps.ed.ac.uk/24-25/dpt/cxnust11081.htm
2024-11-17 19:15:19,573 - INFO - 1 instances updated to ./data_container/24_11_17_18_21_43/24-25_cx_s_su796.htm.csv.
2024-11-17 19:15:19,603 - INFO - Visiting: http://www.drps.ed.ac.uk/24-25/dpt/cxnust11097.htm
2024-11-17 19:15:23,260 - INFO - 1 instances updated to ./data_container/24_11_17_18_21_43/24-25_cx_s_su796.htm.csv.
2024-11-17 19:15:23,290 - INFO - Visiting: http://www.drps.ed.ac.uk/24-25/dpt/cxnust11104.htm
2024-11-17 19:15:26,974 - INFO - 1 instances updated to ./data_container/24_11_17_18_21_43/24-25_cx_s_su796.htm.csv.
2024-11-17 19:15:26,988 - INFO - Visiting: http://www.drps.ed.ac.uk/24-25/dpt/cxnust11130.htm
2024-11-17 19:15:30,202 - INFO - 1 instances updated to ./data_container/24_11_17_18_21_43/24-25_cx_s_su796.htm.csv.
2024-11-17 19:15:30,240 - INFO - Visiting: http://www.drps.ed.ac.uk/24-25/dpt/cxnust11114.htm
2024-11-17 19:15:33,824 - INFO - 1 instances updated to ./data_container/24_11_17_18_21_43/24-25_cx_s_su796.htm.csv.
2024-11-17 19:15:33,838 - INFO - Visiting: http://www.drps.ed.ac.uk/24-25/dpt/cxnust11083.htm
2024-11-17 19:15:36,872 - INFO - 1 instances updated to ./data_container/24_11_17_18_21_43/24-25_cx_s_su796.htm.csv.
2024-11-17 19:15:36,903 - INFO - Visiting: http://www.drps.ed.ac.uk/24-25/dpt/cxnust11120.htm
2024-11-17 19:15:46,156 - INFO - 1 instances updated to ./data_container/24_11_17_18_21_43/24-25_cx_s_su796.htm.csv.
2024-11-17 19:15:46,191 - INFO - Visiting: http://www.drps.ed.ac.uk/24-25/dpt/cxnust11117.htm
2024-11-17 19:15:49,610 - INFO - 1 instances updated to ./data_container/24_11_17_18_21_43/24-25_cx_s_su796.htm.csv.
2024-11-17 19:15:49,642 - INFO - Visiting: http://www.drps.ed.ac.uk/24-25/dpt/cxnust11059.htm
2024-11-17 19:15:52,964 - INFO - 1 instances updated to ./data_container/24_11_17_18_21_43/24-25_cx_s_su796.htm.csv.
2024-11-17 19:15:52,994 - INFO - Visiting: http://www.drps.ed.ac.uk/24-25/dpt/cxnust11060.htm
2024-11-17 19:15:56,729 - INFO - 1 instances updated to ./data_container/24_11_17_18_21_43/24-25_cx_s_su796.htm.csv.
2024-11-17 19:15:56,760 - INFO - Visiting: http://www.drps.ed.ac.uk/24-25/dpt/cxnust11118.htm
2024-11-17 19:16:00,273 - INFO - 1 instances updated to ./data_container/24_11_17_18_21_43/24-25_cx_s_su796.htm.csv.
2024-11-17 19:16:00,306 - INFO - Visiting: http://www.drps.ed.ac.uk/24-25/dpt/cxnust11078.htm
2024-11-17 19:16:03,673 - INFO - 1 instances updated to ./data_container/24_11_17_18_21_43/24-25_cx_s_su796.htm.csv.
2024-11-17 19:16:03,704 - INFO - Visiting: http://www.drps.ed.ac.uk/24-25/dpt/cxnust11077.htm
2024-11-17 19:16:07,206 - INFO - 1 instances updated to ./data_container/24_11_17_18_21_43/24-25_cx_s_su796.htm.csv.
2024-11-17 19:16:09,917 - INFO - Visiting: http://www.drps.ed.ac.uk/24-25/dpt/cxnust11052.htm
2024-11-17 19:16:13,146 - INFO - 1 instances updated to ./data_container/24_11_17_18_21_43/24-25_cx_s_su796.htm.csv.
2024-11-17 19:16:13,176 - INFO - Visiting: http://www.drps.ed.ac.uk/24-25/dpt/cxnust11098.htm
2024-11-17 19:16:17,226 - INFO - 1 instances updated to ./data_container/24_11_17_18_21_43/24-25_cx_s_su796.htm.csv.
2024-11-17 19:16:17,242 - INFO - Visiting: http://www.drps.ed.ac.uk/24-25/dpt/cxnust11075.htm
2024-11-17 19:16:20,801 - INFO - 1 instances updated to ./data_container/24_11_17_18_21_43/24-25_cx_s_su796.htm.csv.
2024-11-17 19:16:20,831 - INFO - Visiting: http://www.drps.ed.ac.uk/24-25/dpt/cxnust11108.htm
2024-11-17 19:16:25,473 - INFO - 1 instances updated to ./data_container/24_11_17_18_21_43/24-25_cx_s_su796.htm.csv.
2024-11-17 19:16:25,502 - INFO - Visiting: http://www.drps.ed.ac.uk/24-25/dpt/cxnust11108.htm
2024-11-17 19:16:29,604 - INFO - 1 instances updated to ./data_container/24_11_17_18_21_43/24-25_cx_s_su796.htm.csv.
2024-11-17 19:16:29,634 - INFO - Visiting: http://www.drps.ed.ac.uk/24-25/dpt/cxnust11013.htm
2024-11-17 19:16:32,897 - INFO - 1 instances updated to ./data_container/24_11_17_18_21_43/24-25_cx_s_su796.htm.csv.
2024-11-17 19:16:32,928 - INFO - Visiting: http://www.drps.ed.ac.uk/24-25/dpt/cxnust11094.htm
2024-11-17 19:16:37,194 - INFO - 1 instances updated to ./data_container/24_11_17_18_21_43/24-25_cx_s_su796.htm.csv.
2024-11-17 19:16:37,227 - INFO - Visiting: http://www.drps.ed.ac.uk/24-25/dpt/cxnust11084.htm
2024-11-17 19:16:41,455 - INFO - 1 instances updated to ./data_container/24_11_17_18_21_43/24-25_cx_s_su796.htm.csv.
2024-11-17 19:16:41,455 - INFO - Mining for keywords Accessibility,Inclusive design,Disability rights,Adaptive tools is success.
2024-11-17 19:16:41,555 - INFO - Visiting: http://www.drps.ed.ac.uk/24-25/dpt/cx_sb_shss.htm
2024-11-17 19:16:41,626 - INFO - Visiting: http://www.drps.ed.ac.uk/24-25/dpt/cxshss08004.htm
2024-11-17 19:16:44,800 - INFO - 1 instances updated to ./data_container/24_11_17_18_21_43/24-25_cx_s_su796.htm.csv.
2024-11-17 19:16:44,829 - INFO - Visiting: http://www.drps.ed.ac.uk/24-25/dpt/cxshss08008.htm
2024-11-17 19:16:47,786 - INFO - 1 instances updated to ./data_container/24_11_17_18_21_43/24-25_cx_s_su796.htm.csv.
2024-11-17 19:16:47,819 - INFO - Visiting: http://www.drps.ed.ac.uk/24-25/dpt/cxshss08002.htm
2024-11-17 19:16:51,223 - INFO - 1 instances updated to ./data_container/24_11_17_18_21_43/24-25_cx_s_su796.htm.csv.
2024-11-17 19:16:51,258 - INFO - Visiting: http://www.drps.ed.ac.uk/24-25/dpt/cxshss08006.htm
2024-11-17 19:16:54,936 - INFO - 1 instances updated to ./data_container/24_11_17_18_21_43/24-25_cx_s_su796.htm.csv.
2024-11-17 19:16:54,970 - INFO - Visiting: http://www.drps.ed.ac.uk/24-25/dpt/cxshss08005.htm
2024-11-17 19:16:58,036 - INFO - 1 instances updated to ./data_container/24_11_17_18_21_43/24-25_cx_s_su796.htm.csv.
2024-11-17 19:16:58,051 - INFO - Visiting: http://www.drps.ed.ac.uk/24-25/dpt/cxshss08003.htm
2024-11-17 19:17:02,866 - INFO - 1 instances updated to ./data_container/24_11_17_18_21_43/24-25_cx_s_su796.htm.csv.
2024-11-17 19:17:03,245 - INFO - Visiting: http://www.drps.ed.ac.uk/24-25/dpt/cxshss08001.htm
2024-11-17 19:17:06,520 - INFO - 1 instances updated to ./data_container/24_11_17_18_21_43/24-25_cx_s_su796.htm.csv.
2024-11-17 19:17:06,564 - INFO - Visiting: http://www.drps.ed.ac.uk/24-25/dpt/cxshss08007.htm
2024-11-17 19:17:11,983 - INFO - 1 instances updated to ./data_container/24_11_17_18_21_43/24-25_cx_s_su796.htm.csv.
2024-11-17 19:17:11,998 - INFO - Visiting: http://www.drps.ed.ac.uk/24-25/dpt/cxshss10008.htm
2024-11-17 19:17:16,055 - INFO - 1 instances updated to ./data_container/24_11_17_18_21_43/24-25_cx_s_su796.htm.csv.
2024-11-17 19:17:16,087 - INFO - Visiting: http://www.drps.ed.ac.uk/24-25/dpt/cxshss10011.htm
2024-11-17 19:17:19,787 - INFO - 1 instances updated to ./data_container/24_11_17_18_21_43/24-25_cx_s_su796.htm.csv.
2024-11-17 19:17:19,819 - INFO - Visiting: http://www.drps.ed.ac.uk/24-25/dpt/cxshss10003.htm
2024-11-17 19:17:23,095 - INFO - 1 instances updated to ./data_container/24_11_17_18_21_43/24-25_cx_s_su796.htm.csv.
2024-11-17 19:17:23,112 - INFO - Visiting: http://www.drps.ed.ac.uk/24-25/dpt/cxshss10007.htm
2024-11-17 19:17:26,719 - INFO - 1 instances updated to ./data_container/24_11_17_18_21_43/24-25_cx_s_su796.htm.csv.
2024-11-17 19:17:26,733 - INFO - Visiting: http://www.drps.ed.ac.uk/24-25/dpt/cxshss10009.htm
2024-11-17 19:17:30,605 - INFO - 1 instances updated to ./data_container/24_11_17_18_21_43/24-25_cx_s_su796.htm.csv.
2024-11-17 19:17:30,680 - INFO - Visiting: http://www.drps.ed.ac.uk/24-25/dpt/cxshss10012.htm
2024-11-17 19:17:34,218 - INFO - 1 instances updated to ./data_container/24_11_17_18_21_43/24-25_cx_s_su796.htm.csv.
2024-11-17 19:17:34,233 - INFO - Visiting: http://www.drps.ed.ac.uk/24-25/dpt/cxshss10010.htm
2024-11-17 19:17:37,796 - INFO - 1 instances updated to ./data_container/24_11_17_18_21_43/24-25_cx_s_su796.htm.csv.
2024-11-17 19:17:37,814 - INFO - Visiting: http://www.drps.ed.ac.uk/24-25/dpt/cxshss10006.htm
2024-11-17 19:17:41,240 - INFO - 1 instances updated to ./data_container/24_11_17_18_21_43/24-25_cx_s_su796.htm.csv.
2024-11-17 19:17:41,270 - INFO - Visiting: http://www.drps.ed.ac.uk/24-25/dpt/cxshss10005.htm
2024-11-17 19:17:44,941 - INFO - 1 instances updated to ./data_container/24_11_17_18_21_43/24-25_cx_s_su796.htm.csv.
2024-11-17 19:17:44,998 - INFO - Visiting: http://www.drps.ed.ac.uk/24-25/dpt/cxshss10004.htm
2024-11-17 19:17:48,802 - INFO - 1 instances updated to ./data_container/24_11_17_18_21_43/24-25_cx_s_su796.htm.csv.
2024-11-17 19:17:48,833 - INFO - Visiting: http://www.drps.ed.ac.uk/24-25/dpt/cxshss10001.htm
2024-11-17 19:17:51,614 - INFO - 1 instances updated to ./data_container/24_11_17_18_21_43/24-25_cx_s_su796.htm.csv.
2024-11-17 19:17:51,656 - INFO - Visiting: http://www.drps.ed.ac.uk/24-25/dpt/cxshss10002.htm
2024-11-17 19:17:55,257 - INFO - 1 instances updated to ./data_container/24_11_17_18_21_43/24-25_cx_s_su796.htm.csv.
2024-11-17 19:17:55,272 - INFO - Visiting: http://www.drps.ed.ac.uk/24-25/dpt/cxshss11006.htm
2024-11-17 19:17:58,289 - INFO - 1 instances updated to ./data_container/24_11_17_18_21_43/24-25_cx_s_su796.htm.csv.
2024-11-17 19:17:58,317 - INFO - Visiting: http://www.drps.ed.ac.uk/24-25/dpt/cxshss11008.htm
2024-11-17 19:18:02,598 - INFO - 1 instances updated to ./data_container/24_11_17_18_21_43/24-25_cx_s_su796.htm.csv.
2024-11-17 19:18:02,628 - INFO - Visiting: http://www.drps.ed.ac.uk/24-25/dpt/cxshss11009.htm
2024-11-17 19:18:06,410 - INFO - 1 instances updated to ./data_container/24_11_17_18_21_43/24-25_cx_s_su796.htm.csv.
2024-11-17 19:18:10,705 - INFO - Visiting: http://www.drps.ed.ac.uk/24-25/dpt/cxshss11010.htm
2024-11-17 19:18:13,995 - INFO - 1 instances updated to ./data_container/24_11_17_18_21_43/24-25_cx_s_su796.htm.csv.
2024-11-17 19:18:14,025 - INFO - Visiting: http://www.drps.ed.ac.uk/24-25/dpt/cxshss11011.htm
2024-11-17 19:18:17,681 - INFO - 1 instances updated to ./data_container/24_11_17_18_21_43/24-25_cx_s_su796.htm.csv.
2024-11-17 19:18:17,699 - INFO - Visiting: http://www.drps.ed.ac.uk/24-25/dpt/cxshss11005.htm
2024-11-17 19:18:20,655 - INFO - 1 instances updated to ./data_container/24_11_17_18_21_43/24-25_cx_s_su796.htm.csv.
2024-11-17 19:18:20,687 - INFO - Visiting: http://www.drps.ed.ac.uk/24-25/dpt/cxshss11004.htm
2024-11-17 19:18:24,467 - INFO - 1 instances updated to ./data_container/24_11_17_18_21_43/24-25_cx_s_su796.htm.csv.
2024-11-17 19:18:24,498 - INFO - Visiting: http://www.drps.ed.ac.uk/24-25/dpt/cxshss11003.htm
2024-11-17 19:18:27,827 - INFO - 1 instances updated to ./data_container/24_11_17_18_21_43/24-25_cx_s_su796.htm.csv.
2024-11-17 19:18:27,867 - INFO - Visiting: http://www.drps.ed.ac.uk/24-25/dpt/cxshss11001.htm
2024-11-17 19:18:31,077 - INFO - 1 instances updated to ./data_container/24_11_17_18_21_43/24-25_cx_s_su796.htm.csv.
2024-11-17 19:18:31,107 - INFO - Visiting: http://www.drps.ed.ac.uk/24-25/dpt/cxshss11002.htm
2024-11-17 19:18:34,429 - INFO - 1 instances updated to ./data_container/24_11_17_18_21_43/24-25_cx_s_su796.htm.csv.
2024-11-17 19:18:34,430 - INFO - Mining for keywords Accessibility,Inclusive design,Disability rights,Adaptive tools is success.
